goalie_id,season,date,game_type,games_started,shots_against,goals_against
8467950,2020-21,2021-02-07,2,0,8,2
8467950,2020-21,2021-02-21,2,1,26,3
8467950,2020-21,2021-04-15,2,0,8,0
8467950,2020-21,2021-05-08,2,1,29,1
8467950,2020-21,2021-05-15,3,0,22,1
8467950,2020-21,2021-05-17,3,1,48,4
8467950,2021-22,2021-10-14,2,1,31,1
8467950,2021-22,2021-10-19,2,1,34,2
8467950,2021-22,2021-10-22,2,1,25,3
8467950,2021-22,2021-10-25,2,1,36,1
8467950,2021-22,2021-10-28,2,1,37,3
8467950,2021-22,2021-11-02,2,1,27,5
8467950,2021-22,2022-01-29,2,1,28,1
8467950,2021-22,2022-02-01,2,1,35,5
8467950,2021-22,2022-02-13,2,1,32,3
8467950,2021-22,2022-02-17,2,1,27,2
8467950,2021-22,2022-02-20,2,1,38,6
8467950,2021-22,2022-02-23,2,1,28,3
8467950,2021-22,2022-02-27,2,1,31,4
8467950,2021-22,2022-03-02,2,1,30,1
8467950,2021-22,2022-03-04,2,1,33,4
8467950,2021-22,2022-03-07,2,1,31,6
8467950,2021-22,2022-03-10,2,1,31,1
8467950,2021-22,2022-03-13,2,1,36,2
8467950,2021-22,2022-03-17,2,1,36,6
8467950,2021-22,2022-03-20,2,1,32,2
8467950,2021-22,2022-03-23,2,1,26,3
8467950,2021-22,2022-03-27,2,1,31,5
8467950,2021-22,2022-03-30,2,1,27,2
8467950,2021-22,2022-04-01,2,1,25,3
8467950,2021-22,2022-04-05,2,1,34,2
8467950,2021-22,2022-04-07,2,1,31,4
8467950,2021-22,2022-04-10,2,1,28,5
8467950,2021-22,2022-04-12,2,1,26,2
8467950,2021-22,2022-04-14,2,1,27,5
8467950,2021-22,2022-04-16,2,1,21,3
8467950,2021-22,2022-04-21,2,1,31,2
8467950,2022-23,2022-10-13,2,1,36,1
8467950,2022-23,2022-10-22,2,1,30,1
8467950,2022-23,2022-10-29,2,1,26,3
8467950,2022-23,2022-11-04,2,1,32,4
8467950,2022-23,2022-11-12,2,1,30,3
8467950,2022-23,2022-11-15,2,1,32,5
8467950,2022-23,2022-11-16,2,0,15,1
8467950,2022-23,2022-11-22,2,1,31,2
8467950,2022-23,2022-11-25,2,1,44,3
8467950,2022-23,2022-11-30,2,1,45,4
8467950,2022-23,2022-12-09,2,1,33,4
8467950,2022-23,2022-12-13,2,1,40,0
8467950,2022-23,2022-12-17,2,1,31,2
8467950,2022-23,2023-01-01,2,1,32,2
8467950,2022-23,2023-01-09,2,1,38,4
8467950,2022-23,2023-01-17,2,1,26,4
8467950,2022-23,2023-01-23,2,1,31,2
8467950,2022-23,2023-02-13,2,1,28,5
8467950,2022-23,2023-02-21,2,0,18,1
8467950,2022-23,2023-02-24,2,1,50,1
8467950,2022-23,2023-02-28,2,1,35,4
8467950,2022-23,2023-03-06,2,1,37,3
8467950,2022-23,2023-03-13,2,1,28,3
8467950,2022-23,2023-03-17,2,1,22,5
8467950,2022-23,2023-03-21,2,1,20,6
8467950,2022-23,2023-04-13,2,1,33,3
8469608,2020-21,2021-02-08,2,1,28,1
8469608,2020-21,2021-02-11,2,1,38,0
8469608,2020-21,2021-02-15,2,1,11,4
8469608,2020-21,2021-02-17,2,1,35,2
8469608,2020-21,2021-02-19,2,1,21,1
8469608,2020-21,2021-02-23,2,1,33,3
8469608,2020-21,2021-02-25,2,1,32,0
8469608,2020-21,2021-02-27,2,1,29,4
8469608,2020-21,2021-03-01,2,0,13,0
8469608,2020-21,2021-03-03,2,1,32,6
8469608,2020-21,2021-03-06,2,1,36,2
8469608,2020-21,2021-03-10,2,1,22,1
8469608,2020-21,2021-03-12,2,1,25,2
8469608,2020-21,2021-03-15,2,1,27,4
8469608,2020-21,2021-03-17,2,1,33,3
8469608,2020-21,2021-03-20,2,1,31,2
8469608,2020-21,2021-03-27,2,1,31,4
8469608,2020-21,2021-03-29,2,1,31,2
8469608,2020-21,2021-04-02,2,1,26,2
8469608,2020-21,2021-04-05,2,1,32,3
8469608,2020-21,2021-04-08,2,1,40,1
8469608,2020-21,2021-04-10,2,1,32,5
8469608,2020-21,2021-04-17,2,1,26,0
8469608,2020-21,2021-04-19,2,1,23,1
8469608,2020-21,2021-04-21,2,1,31,4
8469608,2020-21,2021-04-26,2,1,37,1
8469608,2020-21,2021-04-29,2,1,30,3
8469608,2020-21,2021-05-01,2,1,30,1
8469608,2020-21,2021-05-04,2,1,29,1
8469608,2020-21,2021-05-06,2,0,23,2
8469608,2020-21,2021-05-08,2,1,25,3
8469608,2020-21,2021-05-12,2,1,29,3
8469608,2020-21,2021-05-19,3,1,20,2
8469608,2020-21,2021-05-21,3,1,36,1
8469608,2020-21,2021-05-23,3,1,37,5
8469608,2020-21,2021-05-24,3,1,43,4
8469608,2021-22,2021-10-13,2,1,38,2
8469608,2021-22,2021-10-16,2,1,47,2
8469608,2021-22,2021-10-19,2,1,15,4
8469608,2021-22,2021-12-29,2,1,33,4
8469608,2021-22,2021-12-31,2,1,41,6
8469608,2021-22,2022-01-05,2,1,32,3
8469608,2021-22,2022-02-08,2,1,28,4
8469608,2021-22,2022-02-09,2,1,30,4
8469608,2021-22,2022-02-11,2,1,38,1
8469608,2021-22,2022-02-15,2,1,32,2
8469608,2021-22,2022-02-17,2,1,30,3
8469608,2021-22,2022-02-20,2,1,7,4
8469608,2021-22,2022-02-23,2,1,22,4
8469608,2021-22,2022-02-27,2,1,29,2
8469608,2021-22,2022-03-05,2,1,28,4
8469608,2021-22,2022-03-17,2,1,28,1
8469608,2021-22,2022-03-21,2,1,31,3
8469608,2021-22,2022-03-24,2,1,30,2
8469608,2021-22,2022-03-26,2,0,26,4
8469608,2021-22,2022-04-01,2,1,36,5
8469608,2021-22,2022-04-03,2,1,32,1
8469608,2021-22,2022-04-05,2,1,32,1
8469608,2021-22,2022-04-07,2,1,33,2
8469608,2021-22,2022-04-14,2,1,30,0
8469608,2021-22,2022-04-16,2,1,39,0
8469608,2021-22,2022-04-20,2,1,36,2
8469608,2021-22,2022-04-22,2,1,37,3
8469608,2021-22,2022-04-26,2,1,34,1
8469608,2021-22,2022-05-02,3,1,35,4
8469608,2021-22,2022-05-04,3,1,30,0
8469608,2021-22,2022-05-06,3,1,46,2
8469608,2021-22,2022-05-08,3,1,45,3
8469608,2021-22,2022-05-10,3,1,43,5
8469608,2021-22,2022-05-12,3,1,32,2
8469608,2021-22,2022-05-14,3,1,29,0
8469608,2021-22,2022-05-18,3,1,10,3
8469608,2021-22,2022-05-20,3,1,40,3
8469608,2021-22,2022-05-22,3,1,33,1
8469608,2021-22,2022-05-24,3,1,32,3
8469608,2021-22,2022-05-26,3,1,36,4
8469608,2021-22,2022-05-31,3,1,25,6
8469608,2021-22,2022-06-02,3,1,40,4
8469608,2021-22,2022-06-04,3,1,42,3
8469608,2021-22,2022-06-06,3,1,42,6
8470594,2020-21,2021-01-16,2,1,22,1
8470594,2020-21,2021-01-20,2,1,23,2
8470594,2020-21,2021-01-24,2,1,16,0
8470594,2020-21,2021-02-05,2,1,29,2
8470594,2020-21,2021-02-09,2,1,23,4
8470594,2020-21,2021-02-11,2,1,28,1
8470594,2020-21,2021-02-13,2,1,25,1
8470594,2020-21,2021-02-14,2,1,30,0
8470594,2020-21,2021-02-16,2,1,25,3
8470594,2020-21,2021-02-20,2,1,39,3
8470594,2020-21,2021-02-22,2,1,34,0
8470594,2020-21,2021-02-27,2,1,30,2
8470594,2020-21,2021-03-01,2,1,30,4
8470594,2020-21,2021-03-03,2,1,37,1
8470594,2020-21,2021-03-06,2,1,24,0
8470594,2020-21,2021-03-08,2,1,21,1
8470594,2020-21,2021-03-10,2,1,29,4
8470594,2020-21,2021-03-12,2,1,23,4
8470594,2020-21,2021-03-13,2,1,35,1
8470594,2020-21,2021-03-15,2,1,24,1
8470594,2020-21,2021-03-17,2,1,33,4
8470594,2020-21,2021-03-21,2,1,31,3
8470594,2020-21,2021-03-25,2,1,32,5
8470594,2020-21,2021-03-27,2,1,24,2
8470594,2020-21,2021-03-31,2,1,30,4
8470594,2020-21,2021-04-03,2,1,27,2
8470594,2020-21,2021-04-07,2,1,35,3
8470594,2020-21,2021-04-11,2,1,14,0
8470594,2020-21,2021-04-14,2,1,22,2
8470594,2020-21,2021-04-18,2,1,35,2
8470594,2020-21,2021-04-21,2,1,33,2
8470594,2020-21,2021-04-28,2,1,37,2
8470594,2020-21,2021-05-01,2,1,21,2
8470594,2020-21,2021-05-05,2,1,28,2
8470594,2020-21,2021-05-08,2,1,21,1
8470594,2020-21,2021-05-12,2,1,19,0
8470594,2020-21,2021-05-16,3,1,30,1
8470594,2020-21,2021-05-18,3,1,35,1
8470594,2020-21,2021-05-20,3,1,16,2
8470594,2020-21,2021-05-22,3,1,35,0
8470594,2020-21,2021-05-24,3,1,13,3
8470594,2020-21,2021-05-26,3,1,24,3
8470594,2020-21,2021-05-28,3,1,20,2
8470594,2020-21,2021-06-02,3,1,25,3
8470594,2020-21,2021-06-04,3,1,20,2
8470594,2020-21,2021-06-06,3,1,18,1
8470594,2020-21,2021-06-08,3,1,30,2
8470594,2020-21,2021-06-10,3,1,33,3
8470594,2020-21,2021-06-14,3,1,29,1
8470594,2020-21,2021-06-16,3,1,23,3
8470594,2020-21,2021-06-18,3,1,27,3
8470594,2020-21,2021-06-22,3,1,25,3
8470594,2021-22,2021-10-13,2,1,36,4
8470594,2021-22,2021-10-16,2,1,10,4
8470594,2021-22,2021-10-19,2,1,29,4
8470594,2021-22,2021-10-24,2,1,37,6
8470594,2021-22,2021-10-30,2,1,37,1
8470594,2021-22,2021-11-01,2,1,30,1
8470594,2021-22,2021-11-03,2,1,32,4
8470594,2021-22,2021-11-05,2,1,33,5
8470594,2021-22,2021-11-09,2,1,44,2
8470594,2021-22,2021-11-12,2,1,23,1
8470594,2021-22,2021-11-17,2,1,33,2
8470594,2021-22,2021-11-21,2,1,40,0
8470594,2021-22,2021-11-23,2,1,37,3
8470594,2021-22,2021-11-28,2,1,21,1
8470594,2021-22,2021-12-02,2,1,28,3
8470594,2021-22,2021-12-05,2,1,24,2
8470594,2021-22,2021-12-07,2,1,29,5
8470594,2021-22,2021-12-09,2,1,30,0
8470594,2021-22,2021-12-15,2,1,46,4
8470594,2021-22,2021-12-17,2,1,31,3
8470594,2021-22,2022-01-04,2,1,33,4
8470594,2021-22,2022-01-06,2,1,25,5
8470594,2021-22,2022-01-08,2,1,31,1
8470594,2021-22,2022-01-11,2,1,26,2
8470594,2021-22,2022-01-13,2,1,29,2
8470594,2021-22,2022-01-15,2,1,37,0
8470594,2021-22,2022-01-17,2,1,37,2
8470594,2021-22,2022-01-21,2,1,13,4
8470594,2021-22,2022-01-24,2,1,29,2
8470594,2021-22,2022-01-26,2,1,33,5
8470594,2021-22,2022-01-28,2,1,25,4
8470594,2021-22,2022-01-31,2,1,31,2
8470594,2021-22,2022-02-02,2,1,30,5
8470594,2021-22,2022-02-09,2,1,41,1
8470594,2021-22,2022-02-12,2,1,31,5
8470594,2021-22,2022-02-14,2,1,32,1
8470594,2021-22,2022-02-18,2,1,29,0
8470594,2021-22,2022-02-20,2,1,23,3
8470594,2021-22,2022-02-27,2,1,35,4
8470594,2021-22,2022-03-03,2,1,32,3
8470594,2021-22,2022-03-06,2,1,32,6
8470594,2021-22,2022-03-08,2,1,32,3
8470594,2021-22,2022-03-12,2,1,23,3
8470594,2021-22,2022-03-15,2,1,48,2
8470594,2021-22,2022-03-20,2,1,31,5
8470594,2021-22,2022-03-26,2,1,25,2
8470594,2021-22,2022-03-29,2,1,33,1
8470594,2021-22,2022-04-02,2,1,38,1
8470594,2021-22,2022-04-05,2,1,32,5
8470594,2021-22,2022-04-10,2,1,34,3
8470594,2021-22,2022-04-14,2,1,36,2
8470594,2021-22,2022-04-17,2,1,30,4
8470594,2021-22,2022-04-22,2,1,28,3
8470594,2021-22,2022-04-24,2,1,25,4
8470594,2021-22,2022-04-26,2,1,25,4
8470594,2021-22,2022-04-29,2,1,28,1
8470594,2021-22,2022-05-02,3,1,31,4
8470594,2021-22,2022-05-04,3,1,34,2
8470594,2021-22,2022-05-06,3,1,30,1
8470594,2021-22,2022-05-08,3,1,33,4
8470594,2021-22,2022-05-10,3,1,31,4
8470594,2022-23,2022-10-13,2,1,35,7
8470594,2022-23,2022-10-15,2,1,14,4
8470594,2022-23,2022-10-20,2,1,26,3
8470594,2022-23,2022-10-22,2,1,43,4
8470594,2022-23,2022-10-25,2,1,27,1
8470594,2022-23,2022-10-27,2,1,29,2
8470594,2022-23,2022-10-30,2,1,26,3
8470594,2022-23,2022-11-01,2,1,35,1
8470594,2022-23,2022-11-03,2,1,23,4
8470594,2022-23,2022-11-08,2,1,30,1
8470594,2022-23,2022-11-11,2,1,28,0
8470594,2022-23,2022-11-15,2,1,25,2
8470594,2022-23,2022-11-25,2,1,28,4
8470594,2022-23,2022-11-27,2,1,23,3
8470594,2022-23,2022-12-01,2,1,21,3
8470594,2022-23,2022-12-04,2,1,35,5
8470594,2022-23,2022-12-07,2,1,26,4
8470594,2022-23,2022-12-09,2,1,37,4
8470594,2022-23,2022-12-12,2,1,21,1
8470594,2022-23,2022-12-16,2,1,30,1
8470594,2022-23,2022-12-21,2,1,22,1
8470594,2022-23,2022-12-29,2,1,42,3
8470594,2022-23,2022-12-31,2,1,31,2
8470594,2022-23,2023-01-04,2,0,0,0
8470594,2022-23,2023-01-07,2,1,37,6
8470594,2022-23,2023-01-10,2,1,43,3
8470594,2022-23,2023-01-14,2,1,28,1
8470594,2022-23,2023-01-19,2,1,29,5
8470594,2022-23,2023-01-24,2,1,38,3
8470594,2022-23,2023-01-26,2,1,30,2
8470594,2022-23,2023-01-28,2,1,31,2
8470594,2022-23,2023-02-06,2,1,36,3
8470594,2022-23,2023-02-09,2,1,23,5
8470594,2022-23,2023-02-15,2,1,19,3
8470594,2022-23,2023-02-23,2,1,30,0
8470594,2022-23,2023-02-26,2,1,24,2
8470594,2022-23,2023-03-02,2,1,22,1
8470594,2022-23,2023-03-08,2,1,48,2
8470594,2022-23,2023-03-11,2,1,37,2
8470594,2022-23,2023-03-15,2,1,36,5
8470594,2022-23,2023-03-19,2,1,36,3
8470594,2022-23,2023-03-23,2,1,34,4
8470594,2022-23,2023-03-27,2,1,36,1
8470594,2022-23,2023-04-01,2,1,42,3
8470594,2022-23,2023-04-06,2,1,31,4
8470594,2022-23,2023-04-11,2,1,20,3
8470594,2022-23,2023-04-19,3,1,31,7
8470594,2022-23,2023-04-28,3,0,6,0
8470594,2023-24,2023-10-17,2,1,28,2
8470594,2023-24,2023-10-19,2,1,25,5
8470594,2023-24,2023-10-27,2,1,33,2
8470594,2023-24,2023-10-29,2,1,30,4
8470594,2023-24,2023-11-04,2,0,14,1
8470594,2023-24,2023-11-07,2,1,29,2
8470594,2023-24,2023-11-09,2,1,27,3
8470594,2023-24,2023-11-12,2,1,37,8
8470594,2023-24,2023-11-19,2,1,25,4
8470594,2023-24,2023-12-03,2,1,29,1
8470594,2023-24,2023-12-08,2,1,40,4
8470594,2023-24,2023-12-19,2,1,43,3
8470594,2023-24,2023-12-23,2,1,21,2
8470594,2023-24,2023-12-30,2,0,10,1
8470594,2023-24,2023-12-31,2,1,29,3
8470594,2023-24,2024-01-02,2,1,32,2
8470594,2023-24,2024-01-04,2,1,29,3
8470594,2023-24,2024-01-06,2,1,29,3
8470594,2023-24,2024-01-08,2,1,20,4
8470594,2023-24,2024-01-12,2,1,35,4
8470594,2023-24,2024-01-13,2,0,15,1
8470594,2023-24,2024-01-15,2,1,21,0
8470594,2023-24,2024-01-19,2,1,11,1
8470594,2023-24,2024-02-09,2,1,36,2
8470594,2023-24,2024-02-14,2,1,26,1
8470594,2023-24,2024-02-19,2,0,8,2
8470594,2023-24,2024-02-20,2,1,29,5
8470594,2023-24,2024-02-24,2,1,32,2
8470594,2023-24,2024-03-02,2,1,26,2
8470594,2023-24,2024-03-07,2,1,25,2
8470594,2023-24,2024-03-10,2,1,30,3
8470594,2023-24,2024-03-12,2,1,23,1
8470594,2023-24,2024-03-14,2,1,16,0
8470594,2023-24,2024-03-16,2,1,37,2
8470594,2023-24,2024-03-20,2,1,16,5
8470594,2023-24,2024-03-23,2,1,27,5
8470594,2023-24,2024-04-02,2,1,32,2
8470594,2023-24,2024-04-06,2,1,25,4
8470594,2023-24,2024-04-12,2,1,30,7
8470594,2023-24,2024-04-18,2,1,26,3
8470594,2024-25,2024-10-12,2,1,34,4
8470594,2024-25,2024-10-24,2,1,26,2
8470594,2024-25,2024-10-29,2,1,29,3
8470594,2024-25,2024-11-07,2,1,26,2
8470594,2024-25,2024-11-21,2,1,31,3
8470594,2024-25,2024-11-29,2,1,23,2
8470594,2024-25,2024-12-07,2,1,32,2
8470594,2024-25,2024-12-12,2,0,9,2
8470594,2024-25,2024-12-14,2,1,22,1
8470594,2024-25,2024-12-18,2,1,33,6
8470594,2024-25,2024-12-20,2,1,18,2
8470594,2024-25,2025-01-02,2,1,31,3
8470594,2024-25,2025-01-07,2,0,15,0
8470594,2024-25,2025-01-11,2,1,37,1
8470594,2024-25,2025-01-18,2,1,37,5
8470594,2024-25,2025-01-20,2,1,27,1
8470594,2024-25,2025-01-25,2,1,29,5
8470594,2024-25,2025-01-30,2,1,19,0
8470594,2024-25,2025-02-04,2,1,34,2
8470594,2024-25,2025-02-22,2,1,30,3
8470594,2024-25,2025-02-27,2,1,31,6
8470594,2024-25,2025-03-09,2,1,21,2
8470594,2024-25,2025-03-25,2,1,37,4
8470594,2024-25,2025-04-09,2,1,31,7
8470594,2024-25,2025-04-11,2,0,3,0
8470594,2024-25,2025-04-15,2,0,5,0
8470594,2024-25,2025-04-29,3,0,7,1
8470860,2020-21,2021-01-16,2,1,31,2
8470860,2020-21,2021-01-23,2,1,17,1
8470860,2020-21,2021-01-28,2,1,17,1
8470860,2020-21,2021-02-01,2,1,26,3
8470860,2020-21,2021-02-12,2,1,21,0
8470860,2020-21,2021-02-18,2,1,26,3
8470860,2020-21,2021-02-25,2,1,37,7
8470860,2020-21,2021-03-05,2,1,32,1
8470860,2020-21,2021-03-09,2,1,27,1
8470860,2020-21,2021-03-11,2,1,27,0
8470860,2020-21,2021-03-13,2,1,33,4
8470860,2020-21,2021-03-15,2,1,25,3
8470860,2020-21,2021-03-18,2,1,24,1
8470860,2020-21,2021-03-25,2,0,21,4
8470860,2020-21,2021-03-28,2,1,29,1
8470860,2020-21,2021-03-30,2,1,35,4
8470860,2020-21,2021-04-03,2,1,28,5
8470860,2020-21,2021-04-23,2,0,5,1
8470860,2020-21,2021-05-04,2,1,21,4
8470860,2021-22,2021-10-16,2,1,20,2
8470860,2021-22,2021-10-28,2,1,28,2
8470860,2021-22,2021-11-09,2,1,30,3
8470860,2021-22,2021-11-11,2,0,9,1
8470860,2021-22,2021-11-14,2,1,37,4
8470860,2021-22,2021-11-28,2,1,42,3
8470860,2021-22,2021-12-14,2,1,23,3
8470860,2021-22,2021-12-30,2,1,35,1
8470860,2021-22,2022-01-31,2,1,21,1
8470860,2021-22,2022-02-09,2,1,12,5
8470860,2021-22,2022-02-19,2,0,11,2
8470860,2021-22,2022-02-28,2,1,14,6
8470860,2021-22,2022-03-19,2,0,15,1
8470860,2021-22,2022-03-23,2,1,33,1
8470860,2021-22,2022-03-28,2,1,28,3
8470860,2021-22,2022-04-07,2,1,28,1
8470860,2021-22,2022-04-19,2,1,14,0
8470860,2022-23,2022-10-14,2,1,33,3
8470860,2022-23,2022-10-23,2,1,21,5
8470860,2022-23,2022-10-26,2,1,29,3
8470860,2022-23,2022-11-06,2,1,36,3
8470860,2022-23,2022-11-12,2,1,18,2
8470860,2022-23,2022-11-23,2,1,22,3
8470860,2022-23,2022-11-30,2,1,35,1
8470860,2022-23,2022-12-03,2,1,20,4
8470860,2022-23,2022-12-17,2,1,32,3
8470860,2022-23,2023-01-01,2,1,35,3
8470860,2022-23,2023-01-05,2,1,18,1
8470860,2022-23,2023-01-16,2,1,25,1
8470860,2022-23,2023-01-27,2,1,34,1
8470860,2022-23,2023-02-06,2,1,32,4
8470860,2022-23,2023-02-11,2,1,29,2
8470860,2022-23,2023-02-18,2,1,32,3
8470860,2022-23,2023-02-23,2,1,23,4
8470860,2022-23,2023-02-25,2,0,5,1
8470860,2022-23,2023-03-02,2,1,33,4
8470860,2022-23,2023-03-12,2,1,35,3
8470860,2022-23,2023-03-19,2,1,22,0
8470860,2022-23,2023-03-25,2,1,34,3
8470860,2022-23,2023-03-31,2,1,34,3
8470860,2022-23,2023-04-06,2,1,22,3
8470860,2022-23,2023-04-13,2,1,21,3
8470880,2020-21,2021-01-18,2,0,15,2
8470880,2020-21,2021-01-19,2,1,40,0
8470880,2020-21,2021-01-26,2,1,26,3
8470880,2020-21,2021-01-31,2,1,36,3
8470880,2020-21,2021-02-05,2,1,23,2
8470880,2020-21,2021-02-21,2,0,12,1
8470880,2020-21,2021-02-24,2,1,27,3
8470880,2020-21,2021-02-27,2,1,23,0
8470880,2020-21,2021-03-04,2,1,29,3
8470880,2020-21,2021-03-06,2,1,27,4
8470880,2020-21,2021-03-09,2,0,12,1
8470880,2020-21,2021-03-11,2,1,21,4
8470880,2020-21,2021-03-13,2,1,10,3
8470880,2020-21,2021-03-17,2,1,13,5
8470880,2020-21,2021-03-22,2,1,20,2
8470880,2020-21,2021-03-25,2,0,11,3
8470880,2020-21,2021-03-27,2,1,25,1
8470880,2020-21,2021-03-29,2,1,32,3
8470880,2020-21,2021-03-31,2,1,16,4
8470880,2020-21,2021-04-05,2,1,29,2
8470880,2020-21,2021-04-10,2,1,32,2
8470880,2020-21,2021-04-13,2,1,32,6
8470880,2020-21,2021-04-18,2,1,28,1
8470880,2020-21,2021-04-22,2,1,35,2
8470880,2020-21,2021-04-25,2,1,32,3
8470880,2020-21,2021-04-27,2,1,26,5
8470880,2020-21,2021-05-01,2,1,21,4
8470880,2020-21,2021-05-04,2,1,30,6
8470880,2020-21,2021-05-07,2,1,30,2
8470880,2020-21,2021-05-10,2,1,25,2
8470880,2021-22,2021-10-25,2,1,23,3
8470880,2021-22,2021-11-06,2,1,27,3
8470880,2021-22,2021-11-21,2,1,32,4
8470880,2021-22,2021-11-30,2,1,33,3
8470880,2021-22,2021-12-05,2,1,39,1
8470880,2021-22,2021-12-11,2,1,22,3
8470880,2021-22,2021-12-21,2,0,0,0
8470880,2021-22,2021-12-31,2,1,23,3
8470880,2021-22,2022-01-22,2,1,28,1
8470880,2021-22,2022-02-11,2,1,19,3
8470880,2021-22,2022-03-04,2,1,23,1
8470880,2021-22,2022-03-12,2,1,48,3
8470880,2021-22,2022-03-26,2,1,27,1
8470880,2021-22,2022-04-02,2,1,31,4
8470880,2021-22,2022-04-10,2,1,28,0
8470880,2021-22,2022-04-14,2,0,13,0
8470880,2021-22,2022-04-16,2,1,18,4
8470880,2021-22,2022-04-23,2,1,21,2
8470880,2021-22,2022-04-28,2,1,34,4
8470880,2022-23,2022-10-15,2,1,44,5
8470880,2022-23,2022-10-22,2,1,35,3
8470880,2022-23,2022-10-26,2,1,21,2
8470880,2022-23,2022-11-05,2,1,24,3
8470880,2022-23,2022-11-15,2,1,32,4
8470880,2022-23,2022-11-28,2,1,37,5
8470880,2022-23,2022-12-08,2,1,36,2
8470880,2022-23,2022-12-15,2,1,25,1
8470880,2022-23,2022-12-21,2,1,29,5
8470880,2022-23,2023-01-03,2,1,26,1
8470880,2022-23,2023-01-04,2,1,32,4
8470880,2022-23,2023-01-18,2,1,39,2
8470880,2022-23,2023-02-07,2,1,22,4
8470880,2022-23,2023-02-15,2,1,26,0
8470880,2022-23,2023-02-26,2,1,36,7
8470880,2022-23,2023-03-04,2,1,34,5
8470880,2022-23,2023-03-11,2,1,23,1
8470880,2022-23,2023-03-18,2,1,21,3
8470880,2022-23,2023-03-23,2,1,34,6
8470880,2022-23,2023-04-06,2,1,42,6
8470880,2022-23,2023-04-08,2,1,39,6
8470880,2022-23,2023-04-13,2,1,32,0
8471306,2020-21,2021-01-14,2,1,42,2
8471306,2020-21,2021-01-18,2,1,29,3
8471306,2020-21,2021-01-22,2,1,27,3
8471306,2020-21,2021-01-26,2,1,22,2
8471306,2020-21,2021-01-28,2,0,9,3
8471306,2020-21,2021-01-30,2,1,26,3
8471306,2020-21,2021-01-31,2,1,30,3
8471306,2020-21,2021-02-03,2,1,6,3
8471306,2020-21,2021-02-05,2,1,31,2
8471306,2020-21,2021-02-07,2,1,37,1
8471306,2020-21,2021-02-09,2,1,22,2
8471306,2020-21,2021-02-11,2,1,23,3
8471306,2020-21,2021-02-15,2,1,24,3
8471306,2020-21,2021-02-19,2,1,13,4
8471306,2020-21,2021-02-28,2,1,32,7
8471306,2020-21,2021-03-02,2,0,9,0
8471306,2020-21,2021-03-09,2,1,29,4
8471306,2020-21,2021-03-18,2,0,18,2
8471306,2020-21,2021-03-20,2,1,33,3
8471306,2020-21,2021-03-23,2,1,34,2
8471306,2020-21,2021-03-25,2,1,7,3
8471306,2020-21,2021-03-30,2,0,25,1
8471306,2020-21,2021-04-01,2,1,36,3
8471306,2020-21,2021-04-03,2,1,29,2
8471306,2020-21,2021-04-04,2,1,28,1
8471306,2020-21,2021-04-06,2,1,31,2
8471306,2020-21,2021-04-10,2,1,34,4
8471306,2020-21,2021-04-15,2,1,25,1
8471306,2020-21,2021-04-19,2,1,36,2
8471306,2020-21,2021-04-20,2,0,11,0
8471306,2020-21,2021-04-22,2,1,46,3
8471306,2020-21,2021-04-27,2,1,33,0
8471306,2020-21,2021-05-01,2,1,33,0
8471306,2020-21,2021-05-07,2,1,24,2
8471306,2021-22,2021-10-16,2,1,41,1
8471306,2021-22,2021-10-19,2,1,23,1
8471306,2021-22,2021-10-23,2,1,17,5
8471306,2021-22,2021-10-27,2,1,28,2
8471306,2021-22,2021-10-30,2,1,38,5
8471306,2021-22,2021-11-04,2,1,37,5
8471306,2021-22,2021-11-07,2,1,40,2
8471306,2021-22,2021-11-11,2,1,29,2
8471306,2021-22,2021-11-15,2,1,37,4
8471306,2021-22,2021-11-18,2,1,22,4
8471306,2021-22,2021-12-01,2,1,24,3
8471306,2021-22,2021-12-09,2,0,7,2
8471306,2021-22,2021-12-10,2,1,7,3
8471306,2021-22,2021-12-18,2,1,33,2
8471306,2021-22,2021-12-31,2,1,26,2
8471306,2021-22,2022-01-09,2,1,27,3
8471306,2021-22,2022-02-12,2,1,34,2
8471306,2021-22,2022-02-17,2,1,39,2
8471306,2021-22,2022-02-23,2,1,30,4
8471306,2021-22,2022-02-26,2,0,14,4
8471306,2021-22,2022-03-05,2,1,23,5
8471306,2021-22,2022-03-08,2,0,3,2
8471306,2021-22,2022-03-12,2,1,43,3
8471306,2021-22,2022-03-15,2,1,6,3
8471306,2021-22,2022-03-24,2,1,16,3
8471306,2021-22,2022-04-03,2,1,34,3
8471306,2021-22,2022-04-06,2,1,33,1
8471306,2021-22,2022-04-12,2,1,30,2
8471306,2021-22,2022-04-16,2,1,37,4
8471306,2021-22,2022-04-19,2,1,41,3
8471306,2021-22,2022-04-23,2,1,23,5
8471734,2020-21,2021-01-14,2,1,27,4
8471734,2020-21,2021-01-16,2,1,44,4
8471734,2020-21,2021-01-21,2,1,26,2
8471734,2020-21,2021-01-24,2,1,31,3
8471734,2020-21,2021-01-28,2,1,28,5
8471734,2020-21,2021-02-05,2,1,10,4
8471734,2020-21,2021-02-16,2,1,28,0
8471734,2020-21,2021-02-18,2,1,22,2
8471734,2020-21,2021-02-22,2,1,31,0
8471734,2020-21,2021-02-26,2,1,30,3
8471734,2020-21,2021-03-03,2,1,23,3
8471734,2020-21,2021-03-06,2,1,25,3
8471734,2020-21,2021-03-19,2,1,33,4
8471734,2020-21,2021-03-22,2,1,23,2
8471734,2020-21,2021-03-29,2,1,24,4
8471734,2020-21,2021-04-03,2,1,23,3
8471734,2020-21,2021-04-07,2,1,27,3
8471734,2020-21,2021-04-10,2,1,28,2
8471734,2020-21,2021-04-14,2,1,8,3
8471734,2020-21,2021-04-26,2,1,22,1
8471734,2020-21,2021-04-30,2,1,34,1
8471734,2020-21,2021-05-03,2,1,19,2
8471734,2021-22,2021-10-16,2,1,30,3
8471734,2021-22,2021-10-22,2,1,23,3
8471734,2021-22,2021-10-25,2,1,34,2
8471734,2021-22,2021-10-28,2,1,31,3
8471734,2021-22,2021-10-31,2,1,24,2
8471734,2021-22,2021-11-03,2,1,35,2
8471734,2021-22,2021-11-08,2,1,34,1
8471734,2021-22,2021-11-11,2,1,34,0
8471734,2021-22,2021-11-17,2,1,37,1
8471734,2021-22,2021-11-21,2,1,27,2
8471734,2021-22,2021-11-24,2,1,38,6
8471734,2021-22,2021-11-30,2,1,36,4
8471734,2021-22,2021-12-05,2,1,22,1
8471734,2021-22,2021-12-09,2,1,27,0
8471734,2021-22,2021-12-11,2,1,31,1
8471734,2021-22,2021-12-14,2,1,30,3
8471734,2021-22,2021-12-16,2,1,42,1
8471734,2021-22,2021-12-18,2,1,33,5
8471734,2021-22,2021-12-28,2,1,15,5
8471734,2021-22,2021-12-30,2,1,18,1
8471734,2021-22,2022-01-01,2,1,37,3
8471734,2021-22,2022-01-06,2,1,19,3
8471734,2021-22,2022-01-13,2,1,29,2
8471734,2021-22,2022-01-17,2,1,17,6
8471734,2021-22,2022-01-20,2,1,26,3
8471734,2021-22,2022-01-24,2,1,30,2
8471734,2021-22,2022-01-29,2,1,36,4
8471734,2021-22,2022-02-02,2,1,25,3
8471734,2021-22,2022-02-18,2,1,24,3
8471734,2021-22,2022-02-25,2,1,25,1
8471734,2021-22,2022-02-28,2,1,19,5
8471734,2021-22,2022-03-04,2,1,29,3
8471734,2021-22,2022-03-10,2,1,30,4
8471734,2021-22,2022-03-13,2,1,32,2
8471734,2021-22,2022-03-15,2,1,27,3
8471734,2021-22,2022-03-22,2,1,25,1
8471734,2021-22,2022-03-24,2,1,31,3
8471734,2021-22,2022-03-30,2,1,33,3
8471734,2021-22,2022-04-07,2,1,30,3
8471734,2021-22,2022-04-12,2,1,20,2
8471734,2021-22,2022-04-13,2,1,10,3
8471734,2021-22,2022-04-16,2,1,22,1
8471734,2021-22,2022-04-19,2,1,30,1
8471734,2021-22,2022-04-21,2,1,16,1
8471734,2021-22,2022-04-23,2,1,21,2
8471734,2021-22,2022-04-27,2,1,40,3
8471734,2021-22,2022-05-02,3,1,39,3
8471734,2021-22,2022-05-04,3,1,36,6
8471734,2021-22,2022-05-06,3,1,17,4
8471734,2021-22,2022-05-08,3,1,31,0
8471734,2021-22,2022-05-10,3,1,28,4
8471734,2021-22,2022-05-12,3,1,36,3
8471734,2021-22,2022-05-14,3,1,41,2
8471734,2022-23,2022-10-11,2,1,51,4
8471734,2022-23,2022-10-13,2,1,21,3
8471734,2022-23,2022-10-17,2,1,33,4
8471734,2022-23,2022-10-20,2,0,25,3
8471734,2022-23,2022-10-22,2,1,32,4
8471734,2022-23,2022-10-25,2,1,25,2
8471734,2022-23,2022-10-27,2,1,18,5
8471734,2022-23,2022-10-31,2,1,28,1
8471734,2022-23,2022-11-03,2,1,19,2
8471734,2022-23,2022-11-05,2,1,38,4
8471734,2022-23,2022-11-08,2,1,21,0
8471734,2022-23,2022-11-10,2,1,32,1
8471734,2022-23,2022-11-14,2,1,30,6
8471734,2022-23,2022-11-18,2,1,25,4
8471734,2022-23,2022-11-25,2,1,31,2
8471734,2022-23,2022-11-27,2,1,39,3
8471734,2022-23,2022-11-29,2,1,14,5
8471734,2022-23,2022-12-01,2,1,21,3
8471734,2022-23,2022-12-03,2,1,31,4
8471734,2022-23,2022-12-08,2,1,41,5
8471734,2022-23,2022-12-11,2,1,26,6
8471734,2022-23,2022-12-23,2,1,24,1
8471734,2022-23,2022-12-31,2,1,22,3
8471734,2022-23,2023-01-14,2,1,27,4
8471734,2022-23,2023-01-19,2,0,7,0
8471734,2022-23,2023-01-21,2,0,25,3
8471734,2022-23,2023-01-28,2,1,25,5
8471734,2022-23,2023-02-17,2,0,10,2
8471734,2022-23,2023-02-18,2,1,32,5
8471734,2022-23,2023-02-24,2,1,18,2
8471734,2022-23,2023-02-26,2,1,7,3
8471734,2022-23,2023-03-05,2,1,28,3
8471734,2022-23,2023-03-09,2,1,37,3
8471734,2022-23,2023-03-11,2,1,33,0
8471734,2022-23,2023-03-14,2,1,30,3
8471734,2022-23,2023-03-16,2,1,29,6
8471734,2022-23,2023-03-21,2,1,34,3
8471734,2022-23,2023-03-23,2,0,5,0
8471734,2022-23,2023-03-28,2,1,34,6
8471734,2022-23,2023-04-04,2,1,27,3
8471734,2022-23,2023-04-08,2,1,25,1
8471734,2023-24,2023-10-19,2,0,9,0
8471734,2023-24,2023-10-21,2,1,19,1
8471734,2023-24,2023-10-26,2,1,29,0
8471734,2023-24,2023-11-04,2,1,39,4
8471734,2023-24,2023-11-07,2,1,28,3
8471734,2023-24,2023-11-12,2,1,28,3
8471734,2023-24,2023-11-22,2,1,32,0
8471734,2023-24,2023-11-25,2,1,31,4
8471734,2023-24,2023-12-03,2,1,28,5
8471734,2023-24,2023-12-10,2,1,26,1
8471734,2023-24,2023-12-15,2,1,30,1
8471734,2023-24,2023-12-22,2,1,28,4
8471734,2023-24,2023-12-29,2,1,33,4
8471734,2023-24,2024-01-06,2,1,30,3
8471734,2023-24,2024-01-13,2,1,21,3
8471734,2023-24,2024-01-20,2,1,26,2
8471734,2023-24,2024-01-27,2,1,31,2
8471734,2023-24,2024-02-05,2,1,33,1
8471734,2023-24,2024-02-07,2,1,18,1
8471734,2023-24,2024-02-15,2,1,36,4
8471734,2023-24,2024-02-25,2,1,41,4
8471734,2023-24,2024-03-11,2,1,20,1
8471734,2023-24,2024-03-16,2,1,37,4
8471734,2023-24,2024-03-21,2,1,26,2
8471734,2023-24,2024-03-30,2,1,32,5
8471734,2023-24,2024-04-05,2,1,34,3
8471734,2023-24,2024-04-11,2,1,26,4
8471734,2024-25,2024-10-17,2,1,31,2
8471734,2024-25,2024-10-26,2,1,33,1
8471734,2024-25,2024-11-07,2,0,10,1
8471734,2024-25,2024-11-09,2,1,37,0
8471734,2024-25,2024-11-17,2,1,24,0
8471734,2024-25,2024-11-23,2,1,40,6
8471734,2024-25,2024-11-30,2,1,28,3
8471734,2024-25,2024-12-08,2,1,21,6
8471734,2024-25,2024-12-14,2,0,11,0
8471734,2024-25,2024-12-15,2,1,24,3
8471734,2024-25,2024-12-23,2,1,30,5
8471734,2024-25,2024-12-28,2,0,12,1
8471734,2024-25,2025-01-02,2,1,33,1
8471734,2024-25,2025-01-04,2,1,27,6
8471734,2024-25,2025-01-07,2,1,39,5
8471734,2024-25,2025-01-19,2,1,37,5
8471734,2024-25,2025-02-02,2,1,36,2
8471734,2024-25,2025-02-08,2,1,25,3
8471734,2024-25,2025-02-22,2,0,17,3
8471734,2024-25,2025-03-02,2,1,34,0
8471734,2024-25,2025-03-09,2,1,28,7
8471734,2024-25,2025-03-29,2,1,22,1
8471734,2024-25,2025-04-09,2,1,28,6
8471734,2024-25,2025-04-14,2,1,30,3
8471734,2025-26,2025-10-12,2,1,21,1
8471734,2025-26,2025-10-18,2,1,24,3
8471734,2025-26,2025-10-28,2,1,23,0
8471734,2025-26,2025-11-07,2,1,33,1
8471734,2025-26,2025-11-16,2,1,42,2
8471734,2025-26,2025-11-22,2,1,34,3
8471734,2025-26,2025-12-07,2,1,28,3
8471734,2025-26,2025-12-16,2,1,16,2
8471734,2025-26,2025-12-21,2,1,31,1
8471734,2025-26,2025-12-31,2,1,26,5
8471734,2025-26,2026-01-05,2,0,18,3
8471734,2025-26,2026-01-08,2,1,20,4
8471734,2025-26,2026-01-10,2,1,20,6
8471734,2025-26,2026-01-12,2,1,28,3
8471734,2025-26,2026-01-14,2,1,17,6
8471734,2025-26,2026-01-20,2,1,27,4
8471734,2025-26,2026-01-26,2,1,24,3
8471734,2025-26,2026-01-29,2,1,21,2
8471734,2025-26,2026-01-31,2,1,33,5
8471734,2025-26,2026-02-05,2,1,42,1
8471734,2025-26,2026-03-07,2,1,34,5
8471734,2025-26,2026-03-10,2,1,21,0
8471734,2025-26,2026-03-18,2,1,39,6
8471734,2025-26,2026-04-04,2,1,33,1
8471734,2025-26,2026-04-13,2,1,16,3
8471774,2021-22,2022-03-05,2,1,28,6
8471774,2022-23,2022-10-13,2,1,37,1
8471774,2022-23,2022-10-21,2,0,10,0
8471774,2022-23,2022-10-23,2,1,34,4
8471774,2022-23,2022-10-25,2,1,31,2
8471774,2022-23,2022-10-27,2,1,38,6
8471774,2022-23,2022-10-30,2,1,35,3
8471774,2022-23,2022-11-01,2,1,2,0
8471774,2022-23,2022-12-23,2,1,29,2
8471774,2022-23,2022-12-29,2,1,28,2
8471774,2022-23,2022-12-31,2,1,37,3
8471774,2022-23,2023-01-03,2,1,28,3
8471774,2022-23,2023-01-06,2,1,22,0
8471774,2022-23,2023-01-08,2,1,47,3
8471774,2022-23,2023-01-14,2,0,25,4
8471774,2022-23,2023-02-28,2,1,33,4
8471774,2022-23,2023-03-06,2,1,35,0
8471774,2022-23,2023-03-08,2,1,41,4
8471774,2022-23,2023-03-14,2,0,26,3
8471774,2022-23,2023-03-16,2,1,36,1
8471774,2022-23,2023-03-18,2,1,20,3
8471774,2022-23,2023-03-20,2,1,32,5
8471774,2022-23,2023-03-25,2,1,24,2
8471774,2022-23,2023-03-28,2,1,30,4
8471774,2022-23,2023-04-01,2,1,39,5
8471774,2022-23,2023-04-06,2,1,28,2
8471774,2022-23,2023-04-10,2,1,21,3
8471774,2022-23,2023-04-13,2,1,36,5
8473503,2020-21,2021-01-18,2,1,33,2
8473503,2020-21,2021-01-30,2,0,11,1
8473503,2020-21,2021-01-31,2,1,29,3
8473503,2020-21,2021-02-02,2,1,33,3
8473503,2020-21,2021-02-04,2,1,34,5
8473503,2020-21,2021-02-07,2,1,22,5
8473503,2020-21,2021-02-11,2,1,37,3
8473503,2020-21,2021-02-15,2,1,40,3
8473503,2020-21,2021-02-19,2,1,29,3
8473503,2020-21,2021-02-22,2,1,31,3
8473503,2020-21,2021-02-25,2,1,21,2
8473503,2020-21,2021-02-27,2,1,31,3
8473503,2020-21,2021-03-02,2,1,38,2
8473503,2020-21,2021-03-07,2,1,23,2
8473503,2020-21,2021-03-11,2,1,33,1
8473503,2020-21,2021-03-16,2,1,27,3
8473503,2020-21,2021-03-20,2,1,31,2
8473503,2020-21,2021-03-27,2,1,22,3
8473503,2020-21,2021-04-01,2,1,25,3
8473503,2020-21,2021-04-12,2,1,29,2
8473503,2020-21,2021-04-26,2,1,31,4
8473503,2020-21,2021-04-29,2,1,17,1
8473503,2021-22,2021-10-21,2,1,31,1
8473503,2021-22,2021-10-24,2,0,20,0
8473503,2021-22,2021-10-26,2,1,25,2
8473503,2021-22,2021-10-30,2,1,35,1
8473503,2021-22,2021-11-02,2,1,28,3
8473503,2021-22,2021-11-06,2,1,28,2
8473503,2021-22,2021-11-11,2,1,33,3
8473503,2021-22,2021-11-16,2,1,27,1
8473503,2021-22,2021-11-18,2,1,48,4
8473503,2021-22,2021-11-22,2,1,23,1
8473503,2021-22,2021-11-24,2,1,29,3
8473503,2021-22,2021-11-26,2,1,17,4
8473503,2021-22,2021-11-28,2,1,29,0
8473503,2021-22,2021-11-30,2,1,34,2
8473503,2021-22,2021-12-11,2,1,35,1
8473503,2021-22,2021-12-14,2,1,29,2
8473503,2021-22,2021-12-28,2,1,46,7
8473503,2021-22,2021-12-30,2,1,25,2
8473503,2021-22,2022-01-02,2,1,17,6
8473503,2021-22,2022-01-04,2,1,24,4
8473503,2021-22,2022-01-17,2,1,41,2
8473503,2021-22,2022-01-22,2,1,13,4
8473503,2021-22,2022-01-26,2,1,33,1
8473503,2021-22,2022-01-29,2,1,50,5
8473503,2021-22,2022-01-30,2,1,29,2
8473503,2021-22,2022-02-01,2,1,32,3
8473503,2021-22,2022-02-14,2,1,39,3
8473503,2021-22,2022-02-17,2,1,27,5
8473503,2021-22,2022-02-20,2,1,34,3
8473503,2021-22,2022-02-22,2,1,29,3
8473503,2021-22,2022-02-24,2,1,47,3
8473503,2021-22,2022-02-26,2,1,37,3
8473503,2021-22,2022-02-27,2,1,40,1
8473503,2021-22,2022-03-01,2,1,11,1
8473503,2021-22,2022-03-15,2,1,34,3
8473503,2021-22,2022-03-17,2,1,26,2
8473503,2021-22,2022-03-20,2,1,25,2
8473503,2021-22,2022-03-22,2,1,31,3
8473503,2021-22,2022-03-26,2,1,28,1
8473503,2021-22,2022-03-30,2,1,23,4
8473503,2021-22,2022-04-02,2,0,15,1
8473503,2021-22,2022-04-05,2,1,24,2
8473503,2021-22,2022-04-07,2,1,35,3
8473503,2021-22,2022-04-14,2,1,32,4
8473503,2021-22,2022-04-17,2,1,28,5
8473503,2021-22,2022-04-21,2,1,27,2
8473503,2021-22,2022-04-24,2,1,46,4
8473503,2021-22,2022-04-28,2,1,31,5
8473503,2022-23,2022-10-07,2,1,31,3
8473503,2022-23,2022-10-14,2,1,35,2
8473503,2022-23,2022-10-18,2,1,45,4
8473503,2022-23,2022-10-20,2,1,23,2
8473503,2022-23,2022-10-23,2,1,30,0
8473503,2022-23,2022-10-25,2,1,31,4
8473503,2022-23,2022-10-29,2,1,26,4
8473503,2022-23,2022-11-03,2,1,44,3
8473503,2022-23,2022-11-05,2,1,25,4
8473503,2022-23,2022-11-11,2,1,29,4
8473503,2022-23,2022-11-13,2,1,30,2
8473503,2022-23,2022-11-15,2,1,26,2
8473503,2022-23,2022-11-17,2,1,20,6
8473503,2022-23,2022-11-19,2,1,42,1
8473503,2022-23,2022-11-25,2,1,28,4
8473503,2022-23,2022-12-13,2,1,22,2
8473503,2022-23,2022-12-17,2,1,41,2
8473503,2022-23,2022-12-20,2,1,38,6
8473503,2022-23,2022-12-22,2,1,26,2
8473503,2022-23,2022-12-27,2,1,25,6
8473503,2022-23,2022-12-31,2,1,30,4
8473503,2022-23,2023-01-07,2,1,29,4
8473503,2022-23,2023-01-11,2,1,37,4
8473503,2022-23,2023-01-16,2,1,41,3
8473503,2022-23,2023-01-18,2,1,36,3
8473503,2022-23,2023-01-22,2,1,22,4
8473503,2022-23,2023-01-24,2,1,35,3
8473503,2022-23,2023-01-27,2,1,36,5
8473503,2022-23,2023-02-20,2,1,26,0
8473503,2022-23,2023-02-23,2,1,31,6
8473503,2022-23,2023-03-02,2,1,22,5
8473503,2022-23,2023-03-06,2,1,38,2
8473503,2022-23,2023-03-07,2,0,19,1
8473503,2022-23,2023-03-11,2,1,28,4
8473503,2022-23,2023-03-16,2,1,32,2
8473503,2022-23,2023-03-20,2,1,52,5
8473503,2022-23,2023-03-23,2,1,21,7
8473503,2022-23,2023-03-28,2,1,41,0
8473503,2022-23,2023-03-30,2,1,26,3
8473503,2022-23,2023-04-06,2,0,12,2
8473503,2022-23,2023-04-08,2,1,35,6
8473503,2022-23,2023-04-10,2,1,33,6
8473503,2022-23,2023-04-13,2,1,36,5
8473503,2023-24,2023-10-16,2,1,23,0
8473503,2023-24,2023-10-22,2,1,31,2
8473503,2023-24,2023-10-26,2,1,28,3
8473503,2023-24,2023-11-02,2,1,26,1
8473503,2023-24,2023-11-09,2,1,27,3
8473503,2023-24,2023-11-16,2,1,34,5
8473503,2023-24,2023-12-09,2,0,11,0
8473503,2023-24,2023-12-11,2,1,34,5
8473503,2023-24,2023-12-18,2,0,14,2
8473503,2023-24,2023-12-20,2,1,41,5
8473503,2023-24,2023-12-22,2,1,43,6
8473503,2023-24,2023-12-27,2,1,31,6
8473503,2023-24,2024-01-14,2,1,30,2
8473503,2023-24,2024-01-23,2,0,6,0
8473503,2023-24,2024-02-17,2,1,38,0
8473503,2023-24,2024-02-25,2,1,36,2
8473503,2023-24,2024-03-06,2,0,14,2
8473503,2023-24,2024-03-09,2,1,35,4
8473503,2023-24,2024-03-12,2,0,26,3
8473503,2023-24,2024-03-16,2,1,26,1
8473503,2023-24,2024-03-19,2,1,35,3
8473503,2023-24,2024-03-21,2,1,36,3
8473503,2023-24,2024-03-28,2,1,33,4
8473503,2023-24,2024-04-13,2,1,36,4
8473503,2023-24,2024-04-16,2,1,33,4
8473503,2024-25,2024-10-13,2,1,32,3
8473503,2024-25,2024-10-27,2,1,34,6
8473503,2024-25,2024-11-23,2,1,33,2
8473503,2024-25,2024-11-30,2,1,19,2
8473503,2024-25,2024-12-09,2,1,31,5
8473503,2024-25,2024-12-17,2,0,6,0
8473503,2024-25,2024-12-20,2,0,15,1
8473503,2024-25,2024-12-21,2,1,18,2
8473503,2024-25,2025-01-04,2,1,33,3
8473503,2024-25,2025-01-25,2,1,34,3
8473503,2024-25,2025-02-04,2,1,29,2
8473503,2024-25,2025-02-27,2,0,29,2
8473503,2024-25,2025-03-03,2,1,20,4
8473503,2024-25,2025-03-20,2,1,30,3
8473503,2024-25,2025-03-23,2,1,36,3
8473503,2024-25,2025-03-25,2,1,32,2
8473503,2024-25,2025-03-27,2,1,25,3
8473503,2024-25,2025-03-30,2,1,29,5
8473503,2024-25,2025-04-01,2,1,35,2
8473503,2024-25,2025-04-05,2,1,24,2
8473503,2024-25,2025-04-08,2,1,33,0
8473503,2024-25,2025-04-10,2,1,30,3
8473503,2024-25,2025-04-13,2,1,31,7
8473503,2024-25,2025-04-17,2,1,24,4
8473503,2025-26,2026-01-18,2,1,34,4
8473503,2025-26,2026-01-20,2,1,22,1
8473503,2025-26,2026-01-22,2,1,26,4
8473503,2025-26,2026-01-24,2,1,19,4
8473503,2025-26,2026-01-28,2,1,18,2
8473503,2025-26,2026-02-03,2,1,19,4
8473503,2025-26,2026-02-05,2,1,16,1
8473503,2025-26,2026-03-09,2,1,16,0
8473503,2025-26,2026-03-19,2,1,19,2
8473503,2025-26,2026-03-23,2,1,10,1
8473503,2025-26,2026-03-28,2,1,27,4
8473503,2025-26,2026-03-31,2,0,13,1
8473503,2025-26,2026-04-12,2,1,30,4
8473503,2025-26,2026-04-15,2,1,20,1
8473541,2020-21,2021-01-16,2,1,31,2
8473541,2020-21,2021-01-19,2,1,24,2
8473541,2020-21,2021-01-24,2,1,35,6
8473541,2020-21,2021-01-28,2,1,19,3
8473541,2020-21,2021-02-13,2,1,23,2
8473541,2020-21,2021-02-17,2,1,25,1
8473541,2020-21,2021-02-19,2,0,26,3
8473541,2020-21,2021-02-20,2,1,39,1
8473541,2020-21,2021-02-23,2,1,33,2
8473541,2020-21,2021-02-25,2,1,39,2
8473541,2020-21,2021-02-27,2,1,36,3
8473541,2020-21,2021-03-02,2,1,27,4
8473541,2020-21,2021-03-04,2,1,31,4
8473541,2020-21,2021-03-11,2,1,44,4
8473541,2020-21,2021-03-14,2,1,32,2
8473541,2020-21,2021-03-16,2,1,37,2
8473541,2020-21,2021-03-18,2,1,22,0
8473541,2020-21,2021-04-08,2,1,32,7
8473541,2020-21,2021-04-12,2,1,38,1
8473541,2020-21,2021-04-17,2,1,26,3
8473541,2020-21,2021-04-20,2,1,12,4
8473541,2020-21,2021-04-24,2,1,52,2
8473541,2020-21,2021-04-29,2,1,32,3
8473541,2020-21,2021-05-02,2,1,42,2
8473541,2021-22,2021-10-15,2,1,27,3
8473541,2021-22,2021-10-19,2,1,29,2
8473541,2021-22,2021-10-30,2,1,35,2
8473541,2021-22,2021-11-02,2,1,27,4
8473541,2021-22,2021-11-06,2,1,27,2
8473541,2021-22,2021-11-13,2,1,35,4
8473541,2021-22,2021-11-14,2,0,8,0
8473541,2021-22,2021-11-18,2,0,14,0
8473541,2021-22,2021-11-26,2,1,30,3
8473541,2021-22,2021-12-03,2,1,32,6
8473575,2020-21,2021-01-14,2,1,24,0
8473575,2020-21,2021-01-18,2,1,27,0
8473575,2020-21,2021-01-21,2,1,31,1
8473575,2020-21,2021-01-26,2,1,37,3
8473575,2020-21,2021-01-28,2,1,22,5
8473575,2020-21,2021-01-30,2,1,17,3
8473575,2020-21,2021-02-06,2,1,31,3
8473575,2020-21,2021-02-08,2,1,30,0
8473575,2020-21,2021-02-11,2,1,35,3
8473575,2020-21,2021-02-13,2,1,30,2
8473575,2020-21,2021-02-15,2,1,21,1
8473575,2020-21,2021-02-18,2,1,36,3
8473575,2020-21,2021-02-20,2,1,18,3
8473575,2020-21,2021-02-22,2,1,36,2
8473575,2020-21,2021-02-25,2,1,36,2
8473575,2020-21,2021-02-27,2,1,31,4
8473575,2020-21,2021-03-02,2,1,29,1
8473575,2020-21,2021-03-06,2,1,22,2
8473575,2020-21,2021-03-09,2,1,33,1
8473575,2020-21,2021-03-13,2,1,28,2
8473575,2020-21,2021-03-16,2,1,22,3
8473575,2020-21,2021-03-18,2,1,31,4
8473575,2020-21,2021-03-25,2,1,32,3
8473575,2020-21,2021-03-27,2,0,11,1
8473575,2020-21,2021-03-29,2,1,22,2
8473575,2020-21,2021-04-01,2,1,22,4
8473575,2020-21,2021-04-06,2,1,29,0
8473575,2020-21,2021-04-09,2,1,35,3
8473575,2020-21,2021-04-15,2,1,44,3
8473575,2020-21,2021-04-20,2,1,26,1
8473575,2020-21,2021-04-22,2,1,28,0
8473575,2020-21,2021-04-29,2,1,25,0
8473575,2020-21,2021-05-01,2,1,28,0
8473575,2020-21,2021-05-03,2,1,39,3
8473575,2020-21,2021-05-06,2,1,25,2
8473575,2020-21,2021-05-10,2,1,27,2
8473575,2020-21,2021-05-18,3,1,45,2
8473575,2020-21,2021-05-20,3,1,27,5
8473575,2020-21,2021-05-31,3,1,42,3
8473575,2020-21,2021-06-03,3,1,41,2
8473575,2020-21,2021-06-05,3,1,29,1
8473575,2020-21,2021-06-07,3,1,44,4
8473575,2020-21,2021-06-09,3,1,25,2
8473575,2020-21,2021-06-13,3,1,31,1
8473575,2020-21,2021-06-15,3,1,27,4
8473575,2020-21,2021-06-17,3,1,25,2
8473575,2020-21,2021-06-19,3,1,30,2
8473575,2020-21,2021-06-21,3,1,16,3
8473575,2020-21,2021-06-23,3,1,24,2
8473575,2020-21,2021-06-25,3,1,31,1
8473575,2021-22,2021-11-07,2,1,37,3
8473575,2021-22,2021-11-15,2,1,28,4
8473575,2021-22,2021-11-16,2,0,19,2
8473575,2021-22,2021-11-20,2,1,29,3
8473575,2021-22,2021-11-24,2,1,21,4
8473575,2021-22,2021-12-05,2,1,26,2
8473575,2021-22,2021-12-09,2,1,29,4
8473575,2021-22,2021-12-16,2,1,41,1
8473575,2021-22,2021-12-30,2,1,37,1
8473575,2021-22,2022-01-15,2,1,35,1
8473575,2021-22,2022-01-18,2,1,34,3
8473575,2021-22,2022-01-22,2,1,23,3
8473575,2021-22,2022-01-27,2,1,29,2
8473575,2021-22,2022-02-02,2,1,30,2
8473575,2021-22,2022-02-26,2,1,34,4
8473575,2021-22,2022-03-03,2,1,38,4
8473575,2021-22,2022-03-07,2,1,49,5
8473575,2021-22,2022-03-11,2,1,29,2
8473575,2021-22,2022-03-15,2,1,32,3
8473575,2021-22,2022-03-19,2,1,39,2
8473575,2021-22,2022-03-22,2,1,24,0
8473575,2021-22,2022-03-26,2,1,44,6
8473575,2021-22,2022-03-27,2,0,14,2
8473575,2021-22,2022-03-29,2,1,45,3
8473575,2021-22,2022-03-31,2,1,32,2
8473575,2021-22,2022-04-01,2,1,27,0
8473575,2021-22,2022-04-05,2,1,40,3
8473575,2021-22,2022-04-09,2,1,31,6
8473575,2021-22,2022-04-21,2,1,23,6
8473575,2021-22,2022-04-24,2,1,32,3
8473575,2021-22,2022-04-28,2,1,27,1
8473575,2022-23,2022-10-18,2,1,28,2
8473575,2022-23,2022-10-23,2,1,32,3
8473575,2022-23,2022-10-29,2,1,37,4
8473575,2022-23,2022-11-05,2,1,24,2
8473575,2022-23,2022-11-08,2,1,40,3
8473575,2022-23,2022-11-14,2,1,38,2
8473575,2022-23,2022-11-19,2,1,34,4
8473575,2022-23,2022-11-26,2,1,28,2
8473575,2022-23,2022-12-04,2,1,21,0
8473575,2022-23,2022-12-09,2,1,29,4
8473575,2022-23,2022-12-13,2,1,33,3
8473575,2022-23,2022-12-17,2,1,37,2
8473575,2022-23,2023-01-06,2,1,21,4
8473575,2022-23,2023-01-18,2,1,24,4
8473575,2022-23,2023-01-25,2,1,38,2
8473575,2022-23,2023-01-28,2,1,46,1
8473575,2022-23,2023-02-06,2,1,26,1
8473575,2022-23,2023-02-11,2,1,31,4
8473575,2022-23,2023-02-18,2,1,27,6
8473575,2022-23,2023-02-26,2,1,23,0
8473575,2022-23,2023-03-11,2,1,27,5
8473575,2022-23,2023-03-25,2,1,34,1
8473575,2022-23,2023-04-01,2,0,11,1
8473575,2023-24,2023-10-21,2,1,42,3
8473575,2023-24,2023-10-28,2,1,34,0
8473575,2023-24,2023-11-02,2,1,32,0
8473575,2023-24,2023-11-07,2,1,31,4
8473575,2023-24,2023-11-11,2,1,27,3
8473575,2023-24,2023-11-16,2,1,32,3
8473575,2023-24,2023-11-24,2,1,31,3
8473575,2023-24,2023-11-30,2,1,43,4
8473575,2023-24,2023-12-07,2,1,35,3
8473575,2023-24,2023-12-13,2,1,24,3
8473575,2023-24,2023-12-16,2,1,40,4
8473575,2023-24,2023-12-20,2,1,36,3
8473575,2023-24,2023-12-27,2,0,7,1
8473575,2023-24,2024-01-02,2,1,12,1
8473575,2023-24,2024-01-25,2,1,26,4
8473575,2023-24,2024-01-27,2,1,37,3
8473575,2023-24,2024-02-10,2,1,22,3
8473575,2023-24,2024-02-22,2,1,24,3
8473575,2023-24,2024-03-10,2,1,23,1
8473575,2023-24,2024-03-16,2,1,30,4
8473575,2023-24,2024-03-23,2,1,35,3
8473575,2023-24,2024-03-28,2,1,28,2
8473575,2023-24,2024-03-30,2,1,39,3
8473575,2023-24,2024-04-01,2,1,34,3
8473575,2023-24,2024-04-06,2,1,42,0
8473575,2023-24,2024-04-09,2,1,33,2
8473575,2023-24,2024-04-11,2,1,14,2
8473575,2023-24,2024-04-15,2,1,24,1
8473575,2023-24,2024-04-20,3,1,25,2
8473575,2023-24,2024-04-22,3,1,38,4
8473575,2023-24,2024-04-25,3,0,8,0
8473575,2023-24,2024-04-27,3,1,44,2
8473575,2023-24,2024-04-30,3,1,37,5
8474593,2020-21,2021-01-14,2,1,34,4
8474593,2020-21,2021-01-16,2,1,32,0
8474593,2020-21,2021-01-18,2,1,27,2
8474593,2020-21,2021-01-24,2,1,32,3
8474593,2020-21,2021-01-26,2,1,21,4
8474593,2020-21,2021-01-30,2,1,37,0
8474593,2020-21,2021-02-01,2,1,28,3
8474593,2020-21,2021-02-04,2,1,26,3
8474593,2020-21,2021-02-06,2,1,32,4
8474593,2020-21,2021-02-09,2,1,27,2
8474593,2020-21,2021-02-11,2,1,34,1
8474593,2020-21,2021-02-13,2,1,45,2
8474593,2020-21,2021-02-15,2,1,33,3
8474593,2020-21,2021-02-17,2,1,29,5
8474593,2020-21,2021-02-20,2,1,15,5
8474593,2020-21,2021-03-06,2,1,33,3
8474593,2020-21,2021-03-07,2,1,22,3
8474593,2020-21,2021-03-11,2,1,18,1
8474593,2020-21,2021-03-13,2,1,25,1
8474593,2020-21,2021-03-15,2,1,31,3
8474593,2020-21,2021-03-17,2,1,30,7
8474593,2020-21,2021-03-19,2,1,27,3
8474593,2020-21,2021-03-22,2,1,23,2
8474593,2020-21,2021-03-24,2,1,30,2
8474593,2020-21,2021-03-26,2,1,29,3
8474593,2020-21,2021-03-29,2,1,23,4
8474593,2020-21,2021-04-02,2,1,25,3
8474593,2020-21,2021-04-05,2,1,30,5
8474593,2020-21,2021-04-10,2,1,17,0
8474593,2020-21,2021-04-13,2,1,26,2
8474593,2020-21,2021-04-14,2,1,27,1
8474593,2020-21,2021-04-16,2,1,20,2
8474593,2020-21,2021-04-19,2,1,19,3
8474593,2020-21,2021-04-23,2,1,20,2
8474593,2020-21,2021-04-24,2,1,32,2
8474593,2020-21,2021-04-26,2,1,24,2
8474593,2020-21,2021-04-29,2,1,31,1
8474593,2020-21,2021-05-01,2,1,27,2
8474593,2020-21,2021-05-05,2,1,19,4
8474593,2020-21,2021-05-09,2,1,20,1
8474593,2020-21,2021-05-13,2,1,25,1
8474593,2020-21,2021-05-16,2,1,35,5
8474593,2020-21,2021-05-19,2,1,21,2
8474593,2021-22,2021-10-16,2,1,32,4
8474593,2021-22,2021-10-18,2,1,27,3
8474593,2021-22,2021-10-21,2,1,33,0
8474593,2021-22,2021-10-25,2,1,29,1
8474593,2021-22,2021-10-28,2,1,45,0
8474593,2021-22,2021-10-30,2,1,20,0
8474593,2021-22,2021-11-02,2,1,22,3
8474593,2021-22,2021-11-04,2,1,28,4
8474593,2021-22,2021-11-06,2,1,22,0
8474593,2021-22,2021-11-09,2,1,24,2
8474593,2021-22,2021-11-11,2,1,27,3
8474593,2021-22,2021-11-16,2,1,43,2
8474593,2021-22,2021-11-18,2,1,27,0
8474593,2021-22,2021-11-20,2,1,36,2
8474593,2021-22,2021-11-23,2,1,21,2
8474593,2021-22,2021-11-27,2,1,27,3
8474593,2021-22,2021-11-29,2,1,22,1
8474593,2021-22,2021-12-02,2,1,42,2
8474593,2021-22,2021-12-05,2,1,28,3
8474593,2021-22,2021-12-09,2,1,26,2
8474593,2021-22,2021-12-11,2,1,27,4
8474593,2021-22,2021-12-30,2,1,22,4
8474593,2021-22,2022-01-02,2,1,31,1
8474593,2021-22,2022-01-04,2,1,45,6
8474593,2021-22,2022-01-13,2,1,34,4
8474593,2021-22,2022-01-18,2,1,29,1
8474593,2021-22,2022-01-22,2,1,30,4
8474593,2021-22,2022-01-24,2,1,21,1
8474593,2021-22,2022-01-26,2,1,23,0
8474593,2021-22,2022-01-27,2,1,28,5
8474593,2021-22,2022-01-29,2,1,15,0
8474593,2021-22,2022-02-01,2,1,23,3
8474593,2021-22,2022-02-02,2,1,28,2
8474593,2021-22,2022-02-09,2,1,28,0
8474593,2021-22,2022-02-10,2,1,48,2
8474593,2021-22,2022-02-12,2,1,21,2
8474593,2021-22,2022-02-16,2,1,28,2
8474593,2021-22,2022-02-19,2,1,23,1
8474593,2021-22,2022-02-21,2,1,23,1
8474593,2021-22,2022-02-24,2,1,21,3
8474593,2021-22,2022-02-26,2,1,25,3
8474593,2021-22,2022-03-01,2,1,33,1
8474593,2021-22,2022-03-03,2,1,35,5
8474593,2021-22,2022-03-07,2,1,28,1
8474593,2021-22,2022-03-10,2,1,31,1
8474593,2021-22,2022-03-12,2,1,19,0
8474593,2021-22,2022-03-16,2,1,33,3
8474593,2021-22,2022-03-18,2,1,34,1
8474593,2021-22,2022-03-22,2,1,38,4
8474593,2021-22,2022-03-25,2,1,18,2
8474593,2021-22,2022-03-26,2,1,31,5
8474593,2021-22,2022-03-29,2,1,30,2
8474593,2021-22,2022-03-31,2,1,32,2
8474593,2021-22,2022-04-02,2,1,23,4
8474593,2021-22,2022-04-04,2,1,29,2
8474593,2021-22,2022-04-06,2,1,28,2
8474593,2021-22,2022-04-09,2,1,28,1
8474593,2021-22,2022-04-12,2,1,15,3
8474593,2021-22,2022-04-14,2,1,17,4
8474593,2021-22,2022-04-16,2,1,26,1
8474593,2021-22,2022-04-18,2,1,24,2
8474593,2021-22,2022-04-21,2,1,23,2
8474593,2021-22,2022-04-28,2,1,25,3
8474593,2021-22,2022-05-03,3,1,16,0
8474593,2021-22,2022-05-05,3,1,22,1
8474593,2021-22,2022-05-07,3,1,31,3
8474593,2021-22,2022-05-09,3,1,35,1
8474593,2021-22,2022-05-11,3,1,21,1
8474593,2021-22,2022-05-13,3,1,39,3
8474593,2021-22,2022-05-15,3,1,28,2
8474593,2021-22,2022-05-18,3,1,28,6
8474593,2021-22,2022-05-20,3,1,40,5
8474593,2021-22,2022-05-22,3,1,34,4
8474593,2021-22,2022-05-24,3,1,25,4
8474593,2021-22,2022-05-26,3,1,35,5
8474593,2022-23,2022-10-13,2,1,25,3
8474593,2022-23,2022-10-18,2,1,21,2
8474593,2022-23,2022-10-20,2,1,12,3
8474593,2022-23,2022-10-22,2,1,27,2
8474593,2022-23,2022-10-25,2,1,33,1
8474593,2022-23,2022-10-29,2,1,26,3
8474593,2022-23,2022-11-03,2,1,31,3
8474593,2022-23,2022-11-05,2,1,35,4
8474593,2022-23,2022-11-07,2,1,32,4
8474593,2022-23,2022-11-08,2,1,20,3
8474593,2022-23,2022-11-12,2,1,23,2
8474593,2022-23,2022-11-14,2,1,29,5
8474593,2022-23,2022-11-17,2,1,23,3
8474593,2022-23,2022-11-19,2,1,35,4
8474593,2022-23,2022-11-21,2,1,25,2
8474593,2022-23,2022-11-25,2,1,25,3
8474593,2022-23,2022-12-01,2,1,19,2
8474593,2022-23,2022-12-09,2,1,26,2
8474593,2022-23,2022-12-12,2,1,38,1
8474593,2022-23,2022-12-14,2,1,27,3
8474593,2022-23,2022-12-16,2,1,24,5
8474593,2022-23,2022-12-18,2,1,26,2
8474593,2022-23,2022-12-20,2,1,27,3
8474593,2022-23,2022-12-23,2,1,23,2
8474593,2022-23,2022-12-27,2,1,22,2
8474593,2022-23,2022-12-31,2,1,24,2
8474593,2022-23,2023-01-03,2,1,25,3
8474593,2022-23,2023-01-06,2,1,25,1
8474593,2022-23,2023-01-08,2,1,11,3
8474593,2022-23,2023-01-10,2,1,27,4
8474593,2022-23,2023-01-16,2,1,29,2
8474593,2022-23,2023-01-18,2,1,30,3
8474593,2022-23,2023-01-26,2,1,28,4
8474593,2022-23,2023-02-06,2,1,33,5
8474593,2022-23,2023-02-11,2,1,23,2
8474593,2022-23,2023-02-13,2,1,25,4
8474593,2022-23,2023-02-18,2,1,20,2
8474593,2022-23,2023-02-20,2,1,22,4
8474593,2022-23,2023-02-25,2,1,22,4
8474593,2022-23,2023-02-28,2,0,15,2
8474593,2022-23,2023-03-02,2,1,34,2
8474593,2022-23,2023-03-04,2,1,33,3
8474593,2022-23,2023-03-06,2,1,33,4
8474593,2022-23,2023-03-07,2,1,40,0
8474593,2022-23,2023-03-10,2,1,17,2
8474593,2022-23,2023-03-12,2,1,31,1
8474593,2022-23,2023-03-14,2,1,25,4
8474593,2022-23,2023-03-16,2,1,19,2
8474593,2022-23,2023-03-18,2,1,26,6
8474593,2022-23,2023-03-20,2,1,26,6
8474593,2022-23,2023-03-23,2,1,32,3
8474593,2022-23,2023-03-25,2,1,31,3
8474593,2022-23,2023-03-28,2,1,33,1
8474593,2022-23,2023-03-31,2,1,20,4
8474593,2022-23,2023-04-02,2,1,9,2
8474593,2022-23,2023-04-04,2,1,23,4
8474593,2022-23,2023-04-05,2,1,35,1
8474593,2022-23,2023-04-08,2,1,33,2
8474593,2022-23,2023-04-10,2,1,29,2
8474593,2023-24,2023-10-11,2,1,37,3
8474593,2023-24,2023-10-14,2,1,28,4
8474593,2023-24,2023-10-16,2,1,23,2
8474593,2023-24,2023-10-20,2,1,28,2
8474593,2023-24,2023-10-24,2,1,20,3
8474593,2023-24,2023-10-26,2,1,34,2
8474593,2023-24,2023-10-29,2,1,32,4
8474593,2023-24,2023-11-01,2,1,30,4
8474593,2023-24,2023-11-07,2,1,18,2
8474593,2023-24,2023-11-14,2,1,35,1
8474593,2023-24,2023-11-16,2,1,22,2
8474593,2023-24,2023-11-18,2,1,33,4
8474593,2023-24,2023-11-22,2,1,45,4
8474593,2023-24,2023-11-24,2,1,28,4
8474593,2023-24,2023-11-30,2,1,16,3
8474593,2023-24,2023-12-02,2,1,21,3
8474593,2023-24,2023-12-18,2,1,34,1
8474593,2023-24,2023-12-21,2,1,25,0
8474593,2023-24,2023-12-23,2,1,33,4
8474593,2023-24,2023-12-27,2,1,21,2
8474593,2023-24,2023-12-31,2,1,31,3
8474593,2023-24,2024-01-02,2,1,29,1
8474593,2023-24,2024-01-06,2,1,42,3
8474593,2023-24,2024-01-09,2,1,33,3
8474593,2023-24,2024-01-11,2,1,34,2
8474593,2023-24,2024-01-13,2,1,32,1
8474593,2023-24,2024-01-23,2,1,26,4
8474593,2023-24,2024-01-25,2,1,31,4
8474593,2023-24,2024-01-27,2,1,32,0
8474593,2023-24,2024-02-06,2,1,22,1
8474593,2023-24,2024-02-08,2,1,40,3
8474593,2023-24,2024-02-10,2,1,36,2
8474593,2023-24,2024-02-12,2,1,30,1
8474593,2023-24,2024-02-17,2,1,12,4
8474593,2023-24,2024-02-19,2,1,31,3
8474593,2023-24,2024-02-22,2,1,34,2
8474593,2023-24,2024-02-27,2,1,23,2
8474593,2023-24,2024-03-02,2,1,30,3
8474593,2023-24,2024-03-04,2,1,30,4
8474593,2023-24,2024-03-07,2,1,22,3
8474593,2023-24,2024-03-09,2,1,31,5
8474593,2023-24,2024-03-23,2,1,25,3
8474593,2023-24,2024-03-26,2,1,27,3
8474593,2023-24,2024-03-30,2,1,18,2
8474593,2023-24,2024-04-02,2,1,29,5
8474593,2023-24,2024-04-06,2,1,26,3
8474593,2023-24,2024-04-11,2,1,29,3
8474593,2023-24,2024-04-16,2,1,31,4
8474593,2024-25,2024-10-04,2,1,31,1
8474593,2024-25,2024-10-10,2,1,22,4
8474593,2024-25,2024-10-12,2,1,32,3
8474593,2024-25,2024-10-15,2,1,30,3
8474593,2024-25,2024-10-17,2,1,31,1
8474593,2024-25,2024-10-19,2,1,37,6
8474593,2024-25,2024-10-24,2,1,19,4
8474593,2024-25,2024-10-27,2,1,26,2
8474593,2024-25,2024-10-30,2,1,20,0
8474593,2024-25,2024-11-01,2,1,31,2
8474593,2024-25,2024-11-07,2,1,24,3
8474593,2024-25,2024-11-09,2,1,22,3
8474593,2024-25,2024-11-12,2,1,35,1
8474593,2024-25,2024-11-16,2,1,26,3
8474593,2024-25,2024-11-21,2,1,22,2
8474593,2024-25,2024-11-25,2,1,22,2
8474593,2024-25,2024-11-27,2,1,20,3
8474593,2024-25,2024-11-29,2,1,28,4
8474593,2024-25,2024-12-02,2,1,39,1
8474593,2024-25,2024-12-06,2,1,19,2
8474593,2024-25,2024-12-10,2,1,17,2
8474593,2024-25,2024-12-12,2,1,14,1
8474593,2024-25,2024-12-14,2,1,17,1
8474593,2024-25,2024-12-17,2,1,20,1
8474593,2024-25,2024-12-21,2,1,12,0
8474593,2024-25,2024-12-23,2,1,12,0
8474593,2024-25,2024-12-27,2,1,31,2
8474593,2024-25,2024-12-31,2,1,26,3
8474593,2024-25,2025-01-04,2,1,24,3
8474593,2024-25,2025-01-06,2,1,24,2
8474593,2024-25,2025-01-09,2,1,32,3
8474593,2024-25,2025-01-11,2,1,25,2
8474593,2024-25,2025-01-14,2,1,28,1
8474593,2024-25,2025-01-16,2,1,41,4
8474593,2024-25,2025-01-19,2,1,20,2
8474593,2024-25,2025-01-22,2,1,7,1
8474593,2024-25,2025-03-02,2,1,24,2
8474593,2024-25,2025-03-04,2,1,21,4
8474593,2024-25,2025-03-07,2,1,35,6
8474593,2024-25,2025-03-11,2,1,20,3
8474593,2024-25,2025-03-15,2,1,23,6
8474593,2024-25,2025-03-20,2,1,27,4
8474593,2024-25,2025-03-24,2,1,28,3
8474593,2024-25,2025-03-26,2,1,24,3
8474593,2024-25,2025-03-29,2,1,24,2
8474593,2024-25,2025-03-31,2,1,30,2
8474593,2024-25,2025-04-05,2,1,26,0
8474593,2024-25,2025-04-08,2,1,23,7
8474593,2024-25,2025-04-13,2,1,23,1
8474593,2024-25,2025-04-20,3,1,44,3
8474593,2024-25,2025-04-22,3,1,27,2
8474593,2024-25,2025-04-25,3,1,27,2
8474593,2024-25,2025-04-27,3,1,28,4
8474593,2024-25,2025-04-29,3,1,54,5
8474593,2025-26,2025-10-09,2,1,32,5
8474593,2025-26,2025-10-11,2,1,17,3
8474593,2025-26,2025-10-13,2,0,9,1
8474593,2025-26,2025-10-28,2,1,42,8
8474593,2025-26,2025-11-01,2,1,44,1
8474593,2025-26,2025-11-06,2,1,19,3
8474593,2025-26,2025-11-10,2,1,24,3
8474593,2025-26,2025-11-12,2,1,20,3
8474593,2025-26,2025-11-18,2,1,29,5
8474593,2025-26,2025-11-24,2,1,35,3
8474593,2025-26,2025-11-26,2,1,23,2
8474593,2025-26,2025-11-29,2,1,31,4
8474593,2025-26,2025-12-03,2,1,28,3
8474593,2025-26,2025-12-05,2,1,25,3
8474593,2025-26,2025-12-09,2,1,38,3
8474593,2025-26,2025-12-11,2,1,7,3
8474593,2025-26,2025-12-14,2,1,15,2
8474593,2025-26,2025-12-19,2,1,33,1
8474593,2025-26,2025-12-23,2,1,25,2
8474593,2025-26,2025-12-30,2,1,29,3
8474593,2025-26,2026-01-03,2,1,31,1
8474593,2025-26,2026-01-06,2,1,24,9
8474593,2025-26,2026-01-12,2,1,23,2
8474593,2025-26,2026-01-14,2,1,17,2
8474593,2025-26,2026-01-17,2,1,35,4
8474593,2025-26,2026-01-19,2,1,22,1
8474593,2025-26,2026-01-23,2,1,25,4
8474593,2025-26,2026-01-25,2,1,18,3
8474593,2025-26,2026-01-29,2,1,29,2
8474593,2025-26,2026-02-03,2,1,25,2
8474593,2025-26,2026-02-26,2,1,36,3
8474593,2025-26,2026-02-28,2,1,26,1
8474593,2025-26,2026-03-03,2,1,21,1
8474593,2025-26,2026-03-04,2,1,27,3
8474593,2025-26,2026-03-07,2,1,20,3
8474593,2025-26,2026-03-08,2,1,30,3
8474593,2025-26,2026-03-12,2,1,29,5
8474593,2025-26,2026-03-16,2,1,22,3
8474593,2025-26,2026-03-18,2,1,18,3
8474593,2025-26,2026-03-26,2,1,17,2
8474593,2025-26,2026-03-28,2,1,33,4
8474593,2025-26,2026-03-31,2,1,23,4
8474593,2025-26,2026-04-05,2,1,18,0
8474593,2025-26,2026-04-07,2,1,19,4
8474596,2020-21,2021-01-18,2,1,26,1
8474596,2020-21,2021-01-21,2,1,17,3
8474596,2020-21,2021-01-30,2,1,32,1
8474596,2020-21,2021-02-02,2,1,39,3
8474596,2020-21,2021-02-06,2,1,35,1
8474596,2020-21,2021-02-11,2,1,31,3
8474596,2020-21,2021-02-21,2,1,39,3
8474596,2020-21,2021-02-27,2,1,21,2
8474596,2020-21,2021-03-04,2,1,27,4
8474596,2020-21,2021-03-11,2,1,29,2
8474596,2020-21,2021-03-19,2,1,28,3
8474596,2020-21,2021-04-01,2,1,23,1
8474596,2020-21,2021-04-07,2,1,32,3
8474596,2020-21,2021-04-08,2,1,26,3
8474596,2020-21,2021-04-10,2,1,25,5
8474596,2020-21,2021-04-12,2,1,25,2
8474596,2020-21,2021-04-14,2,1,33,3
8474596,2020-21,2021-04-16,2,1,29,1
8474596,2020-21,2021-04-19,2,0,28,3
8474596,2020-21,2021-04-21,2,1,25,3
8474596,2020-21,2021-04-23,2,1,30,3
8474596,2020-21,2021-04-26,2,1,22,1
8474596,2020-21,2021-04-28,2,1,29,4
8474596,2020-21,2021-04-30,2,1,22,3
8474596,2020-21,2021-05-03,2,1,29,2
8474596,2020-21,2021-05-05,2,1,34,5
8474596,2020-21,2021-05-06,2,0,20,1
8474596,2020-21,2021-05-08,2,1,26,3
8474596,2020-21,2021-05-10,2,1,35,4
8474596,2021-22,2021-10-13,2,1,30,2
8474596,2021-22,2021-10-16,2,1,23,2
8474596,2021-22,2021-10-19,2,1,25,5
8474596,2021-22,2021-10-21,2,1,32,3
8474596,2021-22,2021-10-23,2,1,27,1
8474596,2021-22,2021-10-26,2,1,26,5
8474596,2021-22,2021-10-28,2,1,45,0
8474596,2021-22,2021-10-30,2,1,38,5
8474596,2021-22,2021-11-02,2,1,22,0
8474596,2021-22,2021-11-04,2,1,25,5
8474596,2021-22,2021-11-06,2,1,16,3
8474596,2021-22,2021-11-09,2,1,34,3
8474596,2021-22,2021-11-11,2,1,26,2
8474596,2021-22,2021-11-13,2,1,8,0
8474596,2021-22,2021-11-24,2,1,34,6
8474596,2021-22,2021-11-27,2,1,50,3
8474596,2021-22,2021-11-29,2,1,42,2
8474596,2021-22,2021-12-02,2,1,33,3
8474596,2021-22,2021-12-04,2,1,44,4
8474596,2021-22,2021-12-07,2,1,27,3
8474596,2021-22,2021-12-09,2,1,25,2
8474596,2021-22,2021-12-11,2,1,37,4
8474596,2021-22,2021-12-14,2,1,31,5
8474596,2021-22,2022-01-12,2,1,7,2
8474596,2021-22,2022-03-17,2,1,35,4
8474596,2021-22,2022-03-19,2,1,30,1
8474596,2021-22,2022-03-21,2,1,46,3
8474596,2021-22,2022-03-24,2,1,42,4
8474596,2021-22,2022-03-26,2,1,51,2
8474596,2021-22,2022-03-29,2,1,45,6
8474596,2021-22,2022-03-31,2,1,43,3
8474596,2021-22,2022-04-02,2,1,41,4
8474596,2021-22,2022-04-05,2,1,31,5
8474596,2021-22,2022-04-07,2,1,37,4
8474596,2021-22,2022-04-09,2,1,15,1
8474596,2022-23,2022-10-12,2,1,32,3
8474596,2022-23,2022-10-14,2,1,38,1
8474596,2022-23,2022-10-20,2,1,27,2
8474596,2022-23,2022-10-22,2,1,30,5
8474596,2022-23,2022-10-25,2,1,30,2
8474596,2022-23,2022-10-29,2,1,30,4
8474596,2022-23,2022-11-01,2,1,30,3
8474596,2022-23,2022-11-05,2,1,42,6
8474596,2022-23,2022-11-08,2,1,43,2
8474596,2022-23,2022-11-12,2,1,24,4
8474596,2022-23,2022-11-15,2,1,38,4
8474596,2022-23,2022-11-19,2,1,29,4
8474596,2022-23,2022-11-22,2,1,38,7
8474596,2022-23,2022-11-29,2,1,23,3
8474596,2022-23,2022-12-01,2,1,46,1
8474596,2022-23,2022-12-03,2,1,22,5
8474596,2022-23,2022-12-06,2,1,33,2
8474596,2022-23,2022-12-10,2,1,34,3
8474596,2022-23,2022-12-12,2,1,35,1
8474596,2022-23,2022-12-15,2,1,30,3
8474596,2022-23,2022-12-17,2,1,27,5
8474596,2022-23,2022-12-21,2,1,36,2
8474596,2022-23,2022-12-23,2,1,35,3
8474596,2022-23,2022-12-28,2,1,38,4
8474596,2022-23,2022-12-31,2,1,40,9
8474596,2022-23,2023-01-05,2,1,30,3
8474596,2022-23,2023-01-07,2,1,22,4
8474596,2022-23,2023-01-26,2,1,42,4
8474596,2022-23,2023-01-31,2,1,29,5
8474596,2022-23,2023-02-12,2,1,31,2
8474596,2022-23,2023-02-14,2,1,22,0
8474596,2022-23,2023-02-18,2,1,41,5
8474596,2022-23,2023-02-24,2,1,26,2
8474596,2022-23,2023-02-28,2,1,39,1
8474596,2022-23,2023-03-02,2,1,33,3
8474596,2022-23,2023-03-05,2,1,28,4
8474596,2022-23,2023-03-07,2,1,39,3
8474596,2022-23,2023-03-11,2,1,36,2
8474596,2022-23,2023-03-13,2,1,15,6
8474596,2022-23,2023-03-16,2,0,18,6
8474596,2022-23,2023-03-23,2,1,21,4
8474596,2022-23,2023-03-27,2,1,33,3
8474596,2023-24,2023-10-11,2,1,42,5
8474596,2023-24,2023-10-21,2,1,33,2
8474596,2023-24,2023-10-23,2,1,37,1
8474596,2023-24,2023-10-28,2,1,45,3
8474596,2023-24,2023-11-02,2,1,35,3
8474596,2023-24,2023-11-07,2,1,9,4
8474596,2023-24,2023-11-12,2,1,35,3
8474596,2023-24,2023-11-18,2,1,44,5
8474596,2023-24,2023-11-25,2,1,30,4
8474596,2023-24,2023-12-02,2,1,33,5
8474596,2023-24,2023-12-10,2,1,32,2
8474596,2023-24,2023-12-18,2,1,32,2
8474596,2023-24,2023-12-30,2,1,25,3
8474596,2023-24,2024-01-04,2,1,37,5
8474596,2023-24,2024-01-15,2,1,35,3
8474596,2023-24,2024-01-23,2,1,27,3
8474596,2023-24,2024-01-27,2,1,33,3
8474596,2023-24,2024-02-11,2,1,36,7
8474596,2023-24,2024-02-17,2,1,34,4
8474596,2023-24,2024-02-24,2,1,24,4
8474596,2023-24,2024-03-05,2,1,28,3
8474596,2023-24,2024-03-14,2,1,37,2
8474596,2023-24,2024-03-17,2,1,36,2
8474596,2023-24,2024-03-19,2,1,38,2
8474596,2023-24,2024-03-21,2,1,19,1
8474596,2023-24,2024-03-23,2,1,25,5
8474596,2023-24,2024-03-26,2,1,45,3
8474596,2023-24,2024-03-29,2,1,34,3
8474596,2023-24,2024-04-02,2,1,20,5
8474596,2023-24,2024-04-06,2,1,28,3
8474596,2023-24,2024-04-07,2,0,30,1
8474596,2023-24,2024-04-09,2,1,38,4
8474596,2023-24,2024-04-11,2,1,32,5
8474596,2023-24,2024-04-15,2,1,19,4
8474596,2024-25,2024-10-05,2,1,18,1
8474596,2024-25,2024-10-14,2,1,20,0
8474596,2024-25,2024-10-22,2,1,37,8
8474596,2024-25,2024-10-25,2,1,30,4
8474596,2024-25,2024-11-04,2,1,31,0
8474596,2024-25,2024-11-10,2,1,27,1
8474596,2024-25,2024-11-14,2,1,27,2
8474596,2024-25,2024-11-23,2,1,25,2
8474596,2024-25,2024-11-30,2,1,32,6
8474596,2024-25,2024-12-08,2,1,23,3
8474596,2024-25,2024-12-19,2,1,19,3
8474596,2024-25,2024-12-28,2,1,40,4
8474596,2024-25,2025-01-01,2,1,23,2
8474596,2024-25,2025-01-18,2,1,17,2
8474596,2024-25,2025-01-22,2,0,16,0
8474596,2024-25,2025-01-25,2,1,32,3
8474596,2024-25,2025-01-27,2,1,25,3
8474596,2024-25,2025-01-29,2,1,24,0
8474596,2024-25,2025-02-02,2,1,27,4
8474596,2024-25,2025-02-06,2,1,40,3
8474596,2024-25,2025-02-08,2,1,34,0
8474596,2024-25,2025-02-22,2,1,25,3
8474596,2024-25,2025-02-26,2,1,37,5
8474596,2024-25,2025-03-09,2,1,24,1
8474596,2024-25,2025-03-13,2,1,33,2
8474596,2024-25,2025-03-17,2,1,46,1
8474596,2024-25,2025-03-22,2,1,19,3
8474596,2024-25,2025-03-28,2,1,19,4
8474596,2024-25,2025-04-08,2,0,2,0
8474596,2024-25,2025-04-11,2,1,23,3
8474596,2024-25,2025-04-15,2,1,24,4
8474596,2025-26,2025-10-13,2,1,24,1
8474596,2025-26,2025-10-16,2,1,22,1
8474596,2025-26,2025-10-18,2,1,30,3
8474596,2025-26,2025-10-21,2,1,25,2
8474596,2025-26,2025-10-24,2,1,17,1
8474596,2025-26,2025-10-26,2,1,24,3
8474596,2025-26,2025-10-30,2,1,28,5
8474596,2025-26,2025-11-02,2,1,28,3
8474596,2025-26,2025-11-08,2,1,34,1
8474596,2025-26,2025-11-15,2,1,31,2
8474596,2025-26,2025-11-20,2,1,24,1
8474596,2025-26,2025-11-22,2,1,29,6
8474596,2025-26,2025-11-28,2,1,42,0
8474596,2025-26,2025-12-01,2,1,25,5
8474596,2025-26,2025-12-06,2,1,21,3
8474596,2025-26,2025-12-11,2,0,28,5
8474596,2025-26,2025-12-13,2,1,31,1
8474596,2025-26,2025-12-17,2,1,37,1
8474596,2025-26,2025-12-21,2,1,24,2
8474596,2025-26,2025-12-27,2,1,33,4
8474596,2025-26,2025-12-31,2,1,35,2
8474596,2025-26,2026-01-04,2,1,29,3
8474596,2025-26,2026-01-08,2,1,29,4
8474596,2025-26,2026-01-11,2,1,22,4
8474596,2025-26,2026-01-20,2,1,23,1
8474596,2025-26,2026-01-27,2,1,26,4
8474596,2025-26,2026-01-31,2,1,33,3
8474596,2025-26,2026-02-05,2,1,13,2
8474596,2025-26,2026-02-25,2,1,30,2
8474596,2025-26,2026-03-14,2,1,31,4
8474596,2025-26,2026-03-20,2,1,27,1
8474596,2025-26,2026-03-24,2,1,27,4
8474596,2025-26,2026-03-29,2,1,31,3
8474596,2025-26,2026-04-02,2,1,32,3
8474596,2025-26,2026-04-04,2,1,29,3
8474596,2025-26,2026-04-09,2,1,29,4
8474596,2025-26,2026-04-11,2,1,28,3
8474636,2021-22,2021-10-22,2,1,30,4
8474636,2021-22,2021-10-23,2,0,12,2
8474636,2022-23,2023-03-04,2,0,16,1
8474636,2022-23,2023-03-07,2,0,40,5
8474636,2022-23,2023-03-11,2,1,23,4
8474636,2022-23,2023-03-16,2,0,9,0
8474636,2022-23,2023-03-17,2,1,36,5
8474636,2022-23,2023-03-19,2,0,12,2
8474636,2022-23,2023-03-24,2,1,38,4
8474636,2022-23,2023-03-25,2,0,8,2
8474636,2022-23,2023-03-28,2,1,35,5
8474636,2022-23,2023-03-30,2,1,31,2
8474636,2022-23,2023-04-01,2,1,49,7
8474636,2022-23,2023-04-06,2,1,24,5
8474636,2022-23,2023-04-08,2,1,28,4
8474636,2022-23,2023-04-11,2,1,39,4
8474636,2022-23,2023-04-13,2,1,36,2
8474636,2022-23,2023-04-14,2,0,8,2
8474651,2020-21,2021-01-13,2,1,31,3
8474651,2020-21,2021-01-16,2,1,35,3
8474651,2020-21,2021-01-20,2,1,36,5
8474651,2020-21,2021-01-23,2,1,32,4
8474651,2020-21,2021-01-28,2,1,37,1
8474651,2020-21,2021-02-01,2,1,40,6
8474651,2020-21,2021-02-06,2,1,31,5
8474651,2020-21,2021-02-08,2,1,19,3
8474651,2020-21,2021-02-17,2,1,36,1
8474651,2020-21,2021-02-21,2,1,31,4
8474651,2020-21,2021-03-02,2,1,38,4
8474651,2020-21,2021-03-20,2,1,40,4
8474651,2020-21,2021-04-18,2,1,39,2
8474651,2020-21,2021-04-20,2,1,40,3
8474651,2020-21,2021-04-24,2,1,28,2
8474651,2020-21,2021-04-26,2,1,27,2
8474651,2020-21,2021-04-29,2,1,24,4
8474651,2020-21,2021-05-03,2,1,31,4
8474651,2020-21,2021-05-11,2,1,36,5
8474651,2020-21,2021-05-16,2,1,36,6
8474651,2020-21,2021-05-19,2,1,28,6
8474651,2021-22,2021-10-14,2,1,27,2
8474651,2021-22,2021-10-16,2,1,39,2
8474651,2021-22,2021-10-19,2,1,28,1
8474651,2021-22,2021-10-22,2,1,45,2
8474651,2021-22,2021-10-25,2,1,25,3
8474651,2021-22,2021-10-29,2,1,24,4
8474651,2021-22,2021-11-02,2,1,35,3
8474651,2021-22,2021-11-10,2,1,21,3
8474651,2021-22,2021-11-26,2,0,4,0
8474651,2021-22,2021-11-27,2,1,27,2
8474651,2021-22,2021-11-30,2,1,40,1
8474651,2021-22,2021-12-06,2,1,19,1
8474651,2021-22,2021-12-08,2,1,45,5
8474651,2021-22,2021-12-11,2,1,25,2
8474651,2021-22,2021-12-17,2,1,33,3
8474651,2021-22,2022-01-06,2,1,42,5
8474651,2021-22,2022-01-09,2,1,31,2
8474651,2021-22,2022-01-18,2,0,3,0
8474651,2021-22,2022-01-20,2,1,24,4
8474651,2021-22,2022-01-21,2,1,28,4
8474651,2021-22,2022-01-25,2,1,37,1
8474651,2021-22,2022-01-28,2,1,27,5
8474651,2021-22,2022-02-13,2,1,29,3
8474651,2021-22,2022-03-04,2,1,42,3
8474682,2020-21,2021-03-22,2,0,37,4
8474682,2020-21,2021-03-24,2,1,42,5
8474682,2020-21,2021-03-25,2,1,30,3
8474682,2020-21,2021-04-01,2,1,47,3
8474682,2020-21,2021-04-09,2,1,33,4
8474682,2020-21,2021-04-13,2,0,31,2
8474682,2020-21,2021-04-15,2,1,29,2
8474682,2020-21,2021-04-17,2,1,41,3
8474682,2020-21,2021-04-18,2,1,36,2
8474682,2020-21,2021-04-20,2,1,41,2
8474682,2020-21,2021-04-22,2,1,38,5
8474682,2020-21,2021-04-25,2,1,28,5
8474682,2020-21,2021-05-01,2,0,14,3
8474682,2021-22,2021-10-16,2,1,21,1
8474682,2021-22,2021-10-23,2,1,39,2
8474682,2021-22,2021-10-31,2,1,34,3
8474682,2021-22,2021-11-04,2,1,37,4
8474682,2021-22,2021-11-06,2,1,33,4
8474682,2021-22,2021-11-08,2,1,30,5
8474682,2021-22,2021-11-12,2,1,35,2
8474682,2021-22,2021-11-16,2,1,46,1
8474682,2021-22,2021-11-18,2,1,23,5
8474682,2021-22,2021-11-22,2,1,12,4
8474682,2021-22,2021-11-24,2,0,25,1
8474682,2021-22,2021-11-26,2,1,26,1
8474682,2021-22,2021-11-27,2,1,41,3
8474682,2021-22,2021-11-29,2,1,31,6
8474682,2021-22,2022-01-30,2,1,35,3
8474682,2021-22,2022-02-10,2,1,34,4
8474682,2021-22,2022-02-15,2,1,33,3
8474682,2021-22,2022-02-19,2,1,35,4
8474682,2021-22,2022-02-25,2,1,22,4
8474682,2021-22,2022-03-06,2,1,30,1
8474682,2021-22,2022-03-18,2,1,24,0
8474682,2021-22,2022-03-25,2,1,40,3
8474682,2021-22,2022-03-28,2,1,21,5
8474682,2021-22,2022-04-03,2,1,40,5
8474682,2021-22,2022-04-08,2,1,43,4
8474682,2021-22,2022-04-17,2,1,35,3
8474682,2021-22,2022-04-23,2,1,22,3
8474682,2021-22,2022-04-28,2,1,32,5
8474682,2021-22,2022-04-29,2,1,21,2
8474682,2024-25,2024-12-15,2,1,28,1
8474682,2024-25,2024-12-23,2,1,24,4
8474682,2024-25,2024-12-28,2,1,23,2
8474682,2024-25,2025-01-05,2,1,19,3
8474682,2024-25,2025-01-10,2,1,14,0
8474682,2024-25,2025-01-15,2,1,24,3
8474889,2020-21,2021-01-14,2,1,37,3
8474889,2020-21,2021-01-16,2,1,24,5
8474889,2020-21,2021-01-20,2,1,23,1
8474889,2020-21,2021-01-24,2,1,29,3
8474889,2020-21,2021-01-26,2,1,19,5
8474889,2020-21,2021-02-05,2,1,37,4
8474889,2020-21,2021-02-09,2,1,27,3
8474889,2020-21,2021-02-11,2,1,26,6
8474889,2020-21,2021-02-13,2,1,26,3
8474889,2020-21,2021-02-15,2,1,28,2
8474889,2020-21,2021-02-18,2,1,45,3
8474889,2020-21,2021-02-22,2,1,20,4
8474889,2020-21,2021-03-01,2,1,35,2
8474889,2020-21,2021-03-03,2,1,38,4
8474889,2020-21,2021-03-05,2,1,8,3
8474889,2020-21,2021-03-13,2,1,27,1
8474889,2020-21,2021-03-19,2,1,34,1
8474889,2020-21,2021-03-22,2,1,42,1
8474889,2020-21,2021-03-24,2,1,44,2
8474889,2020-21,2021-03-26,2,1,28,5
8474889,2020-21,2021-03-29,2,1,25,3
8474889,2020-21,2021-03-31,2,1,28,2
8474889,2020-21,2021-04-02,2,1,30,0
8474889,2020-21,2021-04-03,2,1,37,2
8474889,2020-21,2021-04-06,2,1,33,4
8474889,2020-21,2021-04-09,2,1,34,2
8474889,2020-21,2021-04-10,2,1,19,4
8474889,2020-21,2021-04-12,2,1,21,4
8474889,2020-21,2021-04-16,2,1,18,3
8474889,2020-21,2021-04-17,2,1,24,5
8474889,2020-21,2021-04-19,2,1,40,2
8474889,2020-21,2021-04-24,2,1,8,3
8474889,2020-21,2021-04-30,2,1,35,2
8474889,2020-21,2021-05-03,2,1,31,5
8474889,2021-22,2021-10-20,2,1,40,3
8474889,2021-22,2021-10-28,2,1,28,1
8474889,2021-22,2021-11-06,2,1,32,1
8474889,2021-22,2021-11-13,2,1,30,4
8474889,2021-22,2021-11-20,2,1,44,5
8474889,2021-22,2021-11-24,2,1,45,2
8474889,2021-22,2021-11-28,2,1,34,4
8474889,2021-22,2021-12-05,2,0,12,2
8474889,2021-22,2021-12-06,2,1,50,7
8474889,2021-22,2021-12-11,2,1,32,3
8474889,2021-22,2021-12-18,2,1,31,3
8474889,2021-22,2021-12-29,2,1,36,2
8474889,2021-22,2022-01-01,2,1,33,5
8474889,2021-22,2022-01-08,2,1,47,3
8474889,2021-22,2022-01-17,2,1,30,3
8474889,2021-22,2022-01-22,2,1,8,4
8474889,2021-22,2022-01-25,2,1,33,4
8474889,2021-22,2022-02-17,2,1,24,4
8474889,2021-22,2022-02-21,2,1,31,4
8474889,2021-22,2022-02-22,2,1,24,2
8474889,2021-22,2022-03-05,2,1,29,3
8474889,2021-22,2022-03-12,2,1,35,2
8474889,2021-22,2022-03-18,2,1,35,2
8474889,2021-22,2022-03-24,2,1,28,2
8474889,2021-22,2022-03-27,2,1,35,5
8474889,2021-22,2022-03-29,2,1,37,4
8474889,2021-22,2022-04-03,2,1,46,3
8474889,2021-22,2022-04-07,2,1,27,1
8474889,2021-22,2022-04-09,2,1,34,5
8474889,2021-22,2022-04-12,2,0,27,6
8474889,2021-22,2022-04-16,2,1,29,4
8474889,2021-22,2022-04-19,2,1,28,4
8474889,2021-22,2022-04-21,2,1,34,3
8474889,2021-22,2022-04-24,2,1,38,1
8474889,2021-22,2022-04-29,2,1,35,3
8474889,2022-23,2022-10-13,2,1,27,1
8474889,2022-23,2022-10-15,2,1,24,5
8474889,2022-23,2022-10-19,2,1,28,4
8474889,2022-23,2022-10-21,2,0,1,0
8474889,2022-23,2022-10-23,2,1,27,5
8474889,2022-23,2022-10-25,2,1,16,1
8474889,2022-23,2022-10-27,2,1,18,4
8474889,2022-23,2022-10-29,2,1,33,1
8474889,2022-23,2022-11-03,2,1,22,0
8474889,2022-23,2022-11-05,2,1,37,2
8474889,2022-23,2022-11-08,2,1,25,1
8474889,2022-23,2022-11-11,2,1,21,1
8474889,2022-23,2022-11-13,2,1,30,3
8474889,2022-23,2022-11-17,2,1,30,2
8474889,2022-23,2022-11-19,2,1,29,2
8474889,2022-23,2022-11-23,2,1,26,5
8474889,2022-23,2022-11-27,2,1,29,4
8474889,2022-23,2022-11-29,2,1,35,8
8474889,2022-23,2022-12-06,2,1,16,4
8474889,2022-23,2022-12-11,2,1,25,2
8474889,2022-23,2022-12-13,2,0,10,2
8474889,2022-23,2022-12-20,2,1,24,2
8474889,2022-23,2022-12-22,2,1,37,5
8474889,2022-23,2022-12-30,2,0,27,4
8474889,2022-23,2023-01-01,2,1,19,1
8474889,2022-23,2023-01-03,2,1,32,2
8474889,2022-23,2023-01-05,2,1,27,1
8474889,2022-23,2023-01-07,2,1,23,4
8474889,2022-23,2023-01-09,2,1,21,0
8474889,2022-23,2023-01-12,2,1,27,0
8474889,2022-23,2023-01-14,2,1,27,5
8474889,2022-23,2023-01-17,2,1,33,5
8474889,2022-23,2023-01-19,2,1,30,3
8474889,2022-23,2023-01-25,2,1,20,1
8474889,2022-23,2023-01-27,2,1,37,4
8474889,2022-23,2023-02-07,2,1,28,4
8474889,2022-23,2023-02-10,2,1,27,5
8474889,2022-23,2023-02-20,2,1,23,4
8474889,2022-23,2023-02-26,2,0,12,1
8474889,2022-23,2023-02-28,2,1,25,3
8474889,2022-23,2023-03-02,2,1,12,3
8474889,2022-23,2023-03-13,2,1,32,5
8474889,2022-23,2023-03-18,2,0,13,3
8474889,2022-23,2023-03-27,2,0,7,1
8474889,2022-23,2023-03-30,2,1,19,1
8474889,2022-23,2023-04-01,2,1,18,2
8474889,2022-23,2023-04-04,2,1,18,2
8474889,2022-23,2023-04-08,2,1,18,3
8474889,2022-23,2023-05-09,3,0,2,0
8474889,2023-24,2023-12-07,2,0,10,1
8474889,2023-24,2023-12-12,2,1,31,3
8474889,2023-24,2023-12-16,2,1,38,0
8474889,2023-24,2023-12-19,2,1,35,4
8474889,2023-24,2023-12-21,2,0,15,4
8474889,2023-24,2023-12-23,2,1,28,1
8474889,2023-24,2023-12-27,2,1,29,3
8474889,2023-24,2023-12-30,2,1,27,2
8474889,2023-24,2024-01-02,2,1,31,0
8474889,2023-24,2024-01-03,2,1,28,1
8474889,2023-24,2024-01-06,2,1,24,1
8474889,2023-24,2024-01-09,2,1,23,1
8474889,2023-24,2024-01-11,2,1,30,4
8474889,2023-24,2024-01-13,2,1,32,4
8474889,2023-24,2024-01-16,2,1,31,3
8474889,2023-24,2024-01-18,2,1,26,3
8474889,2023-24,2024-01-20,2,1,21,6
8474889,2023-24,2024-02-10,2,1,31,4
8474889,2023-24,2024-02-17,2,1,21,2
8474889,2023-24,2024-02-22,2,1,26,3
8474889,2023-24,2024-03-23,2,0,5,0
8474889,2023-24,2024-04-17,2,1,32,6
8475156,2020-21,2021-01-13,2,1,35,5
8475156,2020-21,2021-01-14,2,1,40,2
8475156,2020-21,2021-01-16,2,1,36,5
8475156,2020-21,2021-01-18,2,1,34,3
8475156,2020-21,2021-01-20,2,1,26,1
8475156,2020-21,2021-01-22,2,1,28,3
8475156,2020-21,2021-01-24,2,1,38,3
8475156,2020-21,2021-01-26,2,1,32,5
8475156,2020-21,2021-01-28,2,1,27,4
8475156,2020-21,2021-01-30,2,1,29,3
8475156,2020-21,2021-02-02,2,1,25,2
8475156,2020-21,2021-02-06,2,1,28,6
8475156,2020-21,2021-02-09,2,1,42,2
8475156,2020-21,2021-02-15,2,0,13,2
8475156,2020-21,2021-02-20,2,1,44,1
8475156,2020-21,2021-03-01,2,1,10,3
8475156,2020-21,2021-03-08,2,1,28,2
8475156,2020-21,2021-03-13,2,1,28,2
8475156,2020-21,2021-03-18,2,1,25,1
8475156,2020-21,2021-03-30,2,1,32,4
8475156,2020-21,2021-04-07,2,1,30,2
8475156,2020-21,2021-04-28,2,1,30,1
8475156,2020-21,2021-05-03,2,1,23,3
8475156,2020-21,2021-05-06,2,1,4,4
8475156,2020-21,2021-05-10,2,1,28,3
8475156,2020-21,2021-05-15,2,1,41,4
8475156,2021-22,2021-10-19,2,0,21,1
8475156,2021-22,2021-10-21,2,1,28,1
8475156,2021-22,2021-10-22,2,1,39,3
8475156,2021-22,2021-10-27,2,1,33,4
8475156,2021-22,2021-10-30,2,1,30,1
8475156,2021-22,2021-11-01,2,1,29,2
8475156,2021-22,2021-11-03,2,1,33,2
8475156,2021-22,2021-11-05,2,1,25,5
8475156,2021-22,2021-11-11,2,1,29,3
8475156,2021-22,2021-11-14,2,1,39,4
8475156,2021-22,2021-11-16,2,1,26,4
8475156,2021-22,2021-11-24,2,1,27,3
8475156,2021-22,2021-11-27,2,1,38,2
8475156,2021-22,2021-12-01,2,1,34,2
8475156,2021-22,2021-12-05,2,1,40,5
8475156,2021-22,2021-12-07,2,1,26,4
8475156,2021-22,2021-12-11,2,1,31,3
8475156,2021-22,2021-12-14,2,1,25,5
8475156,2021-22,2022-01-01,2,1,29,3
8475156,2021-22,2022-01-03,2,1,28,4
8475156,2021-22,2022-01-20,2,1,28,6
8475156,2021-22,2022-01-22,2,1,47,3
8475156,2021-22,2022-01-25,2,1,27,2
8475156,2021-22,2022-01-27,2,1,30,2
8475156,2021-22,2022-01-31,2,1,31,3
8475156,2021-22,2022-02-02,2,1,27,3
8475156,2021-22,2022-02-19,2,1,24,2
8475156,2021-22,2022-02-20,2,0,15,3
8475156,2021-22,2022-02-26,2,1,47,3
8475156,2021-22,2022-03-01,2,1,39,0
8475156,2021-22,2022-03-03,2,1,32,4
8475156,2021-22,2022-03-07,2,1,29,3
8475156,2021-22,2022-03-09,2,1,32,3
8475156,2021-22,2022-03-12,2,1,32,1
8475156,2021-22,2022-03-15,2,1,35,5
8475156,2021-22,2022-03-19,2,1,28,3
8475156,2021-22,2022-03-22,2,1,27,4
8475156,2021-22,2022-03-26,2,1,12,5
8475156,2021-22,2022-03-28,2,1,32,1
8475156,2021-22,2022-03-30,2,1,41,3
8475156,2021-22,2022-04-09,2,1,34,1
8475156,2021-22,2022-04-12,2,1,23,5
8475156,2021-22,2022-04-24,2,1,30,4
8475156,2021-22,2022-04-28,2,1,44,4
8475156,2021-22,2022-04-29,2,1,41,2
8475156,2021-22,2022-05-18,3,0,37,5
8475156,2021-22,2022-05-22,3,0,0,0
8475156,2021-22,2022-05-31,3,0,21,1
8475215,2020-21,2021-01-14,2,1,22,2
8475215,2020-21,2021-01-18,2,1,32,2
8475215,2020-21,2021-01-22,2,1,25,4
8475215,2020-21,2021-01-26,2,1,25,4
8475215,2020-21,2021-02-07,2,1,32,3
8475215,2020-21,2021-03-19,2,1,25,2
8475215,2020-21,2021-03-22,2,1,16,1
8475215,2020-21,2021-03-29,2,1,25,1
8475215,2020-21,2021-04-01,2,1,37,2
8475215,2020-21,2021-04-05,2,1,32,1
8475215,2020-21,2021-04-09,2,1,26,4
8475215,2020-21,2021-04-12,2,1,28,2
8475215,2020-21,2021-04-16,2,1,16,0
8475215,2020-21,2021-04-19,2,1,31,2
8475215,2020-21,2021-04-24,2,1,24,1
8475215,2020-21,2021-04-30,2,1,31,2
8475215,2020-21,2021-05-03,2,1,32,6
8475215,2020-21,2021-05-07,2,1,25,3
8475215,2020-21,2021-05-10,2,1,21,2
8475215,2020-21,2021-05-30,3,1,37,7
8475215,2020-21,2021-06-20,3,1,28,1
8475215,2020-21,2021-06-24,3,1,32,3
8475215,2021-22,2021-10-12,2,1,31,3
8475215,2021-22,2021-10-14,2,1,31,4
8475215,2021-22,2021-10-20,2,1,37,2
8475215,2021-22,2021-10-22,2,1,32,4
8475215,2021-22,2021-10-24,2,1,26,2
8475215,2021-22,2021-10-26,2,1,27,1
8475215,2021-22,2021-10-29,2,1,38,4
8475215,2021-22,2021-11-02,2,1,33,4
8475215,2021-22,2021-11-04,2,1,39,1
8475215,2021-22,2021-11-06,2,1,38,2
8475215,2021-22,2021-11-09,2,1,27,2
8475215,2021-22,2021-11-13,2,1,43,4
8475215,2021-22,2021-11-16,2,1,42,4
8475215,2021-22,2021-11-18,2,1,28,2
8475215,2021-22,2021-11-22,2,1,31,5
8475215,2021-22,2021-11-24,2,1,28,2
8475215,2021-22,2021-11-27,2,1,30,3
8475215,2021-22,2021-12-01,2,1,33,5
8475215,2021-22,2021-12-05,2,1,25,2
8475215,2021-22,2021-12-08,2,1,10,3
8475215,2021-22,2021-12-12,2,1,27,4
8475215,2021-22,2021-12-14,2,1,24,1
8475215,2021-22,2021-12-16,2,1,26,3
8475215,2021-22,2021-12-19,2,1,32,3
8475215,2021-22,2022-01-06,2,1,20,1
8475215,2021-22,2022-01-08,2,1,21,2
8475215,2021-22,2022-01-11,2,1,18,3
8475215,2021-22,2022-01-17,2,1,36,4
8475215,2021-22,2022-01-20,2,1,27,3
8475215,2021-22,2022-01-24,2,1,34,0
8475215,2021-22,2022-01-27,2,1,30,2
8475215,2021-22,2022-01-29,2,1,29,2
8475215,2021-22,2022-02-01,2,1,32,2
8475215,2021-22,2022-02-09,2,1,33,6
8475215,2021-22,2022-03-01,2,1,17,1
8475215,2021-22,2022-03-03,2,1,35,4
8475215,2021-22,2022-03-06,2,1,40,1
8475215,2021-22,2022-03-08,2,1,21,2
8475215,2021-22,2022-04-03,2,1,28,2
8475215,2021-22,2022-04-06,2,1,31,5
8475215,2021-22,2022-04-09,2,1,30,1
8475215,2021-22,2022-04-12,2,1,27,5
8475215,2021-22,2022-04-18,2,1,28,3
8475215,2021-22,2022-04-20,2,1,13,1
8475234,2021-22,2022-02-20,2,1,36,3
8475234,2021-22,2022-02-22,2,1,42,3
8475234,2021-22,2022-02-24,2,1,42,3
8475234,2021-22,2022-02-25,2,1,50,4
8475234,2021-22,2022-04-17,2,1,31,5
8475234,2021-22,2022-04-29,2,1,8,3
8475311,2020-21,2021-01-14,2,1,35,3
8475311,2020-21,2021-01-18,2,1,27,3
8475311,2020-21,2021-01-20,2,1,29,5
8475311,2020-21,2021-01-22,2,1,31,2
8475311,2020-21,2021-01-24,2,1,27,1
8475311,2020-21,2021-01-26,2,1,24,1
8475311,2020-21,2021-01-28,2,1,16,2
8475311,2020-21,2021-02-02,2,1,29,4
8475311,2020-21,2021-02-06,2,1,25,1
8475311,2020-21,2021-02-08,2,1,43,3
8475311,2020-21,2021-02-12,2,1,25,2
8475311,2020-21,2021-02-15,2,1,24,0
8475311,2020-21,2021-02-18,2,1,29,2
8475311,2020-21,2021-02-20,2,1,22,3
8475311,2020-21,2021-02-22,2,1,28,3
8475311,2020-21,2021-02-24,2,1,21,3
8475311,2020-21,2021-03-06,2,1,34,2
8475311,2020-21,2021-03-08,2,1,19,2
8475311,2020-21,2021-04-17,2,1,22,2
8475311,2020-21,2021-04-19,2,1,23,4
8475311,2020-21,2021-04-21,2,1,22,3
8475311,2020-21,2021-04-24,2,1,26,0
8475311,2020-21,2021-04-26,2,1,11,4
8475311,2020-21,2021-04-28,2,1,30,3
8475311,2020-21,2021-05-01,2,1,34,3
8475311,2020-21,2021-05-03,2,1,26,3
8475311,2020-21,2021-05-07,2,1,28,2
8475311,2021-22,2021-10-13,2,1,34,2
8475311,2021-22,2021-10-16,2,1,27,4
8475311,2021-22,2021-10-19,2,1,39,5
8475311,2021-22,2021-10-23,2,1,32,3
8475311,2021-22,2021-10-26,2,1,28,2
8475311,2021-22,2021-10-28,2,1,18,3
8475311,2021-22,2021-10-30,2,1,30,1
8475311,2021-22,2021-11-06,2,1,41,3
8475311,2021-22,2021-11-11,2,1,22,1
8475311,2021-22,2021-11-13,2,1,30,2
8475311,2021-22,2021-11-17,2,1,34,2
8475311,2021-22,2021-11-19,2,1,28,3
8475311,2021-22,2021-11-22,2,1,20,5
8475311,2021-22,2021-11-24,2,1,6,1
8475311,2021-22,2021-11-26,2,1,22,3
8475311,2021-22,2021-12-08,2,1,29,3
8475311,2021-22,2021-12-10,2,1,40,3
8475311,2021-22,2021-12-12,2,1,31,2
8475311,2021-22,2021-12-14,2,1,28,2
8475311,2021-22,2022-01-02,2,1,31,2
8475311,2021-22,2022-01-04,2,1,31,3
8475311,2021-22,2022-01-06,2,1,35,1
8475311,2021-22,2022-01-08,2,1,8,3
8475311,2021-22,2022-01-11,2,1,32,5
8475311,2021-22,2022-01-15,2,1,20,0
8475311,2021-22,2022-01-17,2,1,13,1
8475311,2021-22,2022-01-20,2,1,41,1
8475311,2021-22,2022-01-22,2,1,30,2
8475311,2021-22,2022-01-26,2,1,32,3
8475311,2021-22,2022-01-30,2,1,31,1
8475311,2021-22,2022-02-01,2,1,24,2
8475311,2021-22,2022-02-10,2,1,38,2
8475311,2021-22,2022-02-13,2,1,23,0
8475311,2021-22,2022-02-16,2,1,29,0
8475311,2021-22,2022-02-19,2,1,32,3
8475311,2021-22,2022-02-21,2,1,45,5
8475311,2021-22,2022-02-26,2,1,36,2
8475311,2021-22,2022-03-01,2,1,31,3
8475311,2021-22,2022-03-05,2,1,15,3
8475311,2021-22,2022-03-08,2,1,42,4
8475311,2021-22,2022-03-10,2,1,36,1
8475311,2021-22,2022-03-13,2,1,46,0
8475311,2021-22,2022-03-15,2,1,23,0
8475311,2021-22,2022-03-21,2,1,25,2
8475311,2021-22,2022-03-23,2,1,26,2
8475311,2021-22,2022-03-27,2,1,29,3
8475311,2021-22,2022-03-29,2,1,45,1
8475311,2021-22,2022-04-02,2,1,40,2
8475311,2021-22,2022-04-05,2,1,45,4
8475311,2021-22,2022-04-09,2,1,50,1
8475311,2021-22,2022-04-13,2,1,32,3
8475311,2021-22,2022-04-16,2,1,33,4
8475311,2021-22,2022-04-18,2,1,27,3
8475311,2021-22,2022-04-22,2,1,26,5
8475311,2021-22,2022-04-24,2,1,44,4
8475311,2021-22,2022-04-26,2,1,32,3
8475311,2021-22,2022-04-28,2,1,37,4
8475311,2021-22,2022-05-03,3,1,25,2
8475311,2021-22,2022-05-05,3,1,26,1
8475311,2021-22,2022-05-07,3,1,10,1
8475311,2021-22,2022-05-17,3,1,25,2
8475311,2021-22,2022-05-19,3,1,31,3
8475311,2021-22,2022-05-21,3,1,31,2
8475311,2021-22,2022-05-23,3,1,20,3
8475311,2021-22,2022-05-25,3,1,30,5
8475311,2021-22,2022-05-27,3,1,20,2
8475311,2021-22,2022-05-31,3,1,16,3
8475311,2021-22,2022-06-15,3,1,23,3
8475311,2021-22,2022-06-18,3,1,16,0
8475311,2021-22,2022-06-20,3,1,22,5
8475311,2021-22,2022-06-22,3,1,39,2
8475311,2021-22,2022-06-24,3,1,29,3
8475311,2021-22,2022-06-26,3,1,23,1
8475311,2022-23,2022-10-12,2,1,29,4
8475311,2022-23,2022-10-15,2,1,22,1
8475311,2022-23,2022-10-17,2,1,30,4
8475311,2022-23,2022-10-20,2,1,42,3
8475311,2022-23,2022-10-22,2,1,26,3
8475311,2022-23,2022-10-27,2,1,27,2
8475311,2022-23,2022-10-29,2,1,34,0
8475311,2022-23,2022-10-31,2,1,35,2
8475311,2022-23,2022-11-03,2,1,25,2
8475311,2022-23,2022-11-05,2,1,26,3
8475311,2022-23,2022-11-09,2,1,27,3
8475311,2022-23,2022-11-11,2,1,29,1
8475311,2022-23,2022-11-13,2,1,9,4
8475311,2022-23,2022-11-15,2,1,42,4
8475311,2022-23,2022-11-19,2,1,29,4
8475311,2022-23,2022-11-23,2,1,23,2
8475311,2022-23,2022-11-25,2,1,32,0
8475311,2022-23,2022-11-29,2,1,32,1
8475311,2022-23,2022-12-01,2,1,25,3
8475311,2022-23,2022-12-03,2,1,26,2
8475311,2022-23,2022-12-22,2,1,25,2
8475311,2022-23,2022-12-27,2,1,32,0
8475311,2022-23,2022-12-29,2,1,45,4
8475311,2022-23,2023-01-03,2,1,29,5
8475311,2022-23,2023-01-05,2,1,27,2
8475311,2022-23,2023-01-08,2,1,38,0
8475311,2022-23,2023-01-11,2,1,35,4
8475311,2022-23,2023-01-14,2,1,25,3
8475311,2022-23,2023-01-16,2,1,30,3
8475311,2022-23,2023-01-19,2,1,26,0
8475311,2022-23,2023-01-21,2,1,18,4
8475311,2022-23,2023-01-24,2,1,26,3
8475311,2022-23,2023-01-26,2,1,37,2
8475311,2022-23,2023-01-29,2,1,20,4
8475311,2022-23,2023-02-11,2,1,28,1
8475311,2022-23,2023-02-14,2,1,30,3
8475311,2022-23,2023-02-16,2,1,34,4
8475311,2022-23,2023-02-18,2,1,35,4
8475311,2022-23,2023-02-21,2,1,25,3
8475311,2022-23,2023-02-25,2,1,26,3
8475311,2022-23,2023-02-26,2,1,19,5
8475311,2022-23,2023-03-01,2,1,23,2
8475311,2022-23,2023-03-04,2,1,41,3
8475311,2022-23,2023-03-06,2,1,40,3
8475311,2022-23,2023-03-09,2,1,40,2
8475311,2022-23,2023-03-11,2,1,18,1
8475311,2022-23,2023-03-14,2,1,35,4
8475311,2022-23,2023-03-17,2,1,21,4
8475311,2022-23,2023-03-23,2,1,28,1
8475311,2022-23,2023-03-25,2,1,40,4
8475311,2022-23,2023-03-29,2,1,29,1
8475311,2022-23,2023-03-30,2,1,33,4
8475311,2022-23,2023-04-02,2,1,34,5
8475311,2022-23,2023-04-06,2,1,31,5
8475311,2022-23,2023-04-10,2,1,40,2
8475311,2022-23,2023-04-11,2,0,7,1
8475311,2022-23,2023-04-13,2,1,34,5
8475311,2023-24,2023-10-16,2,1,40,2
8475311,2023-24,2023-10-18,2,1,29,6
8475311,2023-24,2023-10-21,2,1,28,3
8475311,2023-24,2023-10-24,2,1,17,4
8475311,2023-24,2023-10-27,2,1,41,2
8475311,2023-24,2023-10-29,2,1,31,1
8475311,2023-24,2023-11-02,2,1,21,3
8475311,2023-24,2023-11-08,2,1,25,4
8475311,2023-24,2023-11-22,2,1,27,3
8475311,2023-24,2023-11-27,2,1,23,2
8475311,2023-24,2023-11-30,2,1,32,4
8475311,2023-24,2023-12-02,2,1,35,3
8475311,2023-24,2023-12-04,2,1,5,3
8475311,2023-24,2023-12-10,2,1,34,2
8475311,2023-24,2023-12-17,2,1,29,1
8475311,2023-24,2023-12-20,2,1,32,2
8475311,2023-24,2023-12-27,2,1,31,5
8475311,2023-24,2023-12-29,2,0,29,5
8475311,2023-24,2024-01-02,2,1,35,3
8475311,2023-24,2024-01-05,2,1,33,5
8475311,2023-24,2024-01-07,2,1,41,3
8475311,2023-24,2024-01-11,2,1,23,4
8475311,2023-24,2024-01-16,2,1,24,0
8475311,2023-24,2024-01-23,2,1,30,5
8475311,2023-24,2024-02-06,2,0,17,2
8475311,2023-24,2024-02-08,2,1,40,3
8475311,2023-24,2024-02-11,2,1,29,3
8475311,2023-24,2024-02-17,2,1,31,3
8475311,2023-24,2024-02-26,2,1,21,3
8475311,2023-24,2024-03-13,2,1,37,7
8475311,2023-24,2024-03-22,2,1,22,4
8475311,2023-24,2024-04-02,2,0,4,0
8475311,2023-24,2024-04-05,2,1,44,3
8475311,2024-25,2024-10-10,2,1,33,1
8475311,2024-25,2024-10-12,2,1,26,2
8475311,2024-25,2024-10-14,2,1,41,8
8475311,2024-25,2024-10-26,2,1,26,2
8475311,2024-25,2024-10-30,2,1,26,3
8475311,2024-25,2024-11-02,2,1,21,3
8475311,2024-25,2024-11-04,2,1,16,0
8475311,2024-25,2024-11-07,2,1,22,3
8475311,2024-25,2024-11-11,2,1,27,2
8475311,2024-25,2024-11-13,2,1,20,2
8475311,2024-25,2024-12-07,2,1,23,1
8475311,2024-25,2024-12-10,2,1,20,1
8475311,2024-25,2024-12-14,2,1,32,1
8475311,2024-25,2024-12-17,2,1,31,3
8475311,2024-25,2024-12-19,2,1,26,3
8475311,2024-25,2024-12-21,2,1,26,3
8475311,2024-25,2024-12-28,2,1,27,3
8475311,2024-25,2025-01-01,2,1,33,0
8475311,2024-25,2025-01-04,2,1,34,1
8475311,2024-25,2025-01-10,2,1,19,1
8475311,2024-25,2025-01-13,2,1,30,1
8475311,2024-25,2025-01-16,2,1,21,1
8475311,2024-25,2025-01-18,2,1,21,3
8475311,2024-25,2025-01-22,2,1,28,1
8475311,2024-25,2025-01-25,2,1,24,3
8475311,2024-25,2025-01-27,2,1,27,4
8475311,2024-25,2025-01-29,2,1,38,2
8475311,2024-25,2025-02-01,2,1,28,2
8475311,2024-25,2025-02-05,2,1,21,3
8475311,2024-25,2025-02-22,2,1,28,3
8475311,2024-25,2025-02-24,2,1,23,2
8475311,2024-25,2025-02-28,2,1,31,6
8475311,2024-25,2025-03-03,2,1,18,4
8475311,2024-25,2025-03-05,2,1,30,2
8475311,2024-25,2025-03-08,2,1,20,1
8475311,2024-25,2025-03-11,2,1,34,1
8475311,2024-25,2025-03-13,2,1,21,0
8475311,2024-25,2025-03-15,2,1,24,0
8475311,2024-25,2025-03-17,2,1,21,2
8475311,2024-25,2025-03-20,2,1,17,1
8475311,2024-25,2025-03-23,2,1,13,2
8475311,2024-25,2025-03-25,2,1,23,1
8475311,2024-25,2025-03-29,2,1,25,2
8475311,2024-25,2025-04-01,2,1,20,1
8475311,2024-25,2025-04-03,2,1,30,2
8475311,2024-25,2025-04-05,2,1,27,0
8475311,2024-25,2025-04-07,2,1,28,2
8475311,2024-25,2025-04-10,2,1,25,1
8475311,2024-25,2025-04-12,2,1,26,4
8475311,2024-25,2025-04-14,2,1,16,0
8475311,2024-25,2025-04-21,3,1,25,5
8475311,2024-25,2025-04-23,3,1,26,2
8475311,2024-25,2025-04-25,3,1,35,5
8475311,2024-25,2025-04-27,3,1,48,4
8475311,2024-25,2025-04-29,3,1,45,2
8475311,2024-25,2025-05-01,3,1,28,5
8475311,2025-26,2025-10-07,2,1,23,4
8475311,2025-26,2025-10-11,2,1,27,3
8475311,2025-26,2025-10-13,2,1,26,3
8475311,2025-26,2025-10-21,2,1,18,1
8475311,2025-26,2025-10-23,2,1,31,2
8475311,2025-26,2025-10-25,2,1,25,4
8475311,2025-26,2025-10-28,2,1,40,3
8475311,2025-26,2025-10-30,2,1,27,3
8475311,2025-26,2025-11-01,2,1,21,3
8475311,2025-26,2025-11-04,2,1,23,0
8475311,2025-26,2025-11-09,2,1,33,2
8475311,2025-26,2025-11-11,2,1,22,1
8475311,2025-26,2025-11-13,2,1,15,3
8475311,2025-26,2025-11-17,2,1,25,2
8475311,2025-26,2025-11-21,2,1,26,2
8475311,2025-26,2025-11-24,2,1,28,1
8475311,2025-26,2025-11-28,2,1,31,4
8475311,2025-26,2025-12-02,2,1,24,2
8475311,2025-26,2025-12-04,2,1,36,2
8475311,2025-26,2025-12-06,2,1,23,0
8475311,2025-26,2025-12-08,2,1,21,2
8475311,2025-26,2025-12-13,2,1,38,2
8475311,2025-26,2025-12-15,2,1,5,0
8475311,2025-26,2026-01-01,2,1,23,4
8475311,2025-26,2026-01-03,2,1,28,4
8475311,2025-26,2026-01-05,2,1,35,2
8475311,2025-26,2026-01-07,2,1,28,4
8475311,2025-26,2026-01-09,2,1,16,5
8475311,2025-26,2026-01-12,2,1,17,2
8475311,2025-26,2026-01-14,2,1,27,3
8475311,2025-26,2026-01-16,2,1,28,2
8475311,2025-26,2026-01-20,2,1,8,2
8475311,2025-26,2026-01-24,2,1,29,4
8475311,2025-26,2026-01-29,2,1,31,3
8475311,2025-26,2026-01-31,2,1,21,2
8475311,2025-26,2026-02-04,2,1,23,4
8475311,2025-26,2026-02-26,2,1,15,4
8475311,2025-26,2026-03-05,2,1,35,3
8475311,2025-26,2026-03-07,2,1,23,4
8475311,2025-26,2026-03-10,2,1,23,2
8475311,2025-26,2026-03-13,2,1,23,2
8475311,2025-26,2026-03-16,2,1,22,1
8475311,2025-26,2026-03-19,2,1,20,3
8475311,2025-26,2026-03-22,2,1,34,4
8475311,2025-26,2026-03-24,2,1,23,2
8475311,2025-26,2026-03-26,2,1,19,0
8475311,2025-26,2026-03-28,2,1,16,5
8475311,2025-26,2026-04-02,2,1,34,4
8475311,2025-26,2026-04-04,2,1,20,6
8475311,2025-26,2026-04-14,2,1,25,4
8475660,2020-21,2021-01-14,2,1,34,3
8475660,2020-21,2021-01-16,2,1,33,3
8475660,2020-21,2021-01-18,2,1,27,1
8475660,2020-21,2021-01-22,2,1,12,1
8475660,2020-21,2021-01-31,2,1,25,3
8475660,2020-21,2021-02-02,2,1,31,2
8475660,2020-21,2021-02-26,2,1,28,1
8475660,2020-21,2021-03-01,2,1,39,5
8475660,2020-21,2021-03-03,2,1,27,4
8475660,2020-21,2021-03-06,2,1,30,4
8475660,2020-21,2021-03-12,2,1,25,0
8475660,2020-21,2021-03-14,2,1,22,1
8475660,2020-21,2021-03-18,2,1,55,5
8475660,2020-21,2021-03-22,2,1,25,1
8475660,2020-21,2021-03-24,2,1,30,2
8475660,2020-21,2021-03-25,2,1,37,0
8475660,2020-21,2021-03-29,2,1,39,3
8475660,2020-21,2021-04-01,2,1,37,2
8475660,2020-21,2021-04-03,2,1,28,1
8475660,2020-21,2021-04-05,2,1,36,5
8475660,2020-21,2021-04-07,2,1,32,3
8475660,2020-21,2021-04-10,2,1,30,3
8475660,2020-21,2021-04-14,2,1,30,2
8475660,2020-21,2021-04-16,2,1,22,2
8475660,2020-21,2021-04-19,2,1,24,2
8475660,2020-21,2021-04-21,2,1,40,1
8475660,2020-21,2021-04-23,2,1,42,2
8475660,2020-21,2021-04-28,2,1,32,4
8475660,2020-21,2021-04-29,2,1,21,5
8475660,2020-21,2021-05-03,2,1,32,5
8475660,2020-21,2021-05-05,2,1,34,3
8475660,2020-21,2021-05-08,2,1,22,3
8475660,2020-21,2021-05-12,2,1,27,4
8475660,2020-21,2021-05-16,3,1,42,0
8475660,2020-21,2021-05-18,3,1,28,3
8475660,2020-21,2021-05-20,3,1,39,4
8475660,2020-21,2021-05-22,3,1,17,3
8475660,2020-21,2021-05-24,3,1,40,2
8475660,2020-21,2021-05-26,3,1,23,0
8475660,2020-21,2021-05-28,3,1,33,5
8475660,2021-22,2021-10-15,2,1,29,1
8475660,2021-22,2021-10-16,2,1,31,2
8475660,2021-22,2021-10-19,2,1,30,5
8475660,2021-22,2021-10-23,2,1,24,3
8475660,2021-22,2021-10-26,2,1,24,2
8475660,2021-22,2021-10-28,2,1,36,2
8475660,2021-22,2021-10-30,2,1,30,3
8475660,2021-22,2021-11-02,2,1,28,4
8475660,2021-22,2021-11-06,2,1,39,4
8475660,2021-22,2021-11-11,2,1,35,3
8475660,2021-22,2021-11-13,2,1,30,2
8475660,2021-22,2021-11-16,2,1,21,4
8475660,2021-22,2021-11-18,2,1,38,2
8475660,2021-22,2021-11-20,2,1,36,4
8475660,2021-22,2021-11-24,2,1,42,2
8475660,2021-22,2021-11-26,2,1,31,1
8475660,2021-22,2021-11-28,2,1,30,2
8475660,2021-22,2021-12-04,2,1,42,3
8475660,2021-22,2021-12-07,2,1,39,1
8475660,2021-22,2021-12-09,2,1,35,2
8475660,2021-22,2021-12-12,2,1,35,5
8475660,2021-22,2021-12-16,2,1,40,2
8475660,2021-22,2021-12-20,2,1,28,6
8475660,2021-22,2022-01-01,2,1,28,6
8475660,2021-22,2022-01-24,2,1,15,1
8475660,2021-22,2022-01-28,2,1,27,2
8475660,2021-22,2022-02-02,2,1,30,0
8475660,2021-22,2022-02-12,2,1,39,2
8475660,2021-22,2022-02-16,2,1,30,5
8475660,2021-22,2022-02-18,2,1,34,4
8475660,2021-22,2022-02-22,2,1,34,4
8475660,2021-22,2022-03-01,2,1,26,4
8475660,2021-22,2022-03-03,2,1,30,4
8475660,2021-22,2022-03-06,2,0,3,0
8475660,2021-22,2022-03-08,2,1,25,2
8475660,2021-22,2022-03-10,2,1,34,5
8475660,2021-22,2022-03-16,2,1,26,2
8475660,2021-22,2022-03-19,2,1,22,1
8475660,2021-22,2022-03-21,2,1,28,0
8475660,2021-22,2022-03-24,2,1,28,2
8475660,2021-22,2022-03-27,2,1,42,2
8475660,2021-22,2022-03-31,2,1,39,4
8475660,2021-22,2022-04-03,2,1,26,1
8475660,2021-22,2022-04-08,2,1,28,4
8475660,2021-22,2022-04-12,2,1,28,1
8475660,2021-22,2022-04-16,2,1,30,6
8475660,2021-22,2022-04-19,2,1,26,0
8475660,2021-22,2022-04-21,2,1,24,3
8475660,2021-22,2022-04-28,2,1,33,2
8475660,2021-22,2022-05-12,3,1,26,4
8475660,2022-23,2022-11-03,2,0,13,0
8475660,2022-23,2022-11-05,2,1,28,2
8475660,2022-23,2022-11-08,2,1,27,5
8475660,2022-23,2022-11-12,2,1,38,1
8475660,2022-23,2022-11-14,2,1,34,3
8475660,2022-23,2022-11-19,2,0,17,1
8475660,2022-23,2022-11-21,2,1,7,3
8475660,2022-23,2022-11-23,2,1,35,3
8475660,2022-23,2022-11-25,2,1,32,1
8475660,2022-23,2022-11-27,2,1,27,2
8475660,2022-23,2022-11-30,2,1,36,3
8475660,2022-23,2022-12-02,2,1,27,2
8475660,2022-23,2022-12-06,2,1,14,5
8475660,2022-23,2022-12-10,2,1,29,2
8475660,2022-23,2022-12-12,2,1,32,0
8475660,2022-23,2022-12-14,2,1,25,2
8475660,2022-23,2022-12-17,2,1,32,3
8475660,2022-23,2022-12-20,2,1,24,5
8475660,2022-23,2022-12-22,2,1,40,3
8475660,2022-23,2022-12-27,2,1,51,2
8475660,2022-23,2022-12-29,2,1,23,3
8475660,2022-23,2022-12-31,2,1,25,4
8475660,2022-23,2023-01-07,2,0,19,5
8475660,2022-23,2023-01-09,2,1,36,3
8475660,2022-23,2023-01-16,2,1,20,2
8475660,2022-23,2023-01-18,2,1,19,4
8475660,2022-23,2023-01-20,2,1,44,4
8475660,2022-23,2023-01-25,2,1,14,0
8475660,2022-23,2023-02-24,2,1,29,3
8475660,2022-23,2023-02-27,2,1,24,2
8475660,2022-23,2023-03-02,2,1,32,3
8475660,2022-23,2023-03-04,2,1,21,2
8475660,2022-23,2023-03-30,2,1,11,4
8475660,2022-23,2023-04-01,2,0,4,0
8475660,2022-23,2023-04-02,2,1,22,4
8475660,2022-23,2023-04-08,2,1,24,4
8475660,2023-24,2023-10-11,2,1,36,4
8475660,2023-24,2023-10-17,2,1,27,1
8475660,2023-24,2023-10-19,2,1,32,3
8475660,2023-24,2023-10-21,2,1,25,4
8475660,2023-24,2023-10-27,2,0,18,1
8475660,2023-24,2023-10-28,2,1,30,3
8475660,2023-24,2023-10-31,2,1,30,1
8475660,2023-24,2023-11-02,2,1,26,2
8475660,2023-24,2023-11-04,2,1,24,0
8475660,2023-24,2023-11-08,2,1,38,1
8475660,2023-24,2023-11-11,2,1,26,4
8475660,2023-24,2023-11-16,2,1,31,1
8475660,2023-24,2023-11-18,2,1,30,1
8475660,2023-24,2023-11-24,2,1,31,2
8475660,2023-24,2023-11-29,2,1,15,2
8475660,2023-24,2023-12-03,2,1,21,1
8475660,2023-24,2023-12-07,2,1,24,0
8475660,2023-24,2023-12-09,2,1,30,3
8475660,2023-24,2023-12-13,2,1,28,4
8475660,2023-24,2023-12-16,2,1,19,2
8475660,2023-24,2023-12-20,2,1,30,2
8475660,2023-24,2023-12-23,2,1,32,3
8475660,2023-24,2023-12-28,2,1,32,3
8475660,2023-24,2023-12-30,2,1,26,2
8475660,2023-24,2024-01-02,2,1,28,2
8475660,2023-24,2024-01-07,2,1,34,4
8475660,2023-24,2024-01-09,2,1,29,3
8475660,2023-24,2024-01-11,2,1,41,3
8475660,2023-24,2024-01-13,2,1,27,5
8475660,2023-24,2024-01-16,2,1,28,5
8475660,2023-24,2024-01-24,2,1,37,5
8475660,2023-24,2024-01-26,2,1,12,3
8475660,2023-24,2024-02-13,2,0,7,2
8475660,2023-24,2024-02-18,2,1,30,1
8475660,2023-24,2024-02-20,2,1,33,1
8475660,2023-24,2024-02-27,2,1,36,3
8475660,2023-24,2024-02-29,2,1,24,1
8475660,2023-24,2024-03-03,2,1,31,1
8475660,2023-24,2024-03-05,2,1,31,2
8475660,2023-24,2024-03-07,2,1,31,3
8475660,2023-24,2024-03-09,2,1,34,3
8475660,2023-24,2024-03-13,2,1,30,3
8475660,2023-24,2024-03-15,2,1,28,0
8475660,2023-24,2024-03-19,2,1,24,2
8475660,2023-24,2024-03-23,2,1,24,3
8475660,2023-24,2024-03-25,2,1,23,2
8475660,2023-24,2024-03-28,2,1,19,3
8475660,2023-24,2024-04-01,2,1,32,4
8475660,2023-24,2024-04-03,2,1,23,2
8475660,2023-24,2024-04-06,2,1,42,3
8475660,2023-24,2024-04-09,2,1,27,3
8475660,2023-24,2024-04-11,2,1,23,1
8475660,2023-24,2024-04-15,2,1,28,3
8475660,2023-24,2024-04-18,2,1,13,4
8475660,2023-24,2024-04-22,3,1,44,6
8475660,2023-24,2024-04-24,3,1,31,4
8475660,2023-24,2024-04-26,3,1,40,6
8475660,2024-25,2024-10-10,2,0,14,2
8475660,2024-25,2024-10-12,2,1,42,0
8475660,2024-25,2024-10-17,2,1,19,5
8475660,2024-25,2024-10-24,2,1,40,3
8475660,2024-25,2024-10-27,2,1,34,3
8475660,2024-25,2024-11-02,2,1,32,1
8475660,2024-25,2024-11-06,2,1,29,1
8475660,2024-25,2024-11-08,2,1,19,2
8475660,2024-25,2024-11-13,2,1,33,2
8475660,2024-25,2024-11-16,2,1,40,3
8475660,2024-25,2024-11-18,2,1,34,5
8475660,2024-25,2024-11-23,2,1,29,2
8475660,2024-25,2024-11-27,2,1,25,1
8475660,2024-25,2024-11-29,2,1,29,5
8475660,2024-25,2024-12-01,2,1,14,2
8475660,2024-25,2024-12-12,2,1,34,2
8475660,2024-25,2024-12-20,2,1,33,4
8475660,2024-25,2024-12-23,2,1,20,3
8475660,2024-25,2024-12-27,2,1,21,5
8475660,2024-25,2025-01-02,2,1,25,4
8475660,2024-25,2025-01-07,2,0,23,2
8475660,2024-25,2025-01-10,2,1,15,3
8475660,2024-25,2025-01-12,2,1,33,2
8475660,2024-25,2025-01-16,2,1,43,2
8475660,2024-25,2025-01-18,2,1,16,5
8475660,2024-25,2025-01-23,2,1,29,2
8475660,2024-25,2025-01-25,2,1,28,0
8475660,2024-25,2025-01-27,2,1,25,2
8475660,2024-25,2025-02-01,2,1,34,1
8475660,2024-25,2025-02-04,2,1,27,4
8475660,2024-25,2025-02-08,2,0,14,3
8475660,2024-25,2025-02-22,2,1,39,4
8475660,2024-25,2025-02-25,2,1,24,2
8475660,2024-25,2025-02-27,2,1,29,4
8475660,2024-25,2025-03-01,2,1,20,4
8475660,2024-25,2025-03-07,2,1,28,5
8475660,2024-25,2025-03-10,2,1,23,2
8475660,2024-25,2025-03-22,2,1,35,5
8475660,2024-25,2025-03-27,2,0,22,1
8475660,2024-25,2025-03-29,2,1,21,1
8475660,2024-25,2025-04-01,2,1,37,2
8475660,2024-25,2025-04-04,2,1,33,3
8475660,2024-25,2025-04-06,2,1,33,1
8475660,2024-25,2025-04-08,2,1,19,2
8475660,2024-25,2025-04-10,2,1,31,4
8475660,2024-25,2025-04-14,2,1,28,4
8475660,2024-25,2025-04-17,2,1,20,4
8475660,2025-26,2025-10-09,2,0,4,0
8475660,2025-26,2025-10-11,2,1,23,3
8475660,2025-26,2025-10-13,2,1,40,2
8475660,2025-26,2025-10-15,2,1,21,1
8475660,2025-26,2025-10-23,2,1,30,7
8475660,2025-26,2025-10-30,2,1,39,3
8475660,2025-26,2025-11-02,2,1,18,2
8475660,2025-26,2025-11-07,2,1,26,4
8475660,2025-26,2025-11-13,2,0,11,1
8475660,2025-26,2025-11-16,2,1,19,1
8475660,2025-26,2025-11-18,2,1,22,2
8475660,2025-26,2025-11-22,2,1,35,3
8475660,2025-26,2025-11-24,2,1,20,4
8475660,2025-26,2025-11-26,2,1,28,5
8475660,2025-26,2025-11-29,2,1,20,2
8475660,2025-26,2025-12-04,2,1,32,5
8475660,2025-26,2025-12-11,2,1,28,3
8475660,2025-26,2025-12-17,2,1,28,4
8475660,2025-26,2025-12-21,2,1,33,2
8475660,2025-26,2025-12-28,2,1,27,2
8475660,2025-26,2026-01-01,2,1,31,4
8475660,2025-26,2026-01-13,2,1,40,2
8475660,2025-26,2026-01-22,2,1,39,4
8475660,2025-26,2026-01-31,2,0,4,1
8475660,2025-26,2026-02-28,2,1,36,5
8475660,2025-26,2026-03-02,2,0,19,1
8475660,2025-26,2026-03-04,2,1,25,4
8475660,2025-26,2026-03-08,2,0,10,0
8475660,2025-26,2026-03-28,2,0,4,0
8475660,2025-26,2026-03-31,2,0,18,2
8475660,2025-26,2026-04-05,2,1,20,5
8475660,2025-26,2026-04-09,2,0,12,1
8475660,2025-26,2026-04-13,2,1,22,4
8475660,2025-26,2026-04-15,2,0,13,4
8475683,2020-21,2021-01-19,2,1,36,4
8475683,2020-21,2021-01-26,2,1,22,3
8475683,2020-21,2021-01-30,2,1,27,2
8475683,2020-21,2021-02-04,2,1,41,6
8475683,2020-21,2021-02-09,2,1,32,1
8475683,2020-21,2021-02-11,2,1,21,2
8475683,2020-21,2021-02-13,2,1,28,6
8475683,2020-21,2021-02-20,2,1,27,2
8475683,2020-21,2021-02-25,2,1,39,2
8475683,2020-21,2021-02-27,2,1,33,3
8475683,2020-21,2021-03-04,2,1,35,4
8475683,2020-21,2021-03-06,2,1,30,2
8475683,2020-21,2021-03-09,2,1,40,2
8475683,2020-21,2021-03-11,2,1,32,4
8475683,2020-21,2021-03-13,2,1,32,2
8475683,2020-21,2021-03-15,2,1,29,3
8475683,2020-21,2021-03-18,2,1,27,2
8475683,2020-21,2021-03-21,2,1,23,4
8475683,2020-21,2021-03-25,2,1,20,2
8475683,2020-21,2021-03-27,2,1,34,3
8475683,2020-21,2021-03-30,2,1,36,1
8475683,2020-21,2021-04-03,2,1,46,2
8475683,2020-21,2021-04-06,2,1,34,3
8475683,2020-21,2021-04-10,2,1,20,4
8475683,2020-21,2021-04-17,2,1,31,3
8475683,2020-21,2021-04-19,2,1,36,2
8475683,2020-21,2021-04-22,2,1,28,3
8475683,2020-21,2021-04-26,2,0,11,2
8475683,2020-21,2021-04-27,2,1,21,4
8475683,2020-21,2021-05-01,2,1,35,4
8475683,2020-21,2021-05-08,2,1,29,1
8475683,2020-21,2021-05-16,3,1,40,5
8475683,2020-21,2021-05-20,3,0,9,0
8475683,2020-21,2021-05-22,3,1,14,5
8475683,2021-22,2021-10-14,2,1,47,4
8475683,2021-22,2021-10-16,2,1,30,1
8475683,2021-22,2021-10-21,2,1,31,1
8475683,2021-22,2021-10-23,2,1,29,2
8475683,2021-22,2021-10-27,2,1,31,1
8475683,2021-22,2021-10-29,2,1,30,2
8475683,2021-22,2021-11-04,2,1,13,0
8475683,2021-22,2021-11-11,2,1,31,2
8475683,2021-22,2021-11-13,2,1,24,3
8475683,2021-22,2021-11-16,2,1,28,1
8475683,2021-22,2021-11-20,2,1,39,4
8475683,2021-22,2021-11-24,2,1,33,1
8475683,2021-22,2021-11-26,2,1,22,3
8475683,2021-22,2021-11-30,2,1,27,4
8475683,2021-22,2021-12-02,2,1,12,4
8475683,2021-22,2021-12-04,2,1,25,3
8475683,2021-22,2021-12-10,2,1,23,1
8475683,2021-22,2021-12-12,2,1,26,3
8475683,2021-22,2021-12-16,2,1,31,4
8475683,2021-22,2021-12-29,2,1,33,3
8475683,2021-22,2022-01-01,2,1,31,2
8475683,2021-22,2022-01-04,2,1,49,2
8475683,2021-22,2022-01-06,2,1,36,5
8475683,2021-22,2022-01-08,2,1,27,3
8475683,2021-22,2022-01-11,2,1,44,2
8475683,2021-22,2022-01-14,2,1,30,1
8475683,2021-22,2022-01-15,2,1,30,2
8475683,2021-22,2022-01-20,2,1,40,0
8475683,2021-22,2022-01-23,2,1,28,4
8475683,2021-22,2022-01-25,2,1,35,3
8475683,2021-22,2022-01-29,2,1,34,4
8475683,2021-22,2022-01-31,2,1,36,4
8475683,2021-22,2022-02-16,2,1,18,2
8475683,2021-22,2022-02-18,2,1,26,2
8475683,2021-22,2022-02-20,2,1,24,2
8475683,2021-22,2022-02-22,2,1,32,5
8475683,2021-22,2022-02-26,2,1,22,4
8475683,2021-22,2022-03-03,2,1,18,0
8475683,2021-22,2022-03-05,2,1,25,2
8475683,2021-22,2022-03-08,2,1,35,3
8475683,2021-22,2022-03-10,2,1,37,3
8475683,2021-22,2022-03-26,2,1,22,3
8475683,2021-22,2022-03-29,2,1,24,4
8475683,2021-22,2022-03-31,2,1,37,0
8475683,2021-22,2022-04-02,2,1,25,6
8475683,2021-22,2022-04-05,2,1,14,4
8475683,2021-22,2022-04-08,2,1,22,3
8475683,2021-22,2022-04-12,2,1,24,2
8475683,2021-22,2022-04-15,2,1,31,1
8475683,2021-22,2022-04-19,2,1,26,2
8475683,2021-22,2022-04-21,2,1,30,2
8475683,2021-22,2022-04-23,2,1,36,2
8475683,2021-22,2022-04-24,2,0,16,3
8475683,2021-22,2022-04-26,2,1,37,3
8475683,2021-22,2022-05-03,3,1,37,3
8475683,2021-22,2022-05-05,3,1,27,1
8475683,2021-22,2022-05-07,3,1,30,5
8475683,2021-22,2022-05-09,3,1,16,2
8475683,2021-22,2022-05-11,3,1,33,3
8475683,2021-22,2022-05-13,3,1,37,3
8475683,2021-22,2022-05-17,3,1,36,4
8475683,2021-22,2022-05-19,3,1,28,2
8475683,2021-22,2022-05-22,3,1,34,3
8475683,2021-22,2022-05-23,3,1,25,1
8475683,2022-23,2022-10-13,2,1,33,1
8475683,2022-23,2022-10-17,2,1,33,4
8475683,2022-23,2022-10-19,2,1,33,3
8475683,2022-23,2022-10-21,2,1,32,3
8475683,2022-23,2022-10-25,2,1,21,3
8475683,2022-23,2022-10-27,2,1,22,4
8475683,2022-23,2022-11-03,2,1,39,3
8475683,2022-23,2022-11-05,2,1,39,5
8475683,2022-23,2022-11-15,2,1,43,2
8475683,2022-23,2022-11-17,2,1,11,4
8475683,2022-23,2022-11-20,2,1,23,5
8475683,2022-23,2022-11-29,2,1,23,6
8475683,2022-23,2022-12-06,2,0,15,1
8475683,2022-23,2022-12-08,2,1,20,1
8475683,2022-23,2022-12-10,2,1,38,4
8475683,2022-23,2022-12-11,2,1,31,4
8475683,2022-23,2022-12-13,2,1,22,0
8475683,2022-23,2022-12-15,2,1,38,3
8475683,2022-23,2022-12-17,2,1,32,2
8475683,2022-23,2022-12-21,2,1,32,3
8475683,2022-23,2022-12-23,2,1,42,4
8475683,2022-23,2022-12-29,2,1,27,2
8475683,2022-23,2023-01-01,2,1,28,5
8475683,2022-23,2023-01-06,2,1,31,2
8475683,2022-23,2023-01-10,2,1,31,4
8475683,2022-23,2023-01-12,2,1,32,3
8475683,2022-23,2023-01-14,2,1,38,3
8475683,2022-23,2023-01-16,2,1,29,1
8475683,2022-23,2023-01-17,2,1,37,5
8475683,2022-23,2023-01-19,2,1,0,0
8475683,2022-23,2023-02-06,2,1,33,1
8475683,2022-23,2023-02-09,2,1,34,1
8475683,2022-23,2023-02-11,2,1,49,4
8475683,2022-23,2023-02-13,2,1,28,1
8475683,2022-23,2023-02-16,2,1,32,3
8475683,2022-23,2023-02-18,2,1,11,4
8475683,2022-23,2023-02-20,2,1,32,3
8475683,2022-23,2023-02-24,2,1,33,3
8475683,2022-23,2023-02-28,2,1,29,1
8475683,2022-23,2023-03-02,2,1,23,2
8475683,2022-23,2023-03-04,2,1,32,1
8475683,2022-23,2023-03-07,2,1,23,1
8475683,2022-23,2023-03-10,2,1,24,3
8475683,2022-23,2023-03-11,2,1,27,5
8475683,2022-23,2023-03-16,2,1,30,5
8475683,2022-23,2023-03-18,2,1,35,2
8475683,2022-23,2023-03-20,2,1,22,2
8475683,2022-23,2023-03-23,2,1,26,5
8475683,2022-23,2023-03-25,2,1,42,4
8475683,2022-23,2023-03-27,2,1,26,4
8475683,2022-23,2023-04-21,3,0,9,1
8475683,2022-23,2023-04-23,3,1,30,5
8475683,2022-23,2023-04-26,3,1,47,3
8475683,2022-23,2023-04-28,3,1,34,5
8475683,2022-23,2023-04-30,3,1,36,3
8475683,2022-23,2023-05-02,3,1,36,2
8475683,2022-23,2023-05-04,3,1,37,2
8475683,2022-23,2023-05-07,3,1,24,2
8475683,2022-23,2023-05-10,3,1,25,2
8475683,2022-23,2023-05-12,3,1,52,2
8475683,2022-23,2023-05-18,3,1,65,2
8475683,2022-23,2023-05-20,3,1,38,1
8475683,2022-23,2023-05-22,3,1,32,0
8475683,2022-23,2023-05-24,3,1,39,3
8475683,2022-23,2023-06-03,3,1,33,4
8475683,2022-23,2023-06-05,3,1,13,4
8475683,2022-23,2023-06-08,3,1,27,2
8475683,2022-23,2023-06-10,3,1,31,3
8475683,2022-23,2023-06-13,3,1,31,8
8475683,2023-24,2023-10-12,2,1,21,2
8475683,2023-24,2023-10-14,2,1,34,5
8475683,2023-24,2023-10-16,2,1,34,3
8475683,2023-24,2023-10-19,2,1,30,1
8475683,2023-24,2023-10-21,2,1,30,4
8475683,2023-24,2023-10-28,2,1,33,2
8475683,2023-24,2023-10-30,2,1,26,3
8475683,2023-24,2023-11-02,2,1,22,0
8475683,2023-24,2023-11-06,2,1,23,4
8475683,2023-24,2023-11-08,2,1,28,3
8475683,2023-24,2023-11-10,2,1,30,2
8475683,2023-24,2023-11-12,2,1,26,3
8475683,2023-24,2023-11-16,2,1,27,2
8475683,2023-24,2023-11-20,2,1,29,3
8475683,2023-24,2023-11-22,2,1,25,3
8475683,2023-24,2023-11-24,2,1,30,2
8475683,2023-24,2023-11-27,2,1,20,0
8475683,2023-24,2023-11-30,2,1,22,1
8475683,2023-24,2023-12-06,2,1,33,4
8475683,2023-24,2023-12-08,2,1,26,1
8475683,2023-24,2023-12-12,2,1,22,3
8475683,2023-24,2023-12-14,2,1,17,4
8475683,2023-24,2023-12-16,2,1,39,1
8475683,2023-24,2023-12-21,2,1,23,3
8475683,2023-24,2023-12-23,2,1,25,2
8475683,2023-24,2023-12-27,2,1,29,2
8475683,2023-24,2023-12-29,2,1,34,3
8475683,2023-24,2024-01-02,2,1,22,1
8475683,2023-24,2024-01-04,2,1,27,1
8475683,2023-24,2024-01-06,2,1,26,4
8475683,2023-24,2024-01-11,2,1,33,2
8475683,2023-24,2024-01-13,2,1,21,3
8475683,2023-24,2024-01-17,2,1,29,3
8475683,2023-24,2024-01-19,2,1,15,4
8475683,2023-24,2024-01-24,2,1,33,2
8475683,2023-24,2024-01-26,2,1,37,2
8475683,2023-24,2024-02-08,2,1,23,2
8475683,2023-24,2024-02-10,2,1,34,0
8475683,2023-24,2024-02-14,2,1,27,2
8475683,2023-24,2024-02-17,2,1,30,2
8475683,2023-24,2024-02-20,2,1,30,2
8475683,2023-24,2024-02-22,2,1,29,1
8475683,2023-24,2024-02-27,2,1,30,2
8475683,2023-24,2024-03-02,2,1,21,0
8475683,2023-24,2024-03-04,2,1,28,2
8475683,2023-24,2024-03-07,2,1,26,2
8475683,2023-24,2024-03-12,2,1,30,3
8475683,2023-24,2024-03-14,2,1,34,3
8475683,2023-24,2024-03-16,2,1,15,4
8475683,2023-24,2024-03-21,2,1,37,3
8475683,2023-24,2024-03-23,2,1,37,3
8475683,2023-24,2024-03-26,2,1,21,4
8475683,2023-24,2024-03-30,2,1,22,2
8475683,2023-24,2024-04-01,2,1,16,5
8475683,2023-24,2024-04-04,2,1,30,0
8475683,2023-24,2024-04-06,2,1,29,3
8475683,2023-24,2024-04-11,2,1,25,0
8475683,2023-24,2024-04-13,2,1,29,2
8475683,2023-24,2024-04-21,3,1,19,2
8475683,2023-24,2024-04-23,3,1,23,2
8475683,2023-24,2024-04-25,3,1,29,3
8475683,2023-24,2024-04-27,3,1,32,6
8475683,2023-24,2024-04-29,3,1,32,1
8475683,2023-24,2024-05-06,3,1,28,4
8475683,2023-24,2024-05-08,3,1,15,1
8475683,2023-24,2024-05-10,3,1,17,2
8475683,2023-24,2024-05-12,3,1,18,2
8475683,2023-24,2024-05-14,3,1,28,2
8475683,2023-24,2024-05-17,3,1,23,1
8475683,2023-24,2024-05-22,3,1,24,0
8475683,2023-24,2024-05-24,3,1,30,2
8475683,2023-24,2024-05-26,3,1,23,5
8475683,2023-24,2024-05-28,3,1,23,2
8475683,2023-24,2024-05-30,3,1,27,2
8475683,2023-24,2024-06-01,3,1,24,1
8475683,2023-24,2024-06-08,3,1,32,0
8475683,2023-24,2024-06-10,3,1,19,1
8475683,2023-24,2024-06-13,3,1,35,3
8475683,2023-24,2024-06-15,3,1,16,5
8475683,2023-24,2024-06-18,3,1,23,4
8475683,2023-24,2024-06-21,3,1,19,3
8475683,2023-24,2024-06-24,3,1,24,1
8475683,2024-25,2024-10-08,2,1,28,4
8475683,2024-25,2024-10-10,2,1,30,2
8475683,2024-25,2024-10-14,2,1,27,3
8475683,2024-25,2024-10-17,2,1,33,3
8475683,2024-25,2024-10-19,2,1,26,3
8475683,2024-25,2024-10-22,2,1,16,5
8475683,2024-25,2024-10-24,2,1,25,1
8475683,2024-25,2024-10-28,2,1,28,2
8475683,2024-25,2024-11-01,2,1,36,4
8475683,2024-25,2024-11-07,2,1,18,2
8475683,2024-25,2024-11-09,2,1,37,3
8475683,2024-25,2024-11-14,2,1,28,5
8475683,2024-25,2024-11-16,2,1,27,0
8475683,2024-25,2024-11-19,2,1,25,4
8475683,2024-25,2024-11-23,2,1,24,6
8475683,2024-25,2024-11-27,2,1,24,1
8475683,2024-25,2024-11-29,2,1,31,3
8475683,2024-25,2024-12-07,2,1,29,1
8475683,2024-25,2024-12-10,2,1,18,1
8475683,2024-25,2024-12-12,2,1,19,4
8475683,2024-25,2024-12-16,2,1,30,5
8475683,2024-25,2024-12-18,2,1,27,1
8475683,2024-25,2024-12-20,2,1,27,1
8475683,2024-25,2024-12-23,2,1,28,3
8475683,2024-25,2024-12-30,2,1,35,3
8475683,2024-25,2025-01-02,2,1,39,2
8475683,2024-25,2025-01-06,2,1,33,2
8475683,2024-25,2025-01-08,2,1,26,1
8475683,2024-25,2025-01-11,2,1,18,4
8475683,2024-25,2025-01-13,2,1,29,4
8475683,2024-25,2025-01-16,2,1,15,4
8475683,2024-25,2025-01-21,2,1,30,2
8475683,2024-25,2025-01-25,2,1,23,2
8475683,2024-25,2025-01-29,2,1,29,0
8475683,2024-25,2025-02-01,2,1,25,1
8475683,2024-25,2025-02-04,2,1,24,4
8475683,2024-25,2025-02-08,2,1,27,1
8475683,2024-25,2025-02-22,2,1,22,2
8475683,2024-25,2025-02-27,2,1,27,3
8475683,2024-25,2025-03-01,2,1,23,0
8475683,2024-25,2025-03-03,2,1,29,1
8475683,2024-25,2025-03-06,2,1,16,0
8475683,2024-25,2025-03-11,2,1,24,3
8475683,2024-25,2025-03-13,2,1,25,2
8475683,2024-25,2025-03-15,2,1,15,3
8475683,2024-25,2025-03-20,2,1,25,0
8475683,2024-25,2025-03-23,2,1,27,3
8475683,2024-25,2025-03-28,2,1,15,1
8475683,2024-25,2025-03-30,2,1,22,3
8475683,2024-25,2025-04-02,2,1,26,3
8475683,2024-25,2025-04-05,2,1,21,2
8475683,2024-25,2025-04-08,2,1,18,1
8475683,2024-25,2025-04-10,2,1,23,1
8475683,2024-25,2025-04-14,2,1,25,5
8475683,2024-25,2025-04-22,3,1,22,2
8475683,2024-25,2025-04-24,3,1,19,0
8475683,2024-25,2025-04-26,3,1,21,4
8475683,2024-25,2025-04-28,3,1,20,2
8475683,2024-25,2025-04-30,3,1,29,3
8475683,2024-25,2025-05-05,3,1,30,5
8475683,2024-25,2025-05-07,3,1,20,4
8475683,2024-25,2025-05-09,3,1,31,4
8475683,2024-25,2025-05-11,3,1,23,0
8475683,2024-25,2025-05-14,3,1,32,1
8475683,2024-25,2025-05-16,3,1,17,2
8475683,2024-25,2025-05-18,3,1,20,1
8475683,2024-25,2025-05-20,3,1,33,2
8475683,2024-25,2025-05-22,3,1,17,0
8475683,2024-25,2025-05-24,3,1,25,2
8475683,2024-25,2025-05-26,3,1,26,1
8475683,2024-25,2025-05-28,3,1,23,3
8475683,2024-25,2025-06-04,3,1,46,4
8475683,2024-25,2025-06-06,3,1,46,4
8475683,2024-25,2025-06-09,3,1,33,1
8475683,2024-25,2025-06-12,3,1,35,5
8475683,2024-25,2025-06-14,3,1,21,2
8475683,2024-25,2025-06-17,3,1,29,1
8475683,2025-26,2025-10-07,2,1,19,2
8475683,2025-26,2025-10-09,2,1,20,1
8475683,2025-26,2025-10-11,2,1,28,2
8475683,2025-26,2025-10-15,2,1,23,2
8475683,2025-26,2025-10-18,2,1,31,3
8475683,2025-26,2025-10-21,2,1,31,3
8475683,2025-26,2025-10-23,2,1,17,5
8475683,2025-26,2025-10-25,2,1,17,0
8475683,2025-26,2025-11-01,2,1,22,3
8475683,2025-26,2025-11-04,2,1,32,7
8475683,2025-26,2025-11-06,2,1,26,2
8475683,2025-26,2025-11-10,2,1,32,2
8475683,2025-26,2025-11-15,2,1,19,2
8475683,2025-26,2025-11-17,2,1,15,5
8475683,2025-26,2025-11-20,2,1,32,0
8475683,2025-26,2025-11-22,2,1,17,4
8475683,2025-26,2025-11-26,2,1,18,4
8475683,2025-26,2025-12-02,2,1,30,3
8475683,2025-26,2025-12-04,2,1,29,2
8475683,2025-26,2025-12-06,2,1,31,6
8475683,2025-26,2025-12-10,2,1,30,3
8475683,2025-26,2025-12-13,2,1,15,0
8475683,2025-26,2025-12-15,2,1,28,2
8475683,2025-26,2025-12-19,2,1,29,3
8475683,2025-26,2025-12-23,2,1,19,2
8475683,2025-26,2025-12-27,2,1,24,3
8475683,2025-26,2025-12-29,2,1,27,3
8475683,2025-26,2026-01-02,2,1,19,4
8475683,2025-26,2026-01-06,2,1,22,3
8475683,2025-26,2026-01-08,2,1,19,5
8475683,2025-26,2026-01-10,2,1,19,2
8475683,2025-26,2026-01-12,2,1,23,3
8475683,2025-26,2026-01-16,2,1,36,9
8475683,2025-26,2026-01-19,2,1,27,3
8475683,2025-26,2026-01-24,2,1,21,3
8475683,2025-26,2026-01-27,2,1,19,3
8475683,2025-26,2026-01-31,2,1,21,2
8475683,2025-26,2026-02-02,2,1,20,5
8475683,2025-26,2026-02-04,2,1,29,4
8475683,2025-26,2026-02-05,2,0,3,1
8475683,2025-26,2026-02-26,2,1,30,1
8475683,2025-26,2026-03-01,2,1,26,5
8475683,2025-26,2026-03-03,2,1,31,3
8475683,2025-26,2026-03-06,2,1,29,1
8475683,2025-26,2026-03-12,2,1,31,1
8475683,2025-26,2026-03-17,2,1,22,5
8475683,2025-26,2026-03-19,2,1,21,0
8475683,2025-26,2026-03-24,2,1,27,4
8475683,2025-26,2026-03-29,2,1,21,2
8475683,2025-26,2026-04-02,2,1,29,1
8475683,2025-26,2026-04-04,2,1,19,6
8475683,2025-26,2026-04-09,2,1,25,4
8475717,2020-21,2021-02-03,2,0,21,2
8475717,2020-21,2021-03-25,2,0,23,4
8475717,2020-21,2021-03-27,2,1,22,1
8475717,2020-21,2021-03-28,2,1,17,1
8475717,2020-21,2021-03-30,2,1,8,3
8475717,2020-21,2021-05-08,2,1,36,5
8475717,2021-22,2022-01-26,2,0,21,3
8475717,2021-22,2022-01-28,2,1,38,2
8475717,2021-22,2022-03-27,2,0,13,4
8475717,2023-24,2023-11-20,2,1,32,4
8475717,2023-24,2023-11-22,2,0,14,1
8475717,2023-24,2023-12-10,2,1,26,1
8475717,2023-24,2023-12-16,2,1,39,5
8475717,2023-24,2023-12-21,2,1,26,3
8475717,2023-24,2023-12-31,2,1,30,2
8475717,2023-24,2024-01-11,2,1,18,2
8475717,2023-24,2024-01-25,2,1,27,0
8475717,2023-24,2024-02-09,2,1,27,3
8475717,2023-24,2024-02-17,2,1,27,3
8475717,2023-24,2024-02-23,2,1,19,3
8475717,2023-24,2024-03-03,2,1,23,1
8475717,2023-24,2024-03-07,2,1,33,3
8475717,2023-24,2024-03-10,2,1,41,0
8475717,2023-24,2024-03-19,2,1,25,2
8475717,2023-24,2024-03-23,2,0,5,0
8475717,2023-24,2024-03-24,2,1,15,4
8475717,2023-24,2024-03-30,2,1,22,1
8475717,2023-24,2024-04-03,2,1,32,5
8475717,2023-24,2024-04-06,2,1,35,2
8475717,2023-24,2024-04-12,2,1,28,3
8475717,2023-24,2024-04-17,2,1,23,4
8475717,2023-24,2024-04-18,2,0,14,1
8475717,2023-24,2024-05-12,3,0,3,0
8475717,2023-24,2024-05-14,3,1,21,2
8475717,2023-24,2024-05-16,3,1,35,3
8475717,2024-25,2024-10-09,2,0,7,1
8475717,2024-25,2024-10-12,2,1,20,5
8475717,2024-25,2024-10-17,2,1,27,2
8475717,2024-25,2024-10-27,2,1,26,2
8475717,2024-25,2024-10-31,2,1,27,1
8475717,2024-25,2024-11-04,2,1,16,3
8475717,2024-25,2024-11-14,2,1,22,2
8475717,2024-25,2024-11-18,2,1,24,2
8475717,2024-25,2024-11-29,2,1,31,3
8475717,2024-25,2024-12-05,2,1,22,3
8475717,2024-25,2024-12-12,2,1,30,1
8475717,2024-25,2024-12-21,2,1,22,2
8475717,2024-25,2024-12-29,2,1,31,4
8475717,2024-25,2025-01-04,2,1,18,2
8475717,2024-25,2025-01-07,2,0,0,0
8475717,2024-25,2025-01-11,2,1,22,3
8475717,2024-25,2025-01-15,2,1,34,3
8475717,2024-25,2025-01-23,2,1,26,2
8475717,2024-25,2025-01-27,2,1,28,2
8475717,2024-25,2025-02-05,2,1,32,3
8475717,2024-25,2025-02-07,2,0,19,2
8475717,2024-25,2025-02-23,2,1,34,6
8475717,2024-25,2025-03-01,2,1,36,1
8475717,2024-25,2025-03-04,2,1,11,4
8475717,2024-25,2025-03-14,2,1,25,1
8475717,2024-25,2025-03-18,2,1,30,1
8475717,2024-25,2025-03-20,2,0,4,1
8475717,2024-25,2025-03-26,2,0,3,0
8475717,2024-25,2025-03-27,2,1,29,5
8475717,2024-25,2025-03-29,2,1,28,2
8475717,2024-25,2025-04-01,2,1,22,2
8475717,2024-25,2025-04-03,2,1,29,2
8475717,2024-25,2025-04-05,2,1,28,2
8475717,2024-25,2025-04-09,2,1,26,3
8475717,2024-25,2025-04-11,2,1,24,2
8475717,2024-25,2025-04-14,2,1,36,5
8475717,2024-25,2025-04-23,3,0,3,1
8475717,2024-25,2025-04-25,3,1,28,4
8475717,2024-25,2025-04-27,3,1,41,3
8475717,2024-25,2025-04-29,3,1,22,1
8475717,2024-25,2025-05-01,3,1,27,4
8475717,2024-25,2025-05-06,3,1,17,2
8475717,2024-25,2025-05-08,3,1,32,4
8475717,2024-25,2025-06-09,3,0,8,1
8475717,2024-25,2025-06-12,3,0,23,1
8475717,2024-25,2025-06-14,3,1,18,4
8475789,2020-21,2021-01-16,2,1,19,2
8475789,2020-21,2021-01-24,2,1,33,2
8475789,2020-21,2021-02-27,2,1,30,0
8475789,2020-21,2021-03-20,2,1,31,0
8475789,2020-21,2021-03-25,2,1,31,2
8475789,2020-21,2021-03-27,2,1,20,3
8475789,2020-21,2021-03-31,2,1,27,1
8475789,2020-21,2021-04-02,2,1,32,1
8475789,2020-21,2021-04-05,2,1,29,3
8475789,2020-21,2021-04-07,2,1,34,2
8475789,2020-21,2021-04-10,2,1,32,5
8475789,2020-21,2021-04-12,2,1,24,3
8475789,2020-21,2021-04-15,2,1,6,3
8475789,2020-21,2021-04-18,2,1,24,3
8475789,2020-21,2021-04-22,2,1,37,3
8475789,2020-21,2021-04-24,2,1,26,1
8475789,2020-21,2021-04-28,2,1,33,1
8475789,2020-21,2021-05-01,2,1,27,1
8475789,2020-21,2021-05-03,2,1,23,3
8475789,2020-21,2021-05-06,2,1,21,2
8475789,2020-21,2021-05-08,2,1,23,2
8475789,2020-21,2021-05-14,2,1,23,3
8475789,2020-21,2021-05-20,3,1,30,2
8475789,2020-21,2021-05-22,3,1,23,1
8475789,2020-21,2021-05-24,3,1,29,1
8475789,2020-21,2021-05-25,3,1,32,0
8475789,2020-21,2021-05-27,3,1,30,4
8475789,2020-21,2021-05-29,3,1,31,3
8475789,2020-21,2021-05-31,3,1,22,2
8475789,2021-22,2021-10-13,2,1,32,1
8475789,2021-22,2021-10-14,2,0,10,0
8475789,2021-22,2021-10-16,2,1,21,1
8475789,2021-22,2021-10-18,2,1,23,2
8475789,2021-22,2021-10-23,2,1,21,5
8475789,2021-22,2021-10-25,2,1,35,3
8475789,2021-22,2021-10-27,2,1,29,2
8475789,2021-22,2021-11-02,2,1,26,0
8475789,2021-22,2021-11-04,2,1,25,1
8475789,2021-22,2021-11-06,2,1,44,2
8475789,2021-22,2021-11-08,2,1,28,4
8475789,2021-22,2021-11-10,2,1,36,0
8475789,2021-22,2021-11-12,2,1,31,1
8475789,2021-22,2021-11-16,2,1,24,0
8475789,2021-22,2021-11-18,2,1,28,1
8475789,2021-22,2021-11-20,2,1,31,2
8475789,2021-22,2021-11-24,2,1,32,2
8475789,2021-22,2021-11-28,2,1,40,1
8475789,2021-22,2021-12-01,2,1,31,3
8475789,2021-22,2021-12-04,2,1,40,3
8475789,2021-22,2021-12-07,2,1,32,4
8475789,2021-22,2021-12-09,2,1,26,4
8475789,2021-22,2021-12-14,2,1,36,1
8475789,2021-22,2022-01-01,2,1,23,0
8475789,2021-22,2022-01-05,2,1,30,2
8475789,2021-22,2022-01-08,2,1,49,5
8475789,2021-22,2022-01-11,2,1,34,3
8475789,2021-22,2022-01-15,2,1,25,5
8475789,2021-22,2022-01-19,2,1,26,5
8475789,2021-22,2022-01-26,2,1,20,3
8475789,2021-22,2022-01-31,2,1,9,3
8475789,2021-22,2022-02-01,2,1,32,1
8475789,2021-22,2022-02-10,2,1,26,5
8475789,2021-22,2022-02-14,2,1,25,2
8475789,2021-22,2022-02-17,2,1,46,1
8475789,2021-22,2022-02-19,2,1,33,5
8475789,2021-22,2022-02-22,2,1,30,4
8475789,2021-22,2022-02-26,2,1,25,5
8475789,2021-22,2022-03-05,2,1,28,5
8475789,2021-22,2022-03-08,2,1,30,4
8475789,2021-22,2022-04-02,2,1,32,3
8475789,2021-22,2022-04-04,2,1,34,2
8475789,2021-22,2022-04-05,2,0,26,4
8475789,2021-22,2022-04-07,2,1,18,3
8475789,2021-22,2022-04-14,2,1,25,3
8475789,2021-22,2022-04-17,2,1,29,2
8475789,2021-22,2022-04-19,2,1,39,2
8475789,2021-22,2022-04-23,2,1,35,3
8475789,2021-22,2022-04-26,2,1,20,0
8475789,2021-22,2022-05-02,3,1,24,0
8475789,2021-22,2022-05-04,3,1,34,5
8475789,2021-22,2022-05-06,3,1,34,2
8475789,2021-22,2022-05-08,3,1,16,5
8475789,2021-22,2022-05-10,3,1,35,3
8475789,2021-22,2022-05-12,3,1,35,4
8475789,2021-22,2022-05-14,3,1,25,2
8475789,2022-23,2022-10-12,2,1,36,3
8475789,2022-23,2022-10-15,2,1,11,4
8475789,2022-23,2022-10-20,2,1,40,4
8475789,2022-23,2022-10-22,2,1,21,1
8475789,2022-23,2022-10-24,2,1,35,3
8475789,2022-23,2022-10-27,2,1,36,5
8475789,2022-23,2022-11-01,2,1,23,4
8475789,2022-23,2022-11-05,2,1,36,6
8475789,2022-23,2022-11-08,2,1,37,2
8475789,2022-23,2022-11-10,2,1,32,7
8475789,2022-23,2022-11-23,2,1,31,3
8475789,2022-23,2022-11-26,2,1,23,3
8475789,2022-23,2022-12-01,2,1,30,5
8475789,2022-23,2022-12-13,2,1,32,3
8475789,2022-23,2022-12-19,2,1,35,4
8475789,2022-23,2022-12-31,2,1,17,2
8475789,2022-23,2023-01-03,2,0,3,0
8475789,2022-23,2023-01-05,2,1,22,2
8475789,2022-23,2023-01-09,2,0,13,2
8475789,2022-23,2023-01-11,2,1,23,2
8475789,2022-23,2023-01-13,2,1,26,1
8475789,2022-23,2023-01-14,2,1,30,3
8475789,2022-23,2023-01-17,2,1,31,2
8475789,2022-23,2023-01-19,2,1,31,3
8475789,2022-23,2023-01-28,2,1,28,3
8475789,2022-23,2023-02-07,2,1,32,2
8475789,2022-23,2023-02-11,2,1,29,3
8475789,2022-23,2023-02-15,2,1,23,4
8475789,2022-23,2023-02-17,2,1,38,4
8475789,2022-23,2023-02-19,2,1,42,6
8475789,2022-23,2023-02-25,2,1,14,4
8475789,2022-23,2023-03-04,2,1,38,6
8475789,2022-23,2023-03-20,2,1,32,4
8475789,2022-23,2023-03-27,2,1,33,4
8475789,2022-23,2023-04-01,2,1,36,0
8475789,2022-23,2023-04-05,2,1,28,1
8475789,2022-23,2023-04-23,3,0,28,1
8475789,2022-23,2023-05-08,3,0,10,1
8475789,2022-23,2023-05-12,3,0,9,0
8475789,2022-23,2023-05-14,3,0,4,0
8475809,2020-21,2021-01-21,2,1,35,4
8475809,2020-21,2021-01-24,2,1,28,0
8475809,2020-21,2021-01-26,2,1,30,4
8475809,2020-21,2021-01-28,2,1,17,3
8475809,2020-21,2021-01-30,2,1,31,3
8475809,2020-21,2021-03-07,2,1,40,0
8475809,2020-21,2021-03-09,2,1,30,5
8475809,2020-21,2021-03-14,2,1,34,2
8475809,2020-21,2021-03-18,2,1,42,2
8475809,2020-21,2021-03-20,2,1,29,3
8475809,2020-21,2021-03-26,2,1,31,4
8475809,2020-21,2021-04-06,2,1,17,4
8475809,2020-21,2021-04-20,2,1,13,4
8475809,2020-21,2021-04-22,2,0,8,1
8475809,2020-21,2021-05-03,2,1,42,3
8475809,2020-21,2021-05-10,2,1,31,4
8475809,2021-22,2021-10-21,2,1,27,4
8475809,2021-22,2021-10-26,2,0,22,2
8475809,2021-22,2021-10-31,2,1,26,3
8475809,2021-22,2021-11-06,2,0,29,2
8475809,2021-22,2021-11-10,2,0,8,0
8475809,2021-22,2021-11-12,2,1,29,2
8475809,2021-22,2021-11-16,2,1,36,2
8475809,2021-22,2021-11-18,2,1,46,4
8475809,2021-22,2021-11-20,2,1,34,1
8475809,2021-22,2021-11-24,2,1,43,4
8475809,2021-22,2021-11-27,2,1,29,3
8475809,2021-22,2021-11-30,2,1,37,5
8475809,2021-22,2021-12-06,2,1,27,4
8475809,2021-22,2021-12-10,2,1,23,3
8475809,2021-22,2021-12-15,2,1,30,3
8475809,2021-22,2021-12-17,2,1,37,5
8475809,2021-22,2021-12-28,2,1,27,7
8475809,2021-22,2022-01-21,2,1,35,4
8475809,2021-22,2022-01-22,2,0,7,1
8475809,2021-22,2022-01-28,2,1,37,2
8475809,2021-22,2022-02-01,2,1,40,2
8475809,2021-22,2022-02-20,2,1,33,1
8475809,2021-22,2022-02-23,2,1,35,3
8475809,2021-22,2022-02-25,2,1,44,1
8475809,2021-22,2022-02-27,2,1,37,4
8475809,2021-22,2022-03-05,2,1,46,5
8475809,2021-22,2022-03-10,2,1,38,4
8475809,2021-22,2022-03-14,2,1,43,3
8475809,2021-22,2022-03-19,2,1,48,3
8475809,2021-22,2022-03-24,2,1,47,3
8475809,2021-22,2022-04-02,2,1,28,4
8475809,2021-22,2022-04-07,2,1,41,4
8475809,2021-22,2022-04-12,2,1,25,0
8475809,2021-22,2022-04-14,2,1,27,3
8475809,2021-22,2022-04-18,2,0,11,1
8475809,2021-22,2022-04-20,2,1,49,4
8475809,2021-22,2022-04-27,2,1,37,4
8475809,2022-23,2022-10-20,2,1,43,3
8475809,2022-23,2022-10-24,2,1,32,4
8475809,2022-23,2022-10-29,2,0,17,4
8475809,2022-23,2022-11-01,2,1,32,2
8475809,2022-23,2022-11-03,2,1,30,2
8475809,2022-23,2022-11-05,2,1,30,2
8475809,2022-23,2022-11-08,2,1,32,4
8475809,2022-23,2022-11-17,2,1,23,2
8475809,2022-23,2022-11-26,2,1,36,4
8475809,2022-23,2022-11-28,2,1,24,1
8475809,2022-23,2022-12-04,2,0,15,1
8475809,2022-23,2022-12-13,2,1,36,1
8475809,2022-23,2022-12-17,2,1,38,5
8475809,2022-23,2023-01-04,2,1,27,2
8475809,2022-23,2023-01-14,2,1,36,6
8475809,2022-23,2023-01-19,2,1,34,0
8475809,2022-23,2023-02-11,2,1,30,2
8475809,2022-23,2023-02-18,2,1,36,3
8475809,2022-23,2023-04-03,2,1,27,1
8475809,2022-23,2023-04-10,2,0,7,0
8475809,2022-23,2023-04-12,2,1,18,2
8475809,2022-23,2023-05-07,3,0,8,2
8475809,2022-23,2023-05-13,3,0,10,1
8475809,2022-23,2023-05-23,3,0,11,1
8475809,2023-24,2023-10-21,2,1,40,4
8475809,2023-24,2023-10-26,2,1,23,3
8475809,2023-24,2023-11-02,2,1,49,3
8475809,2023-24,2023-11-11,2,1,33,2
8475809,2023-24,2023-11-20,2,1,33,3
8475809,2023-24,2023-11-30,2,1,36,4
8475809,2023-24,2023-12-07,2,1,27,4
8475809,2023-24,2023-12-15,2,0,27,2
8475809,2023-24,2023-12-16,2,1,34,4
8475809,2023-24,2023-12-18,2,1,38,3
8475809,2023-24,2023-12-21,2,1,20,3
8475809,2023-24,2023-12-23,2,1,21,2
8475809,2023-24,2023-12-27,2,1,30,2
8475809,2023-24,2023-12-29,2,1,29,4
8475809,2023-24,2023-12-31,2,1,24,1
8475809,2023-24,2024-01-02,2,1,18,4
8475809,2023-24,2024-01-04,2,1,34,5
8475809,2023-24,2024-01-06,2,1,22,4
8475809,2023-24,2024-01-10,2,1,23,2
8475809,2023-24,2024-01-13,2,1,14,0
8475809,2023-24,2024-01-20,2,1,31,2
8475809,2023-24,2024-01-21,2,1,28,3
8475809,2023-24,2024-02-07,2,1,31,5
8475809,2023-24,2024-02-15,2,0,7,0
8475809,2023-24,2024-02-20,2,1,25,2
8475809,2023-24,2024-02-22,2,0,19,1
8475809,2023-24,2024-02-26,2,1,28,3
8475809,2023-24,2024-03-09,2,1,25,1
8475809,2023-24,2024-03-14,2,0,10,2
8475809,2023-24,2024-03-16,2,1,28,1
8475809,2023-24,2024-03-26,2,1,20,3
8475809,2023-24,2024-04-06,2,1,17,3
8475809,2024-25,2024-10-10,2,1,20,4
8475809,2024-25,2024-10-26,2,1,28,3
8475809,2024-25,2024-11-07,2,1,34,6
8475809,2024-25,2024-11-14,2,1,34,3
8475809,2024-25,2024-11-25,2,0,15,0
8475809,2024-25,2024-12-03,2,0,22,0
8475809,2024-25,2024-12-05,2,1,34,4
8475809,2024-25,2024-12-08,2,1,25,0
8475809,2024-25,2024-12-10,2,1,27,2
8475809,2024-25,2024-12-12,2,1,22,3
8475809,2024-25,2024-12-20,2,1,32,2
8475809,2024-25,2025-01-02,2,1,18,4
8475809,2024-25,2025-01-18,2,1,29,3
8475809,2024-25,2025-01-25,2,1,14,2
8475809,2024-25,2025-02-22,2,1,17,2
8475809,2024-25,2025-03-04,2,1,33,1
8475809,2024-25,2025-03-10,2,1,20,0
8475809,2024-25,2025-03-14,2,1,24,2
8475809,2024-25,2025-03-16,2,1,22,3
8475809,2024-25,2025-03-20,2,1,16,1
8475809,2024-25,2025-03-31,2,1,27,2
8475809,2024-25,2025-04-02,2,1,23,2
8475809,2024-25,2025-04-08,2,1,21,2
8475809,2024-25,2025-04-13,2,1,21,2
8475809,2024-25,2025-04-28,3,0,8,0
8475809,2025-26,2025-10-07,2,1,25,1
8475809,2025-26,2025-10-09,2,1,33,1
8475809,2025-26,2025-10-11,2,1,22,4
8475809,2025-26,2025-10-13,2,1,28,1
8475809,2025-26,2025-10-16,2,1,23,1
8475809,2025-26,2025-10-18,2,1,14,1
8475809,2025-26,2025-10-21,2,1,33,4
8475809,2025-26,2025-10-23,2,1,11,4
8475809,2025-26,2025-10-25,2,1,19,3
8475809,2025-26,2025-10-28,2,1,30,4
8475809,2025-26,2025-10-31,2,1,23,2
8475809,2025-26,2025-11-04,2,1,24,2
8475809,2025-26,2025-11-08,2,1,24,1
8475809,2025-26,2025-11-11,2,1,36,1
8475809,2025-26,2025-11-16,2,1,29,1
8475809,2025-26,2025-11-20,2,1,19,3
8475809,2025-26,2025-11-23,2,1,22,0
8475809,2025-26,2025-11-28,2,1,39,2
8475809,2025-26,2025-12-02,2,1,11,1
8475809,2025-26,2025-12-09,2,1,31,3
8475809,2025-26,2025-12-13,2,1,29,2
8475809,2025-26,2025-12-19,2,1,22,2
8475809,2025-26,2025-12-23,2,1,32,0
8475809,2025-26,2025-12-27,2,1,25,5
8475809,2025-26,2026-01-03,2,1,28,3
8475809,2025-26,2026-01-04,2,1,25,2
8475809,2025-26,2026-01-06,2,1,27,3
8475809,2025-26,2026-01-08,2,1,31,2
8475809,2025-26,2026-01-19,2,1,24,2
8475809,2025-26,2026-01-21,2,1,16,1
8475809,2025-26,2026-01-29,2,1,28,7
8475809,2025-26,2026-02-25,2,1,30,2
8475809,2025-26,2026-03-03,2,1,28,1
8475809,2025-26,2026-03-06,2,0,10,0
8475809,2025-26,2026-03-08,2,1,34,2
8475809,2025-26,2026-03-12,2,1,29,1
8475809,2025-26,2026-03-16,2,1,5,3
8475809,2025-26,2026-03-18,2,1,18,1
8475809,2025-26,2026-03-24,2,1,32,2
8475809,2025-26,2026-03-30,2,1,29,2
8475809,2025-26,2026-04-01,2,0,6,1
8475809,2025-26,2026-04-04,2,1,17,0
8475809,2025-26,2026-04-07,2,1,19,1
8475809,2025-26,2026-04-13,2,1,31,1
8475809,2025-26,2026-04-16,2,1,22,0
8475809,2025-26,2026-04-19,3,1,25,1
8475809,2025-26,2026-04-21,3,1,25,1
8475809,2025-26,2026-04-23,3,1,26,2
8475809,2025-26,2026-04-26,3,1,25,1
8475809,2025-26,2026-05-03,3,1,36,6
8475809,2025-26,2026-05-05,3,1,31,2
8475809,2025-26,2026-05-09,3,1,12,3
8475809,2025-26,2026-05-13,3,0,7,0
8475809,2025-26,2026-05-20,3,1,27,3
8475809,2025-26,2026-05-22,3,1,24,2
8475809,2025-26,2026-05-24,3,1,22,4
8475831,2020-21,2021-01-13,2,1,32,4
8475831,2020-21,2021-01-15,2,1,21,0
8475831,2020-21,2021-01-19,2,1,25,2
8475831,2020-21,2021-01-22,2,1,38,2
8475831,2020-21,2021-01-24,2,1,14,2
8475831,2020-21,2021-01-26,2,1,30,3
8475831,2020-21,2021-01-28,2,1,21,0
8475831,2020-21,2021-01-30,2,1,20,1
8475831,2020-21,2021-02-02,2,1,28,1
8475831,2020-21,2021-02-14,2,1,24,1
8475831,2020-21,2021-02-16,2,1,29,2
8475831,2020-21,2021-02-20,2,1,29,2
8475831,2020-21,2021-02-22,2,1,28,3
8475831,2020-21,2021-02-24,2,1,24,5
8475831,2020-21,2021-02-27,2,1,25,2
8475831,2020-21,2021-03-01,2,1,26,5
8475831,2020-21,2021-03-03,2,1,26,0
8475831,2020-21,2021-03-05,2,1,28,2
8475831,2020-21,2021-03-08,2,1,14,3
8475831,2020-21,2021-03-10,2,1,14,1
8475831,2020-21,2021-03-12,2,1,18,0
8475831,2020-21,2021-03-14,2,1,28,1
8475831,2020-21,2021-03-16,2,0,15,0
8475831,2020-21,2021-03-18,2,1,20,1
8475831,2020-21,2021-03-20,2,1,31,0
8475831,2020-21,2021-03-22,2,1,25,1
8475831,2020-21,2021-03-25,2,1,19,1
8475831,2020-21,2021-03-27,2,1,34,3
8475831,2020-21,2021-03-29,2,1,15,2
8475831,2020-21,2021-03-31,2,1,31,3
8475831,2020-21,2021-04-03,2,1,28,1
8475831,2020-21,2021-04-05,2,1,25,4
8475831,2020-21,2021-04-07,2,1,18,7
8475831,2020-21,2021-04-12,2,1,37,2
8475831,2020-21,2021-04-30,2,1,21,0
8475831,2020-21,2021-05-03,2,1,27,4
8475831,2020-21,2021-05-05,2,1,33,3
8475831,2020-21,2021-05-07,2,1,17,2
8475831,2020-21,2021-05-10,2,1,37,1
8475831,2020-21,2021-05-12,2,1,18,0
8475831,2020-21,2021-05-17,3,1,23,1
8475831,2020-21,2021-05-19,3,1,35,3
8475831,2020-21,2021-05-21,3,1,32,1
8475831,2020-21,2021-05-23,3,1,20,2
8475831,2020-21,2021-05-30,3,1,25,1
8475831,2020-21,2021-06-02,3,1,41,2
8475831,2020-21,2021-06-04,3,1,43,3
8475831,2020-21,2021-06-06,3,1,35,5
8475831,2020-21,2021-06-08,3,1,25,3
8475831,2020-21,2021-06-10,3,1,22,5
8475831,2021-22,2021-10-12,2,1,30,4
8475831,2021-22,2021-10-14,2,1,30,3
8475831,2021-22,2021-10-16,2,1,25,2
8475831,2021-22,2021-10-18,2,1,20,5
8475831,2021-22,2021-10-23,2,1,25,3
8475831,2021-22,2021-10-26,2,1,24,1
8475831,2021-22,2021-10-28,2,1,31,1
8475831,2021-22,2021-10-31,2,1,17,2
8475831,2021-22,2021-11-04,2,1,21,2
8475831,2021-22,2021-11-06,2,1,22,5
8475831,2021-22,2021-11-11,2,1,34,5
8475831,2021-22,2021-11-13,2,1,21,3
8475831,2021-22,2021-11-17,2,1,18,3
8475831,2021-22,2021-11-19,2,0,17,3
8475831,2021-22,2021-11-21,2,1,39,2
8475831,2021-22,2021-11-24,2,1,36,1
8475831,2021-22,2021-11-26,2,1,26,3
8475831,2021-22,2021-12-01,2,1,26,3
8475831,2021-22,2021-12-03,2,1,32,3
8475831,2021-22,2021-12-06,2,1,4,3
8475831,2021-22,2021-12-09,2,1,33,3
8475831,2021-22,2021-12-11,2,1,28,5
8475831,2021-22,2021-12-15,2,1,18,3
8475831,2021-22,2021-12-29,2,1,22,3
8475831,2021-22,2022-01-01,2,1,34,4
8475831,2021-22,2022-01-10,2,1,35,4
8475831,2021-22,2022-01-12,2,1,24,4
8475831,2021-22,2022-01-17,2,1,27,2
8475831,2021-22,2022-01-20,2,1,25,2
8475831,2021-22,2022-01-23,2,1,31,3
8475831,2021-22,2022-01-25,2,1,27,4
8475831,2021-22,2022-01-27,2,1,24,1
8475831,2021-22,2022-01-30,2,1,24,3
8475831,2021-22,2022-02-02,2,1,19,0
8475831,2021-22,2022-02-09,2,1,25,3
8475831,2021-22,2022-02-14,2,1,11,3
8475831,2021-22,2022-02-17,2,1,28,4
8475831,2021-22,2022-02-19,2,1,37,2
8475831,2021-22,2022-02-22,2,1,35,4
8475831,2021-22,2022-02-24,2,1,39,3
8475831,2021-22,2022-02-27,2,1,24,3
8475831,2021-22,2022-03-06,2,1,33,3
8475831,2021-22,2022-03-08,2,1,31,5
8475831,2021-22,2022-03-12,2,1,33,3
8475831,2021-22,2022-03-16,2,1,42,4
8475831,2021-22,2022-03-19,2,1,23,2
8475831,2021-22,2022-03-22,2,1,26,2
8475831,2021-22,2022-03-26,2,1,27,4
8475831,2021-22,2022-04-01,2,1,24,3
8475831,2021-22,2022-04-07,2,1,29,0
8475831,2021-22,2022-04-09,2,1,28,3
8475831,2021-22,2022-04-16,2,1,26,3
8475831,2021-22,2022-04-20,2,1,27,2
8475831,2021-22,2022-04-22,2,1,35,6
8475831,2021-22,2022-04-27,2,1,27,4
8475831,2022-23,2022-10-12,2,1,27,5
8475831,2022-23,2022-10-15,2,0,6,0
8475831,2022-23,2022-10-17,2,1,34,5
8475831,2022-23,2022-10-21,2,1,19,2
8475831,2022-23,2022-11-25,2,1,22,2
8475831,2022-23,2022-12-01,2,1,23,2
8475831,2022-23,2022-12-03,2,1,28,5
8475831,2022-23,2022-12-09,2,1,36,2
8475831,2022-23,2022-12-13,2,1,20,4
8475831,2022-23,2022-12-15,2,1,39,3
8475831,2022-23,2022-12-18,2,1,17,2
8475831,2022-23,2022-12-28,2,1,44,3
8475831,2022-23,2022-12-30,2,1,5,3
8475831,2022-23,2023-01-10,2,1,35,3
8475831,2022-23,2023-01-16,2,1,29,2
8475831,2022-23,2023-01-21,2,1,27,1
8475831,2022-23,2023-01-28,2,1,25,1
8475831,2022-23,2023-02-09,2,1,26,2
8475831,2022-23,2023-02-12,2,1,18,3
8475831,2022-23,2023-02-14,2,1,40,2
8475831,2022-23,2023-02-16,2,1,19,2
8475831,2022-23,2023-02-18,2,1,23,2
8475831,2022-23,2023-02-23,2,1,33,6
8475831,2022-23,2023-02-26,2,1,21,4
8475831,2022-23,2023-03-02,2,0,17,1
8475831,2022-23,2023-03-03,2,1,23,2
8475831,2022-23,2023-03-05,2,1,23,2
8475831,2022-23,2023-03-07,2,1,22,2
8475831,2022-23,2023-03-09,2,1,31,5
8475831,2022-23,2023-03-11,2,1,25,4
8475831,2022-23,2023-03-16,2,1,32,1
8475831,2022-23,2023-03-18,2,1,10,3
8475831,2022-23,2023-03-25,2,1,16,2
8475831,2022-23,2023-03-27,2,1,13,4
8475831,2022-23,2023-04-03,2,1,21,1
8475831,2022-23,2023-04-06,2,1,29,2
8475831,2022-23,2023-04-08,2,0,11,0
8475831,2022-23,2023-04-10,2,1,23,1
8475831,2022-23,2023-04-13,2,1,18,2
8475831,2022-23,2023-04-18,3,1,35,1
8475831,2022-23,2023-04-20,3,1,41,3
8475831,2022-23,2023-04-22,3,1,33,5
8475831,2022-23,2023-04-24,3,1,22,2
8475831,2022-23,2023-04-26,3,1,28,2
8475831,2022-23,2023-04-28,3,1,38,3
8475831,2022-23,2023-04-30,3,1,34,1
8475831,2022-23,2023-05-02,3,1,35,4
8475831,2022-23,2023-05-04,3,1,37,4
8475831,2022-23,2023-05-07,3,1,26,2
8475831,2022-23,2023-05-09,3,1,22,5
8475831,2022-23,2023-05-11,3,1,20,4
8475831,2022-23,2023-05-13,3,1,23,3
8475831,2022-23,2023-05-15,3,1,28,2
8475831,2023-24,2023-10-10,2,1,27,3
8475831,2023-24,2023-10-12,2,1,34,2
8475831,2023-24,2023-10-17,2,1,27,3
8475831,2023-24,2023-10-21,2,1,27,4
8475831,2023-24,2023-10-30,2,1,37,3
8475831,2023-24,2023-11-02,2,1,34,2
8475831,2023-24,2023-11-04,2,1,29,4
8475831,2023-24,2023-11-09,2,1,26,3
8475831,2023-24,2023-11-11,2,1,17,4
8475831,2023-24,2023-11-16,2,1,23,3
8475831,2023-24,2023-11-18,2,1,24,3
8475831,2023-24,2023-11-20,2,1,7,2
8475831,2023-24,2023-11-28,2,1,23,4
8475831,2023-24,2023-11-30,2,1,28,3
8475831,2023-24,2023-12-04,2,1,29,3
8475831,2023-24,2023-12-07,2,1,17,2
8475831,2023-24,2023-12-09,2,1,23,2
8475831,2023-24,2024-02-13,2,1,27,1
8475831,2023-24,2024-02-22,2,1,21,2
8475831,2023-24,2024-02-24,2,0,18,1
8475831,2023-24,2024-02-26,2,1,32,3
8475831,2023-24,2024-02-29,2,1,33,0
8475831,2023-24,2024-03-02,2,1,24,2
8475831,2023-24,2024-03-04,2,1,37,2
8475831,2023-24,2024-03-12,2,1,34,5
8475831,2023-24,2024-03-16,2,1,29,3
8475831,2023-24,2024-03-18,2,0,26,3
8475831,2023-24,2024-03-21,2,1,36,2
8475831,2023-24,2024-03-24,2,1,6,4
8475831,2023-24,2024-03-28,2,1,23,2
8475831,2023-24,2024-04-01,2,1,26,2
8475831,2023-24,2024-04-03,2,1,27,5
8475831,2023-24,2024-04-05,2,1,17,1
8475831,2023-24,2024-04-09,2,1,39,0
8475831,2023-24,2024-04-13,2,1,30,3
8475831,2023-24,2024-04-16,2,1,24,4
8475831,2024-25,2024-10-08,2,1,25,3
8475831,2024-25,2024-10-13,2,1,23,2
8475831,2024-25,2024-10-17,2,1,25,4
8475831,2024-25,2024-10-22,2,1,28,3
8475831,2024-25,2024-11-02,2,1,22,2
8475831,2024-25,2024-11-05,2,1,31,5
8475831,2024-25,2024-11-17,2,1,23,2
8475831,2024-25,2024-11-29,2,1,26,7
8475831,2024-25,2024-12-06,2,1,36,3
8475831,2024-25,2024-12-08,2,1,37,5
8475831,2024-25,2024-12-12,2,1,34,1
8475831,2024-25,2024-12-14,2,1,30,4
8475831,2024-25,2024-12-21,2,1,33,5
8475831,2024-25,2024-12-28,2,1,22,4
8475831,2024-25,2024-12-30,2,1,30,2
8475831,2024-25,2025-01-02,2,1,22,3
8475831,2024-25,2025-01-04,2,1,31,3
8475831,2024-25,2025-01-06,2,1,29,3
8475831,2024-25,2025-01-09,2,1,19,5
8475831,2024-25,2025-01-12,2,1,4,3
8475831,2024-25,2025-01-28,2,1,22,5
8475831,2024-25,2025-03-08,2,1,24,1
8475831,2024-25,2025-03-14,2,1,25,2
8475831,2024-25,2025-03-19,2,1,27,3
8475831,2024-25,2025-03-31,2,1,30,2
8475831,2024-25,2025-04-12,2,1,23,3
8475831,2025-26,2025-10-16,2,1,23,3
8475831,2025-26,2025-10-20,2,0,6,0
8475831,2025-26,2025-11-08,2,1,19,3
8475831,2025-26,2025-11-13,2,1,26,3
8475831,2025-26,2025-11-15,2,0,19,0
8475831,2025-26,2025-11-22,2,1,32,2
8475831,2025-26,2025-12-04,2,0,18,4
8475831,2025-26,2025-12-08,2,1,27,2
8475831,2025-26,2025-12-12,2,1,31,3
8475831,2025-26,2025-12-16,2,1,38,4
8475831,2025-26,2025-12-22,2,1,41,1
8475831,2025-26,2025-12-28,2,1,33,1
8475831,2025-26,2026-01-01,2,1,25,1
8475831,2025-26,2026-01-05,2,1,42,1
8475831,2025-26,2026-01-08,2,1,34,3
8475831,2025-26,2026-01-12,2,1,22,2
8475831,2025-26,2026-01-14,2,1,26,3
8475831,2025-26,2026-01-17,2,1,30,5
8475831,2025-26,2026-01-21,2,1,25,1
8475831,2025-26,2026-01-23,2,1,30,3
8475831,2025-26,2026-01-27,2,1,20,1
8475831,2025-26,2026-02-03,2,1,31,4
8475831,2025-26,2026-02-26,2,1,31,4
8475831,2025-26,2026-03-04,2,1,27,3
8475831,2025-26,2026-03-12,2,0,11,2
8475831,2025-26,2026-03-14,2,1,34,2
8475831,2025-26,2026-03-17,2,1,25,5
8475831,2025-26,2026-03-26,2,1,33,3
8475831,2025-26,2026-03-28,2,1,36,2
8475831,2025-26,2026-03-31,2,1,23,2
8475831,2025-26,2026-04-04,2,1,30,3
8475831,2025-26,2026-04-06,2,1,18,3
8475852,2021-22,2021-10-14,2,1,26,3
8475852,2021-22,2021-10-30,2,1,31,4
8475852,2021-22,2021-12-11,2,1,35,4
8475852,2021-22,2022-01-12,2,1,18,2
8475852,2021-22,2022-01-22,2,1,28,1
8475852,2021-22,2022-01-29,2,1,35,4
8475852,2021-22,2022-01-31,2,0,20,1
8475852,2021-22,2022-02-07,2,1,31,3
8475852,2021-22,2022-02-12,2,1,24,3
8475852,2021-22,2022-02-21,2,1,24,5
8475852,2021-22,2022-02-24,2,1,30,1
8475852,2021-22,2022-02-26,2,0,8,2
8475852,2021-22,2022-02-28,2,1,33,3
8475852,2021-22,2022-03-02,2,1,31,5
8475852,2021-22,2022-03-07,2,1,35,4
8475852,2021-22,2022-03-10,2,1,12,4
8475852,2021-22,2022-03-13,2,1,37,4
8475852,2021-22,2022-03-23,2,1,22,2
8475852,2021-22,2022-03-27,2,1,36,2
8475852,2021-22,2022-03-29,2,1,4,1
8475852,2022-23,2022-10-12,2,1,35,5
8475852,2022-23,2022-10-15,2,1,26,2
8475852,2022-23,2022-10-21,2,1,18,3
8475852,2022-23,2022-11-10,2,1,35,2
8475852,2022-23,2022-11-14,2,1,32,3
8475852,2022-23,2022-11-19,2,1,43,6
8475852,2022-23,2022-11-23,2,1,38,5
8475852,2022-23,2022-11-27,2,1,44,7
8475852,2022-23,2022-12-03,2,1,22,1
8475852,2022-23,2022-12-13,2,1,30,7
8475852,2022-23,2022-12-16,2,1,21,3
8475852,2022-23,2022-12-21,2,1,37,4
8475852,2022-23,2022-12-27,2,1,49,3
8475852,2022-23,2023-01-01,2,1,28,5
8475852,2022-23,2023-01-12,2,1,33,2
8475852,2022-23,2023-01-14,2,1,5,4
8475852,2022-23,2023-01-17,2,1,33,3
8475852,2022-23,2023-01-19,2,1,38,1
8475852,2022-23,2023-01-22,2,1,27,2
8475852,2022-23,2023-01-24,2,1,47,4
8475852,2022-23,2023-01-28,2,1,43,7
8475852,2022-23,2023-02-07,2,1,26,3
8475852,2022-23,2023-02-11,2,1,27,3
8475852,2022-23,2023-02-15,2,1,42,5
8475852,2022-23,2023-02-17,2,1,31,3
8475852,2022-23,2023-02-21,2,1,36,2
8475852,2022-23,2023-02-25,2,1,48,3
8475852,2022-23,2023-02-27,2,1,33,4
8475852,2022-23,2023-03-02,2,1,34,3
8475852,2022-23,2023-03-04,2,1,24,2
8475852,2022-23,2023-03-10,2,1,43,4
8475852,2022-23,2023-03-11,2,1,36,2
8475852,2022-23,2023-03-14,2,1,16,0
8475852,2022-23,2023-03-26,2,1,30,3
8475852,2022-23,2023-03-28,2,0,3,0
8475852,2022-23,2023-03-30,2,1,28,4
8475852,2022-23,2023-04-04,2,1,36,3
8475852,2022-23,2023-04-08,2,1,31,7
8475852,2022-23,2023-04-11,2,1,40,2
8475852,2023-24,2023-10-10,2,1,41,2
8475852,2023-24,2023-10-14,2,1,36,3
8475852,2023-24,2023-10-19,2,1,41,4
8475852,2023-24,2023-10-24,2,1,43,3
8475852,2023-24,2023-10-27,2,1,21,3
8475852,2023-24,2023-10-30,2,0,11,1
8475852,2023-24,2023-11-04,2,1,40,2
8475852,2023-24,2023-11-09,2,1,33,3
8475852,2023-24,2023-11-16,2,1,31,3
8475852,2023-24,2023-11-19,2,1,20,3
8475852,2023-24,2023-11-22,2,1,18,5
8475852,2023-24,2023-11-28,2,1,36,3
8475852,2023-24,2023-11-30,2,1,29,5
8475852,2023-24,2023-12-03,2,1,34,4
8475852,2023-24,2023-12-07,2,1,37,0
8475852,2023-24,2023-12-09,2,1,39,1
8475852,2023-24,2023-12-12,2,1,29,4
8475852,2023-24,2023-12-14,2,0,5,0
8475852,2023-24,2023-12-17,2,1,27,4
8475852,2023-24,2023-12-19,2,1,37,2
8475852,2023-24,2023-12-22,2,1,27,4
8475852,2023-24,2023-12-27,2,1,38,1
8475852,2023-24,2023-12-29,2,1,35,5
8475852,2023-24,2023-12-31,2,1,31,6
8475852,2023-24,2024-01-04,2,1,32,4
8475852,2023-24,2024-01-07,2,1,30,3
8475852,2023-24,2024-01-09,2,1,15,2
8475852,2023-24,2024-01-11,2,1,28,2
8475852,2023-24,2024-01-13,2,1,29,2
8475852,2023-24,2024-01-16,2,1,38,1
8475852,2023-24,2024-01-19,2,1,30,3
8475852,2023-24,2024-01-22,2,1,29,2
8475852,2023-24,2024-01-25,2,1,33,2
8475852,2023-24,2024-01-27,2,1,31,1
8475852,2023-24,2024-02-07,2,1,25,2
8475852,2023-24,2024-02-09,2,1,35,4
8475852,2023-24,2024-02-13,2,1,38,4
8475852,2023-24,2024-02-17,2,1,42,2
8475852,2023-24,2024-02-19,2,1,41,5
8475852,2023-24,2024-02-23,2,1,31,3
8475852,2023-24,2024-02-25,2,1,31,3
8475852,2023-24,2024-02-29,2,1,33,5
8475852,2023-24,2024-03-04,2,1,37,5
8475852,2023-24,2024-03-09,2,1,26,4
8475852,2023-24,2024-03-12,2,1,29,2
8475852,2023-24,2024-03-15,2,0,23,1
8475852,2023-24,2024-03-17,2,1,27,2
8475852,2023-24,2024-03-19,2,1,24,6
8475852,2023-24,2024-03-23,2,1,30,4
8475852,2023-24,2024-03-26,2,1,39,1
8475852,2023-24,2024-03-28,2,1,34,2
8475852,2023-24,2024-04-02,2,1,29,2
8475852,2023-24,2024-04-06,2,1,44,2
8475852,2023-24,2024-04-10,2,1,3,3
8475852,2023-24,2024-04-14,2,1,33,3
8475852,2023-24,2024-04-16,2,1,36,2
8475852,2024-25,2024-10-08,2,1,26,4
8475852,2024-25,2024-10-12,2,1,38,2
8475852,2024-25,2024-10-15,2,1,26,2
8475852,2024-25,2024-10-17,2,1,22,2
8475852,2024-25,2024-10-22,2,1,30,6
8475852,2024-25,2024-10-25,2,1,34,3
8475852,2024-25,2024-10-26,2,1,29,3
8475852,2024-25,2024-10-28,2,1,26,2
8475852,2024-25,2024-10-31,2,1,29,3
8475852,2024-25,2024-11-02,2,1,40,3
8475852,2024-25,2024-11-06,2,1,24,3
8475852,2024-25,2024-11-10,2,1,33,1
8475852,2024-25,2024-11-14,2,1,25,2
8475852,2024-25,2024-11-21,2,1,33,1
8475852,2024-25,2024-11-23,2,1,37,3
8475852,2024-25,2024-11-27,2,1,27,2
8475852,2024-25,2024-11-29,2,1,29,3
8475852,2024-25,2024-12-01,2,1,35,5
8475852,2024-25,2024-12-04,2,1,27,4
8475852,2024-25,2024-12-07,2,1,4,0
8475852,2024-25,2024-12-21,2,1,29,5
8475852,2024-25,2024-12-27,2,1,11,4
8475852,2024-25,2024-12-31,2,1,28,6
8475852,2024-25,2025-01-08,2,1,36,1
8475852,2024-25,2025-01-10,2,1,27,4
8475852,2024-25,2025-01-13,2,1,36,5
8475852,2024-25,2025-01-18,2,1,35,3
8475852,2024-25,2025-01-20,2,1,48,4
8475852,2024-25,2025-01-26,2,1,27,3
8475852,2024-25,2025-02-01,2,1,44,5
8475852,2024-25,2025-02-07,2,1,33,2
8475852,2024-25,2025-02-22,2,1,21,5
8475852,2024-25,2025-02-27,2,1,15,5
8475852,2024-25,2025-03-12,2,1,26,3
8475852,2024-25,2025-03-14,2,1,31,3
8475852,2024-25,2025-03-16,2,1,18,0
8475852,2024-25,2025-03-18,2,1,26,4
8475852,2024-25,2025-03-24,2,1,1,0
8475852,2025-26,2025-10-11,2,1,23,6
8475852,2025-26,2025-10-23,2,1,42,5
8475852,2025-26,2025-11-08,2,1,39,3
8475852,2025-26,2025-11-15,2,1,29,1
8475852,2025-26,2025-11-20,2,1,25,3
8475852,2025-26,2025-11-26,2,1,27,4
8475852,2025-26,2025-11-30,2,1,16,3
8475852,2025-26,2025-12-19,2,0,18,4
8475852,2025-26,2025-12-29,2,0,4,1
8475852,2025-26,2026-01-05,2,1,24,5
8475883,2020-21,2021-01-13,2,1,32,4
8475883,2020-21,2021-01-15,2,1,24,5
8475883,2020-21,2021-01-18,2,1,28,1
8475883,2020-21,2021-01-20,2,1,21,2
8475883,2020-21,2021-01-22,2,1,32,2
8475883,2020-21,2021-01-26,2,1,26,3
8475883,2020-21,2021-01-28,2,1,29,3
8475883,2020-21,2021-01-30,2,1,31,4
8475883,2020-21,2021-02-04,2,1,19,3
8475883,2020-21,2021-02-06,2,1,28,1
8475883,2020-21,2021-02-08,2,1,32,1
8475883,2020-21,2021-02-10,2,1,35,2
8475883,2020-21,2021-02-13,2,1,25,2
8475883,2020-21,2021-02-15,2,1,31,6
8475883,2020-21,2021-02-17,2,1,28,1
8475883,2020-21,2021-02-20,2,1,33,3
8475883,2020-21,2021-03-03,2,1,27,1
8475883,2020-21,2021-03-06,2,1,31,4
8475883,2020-21,2021-03-09,2,1,23,4
8475883,2020-21,2021-03-11,2,1,27,3
8475883,2020-21,2021-03-13,2,1,32,5
8475883,2020-21,2021-03-14,2,0,28,2
8475883,2020-21,2021-03-19,2,1,18,4
8475883,2020-21,2021-05-12,2,1,28,4
8475883,2021-22,2021-10-14,2,1,28,3
8475883,2021-22,2021-10-16,2,1,40,2
8475883,2021-22,2021-10-21,2,1,28,1
8475883,2021-22,2021-10-23,2,1,28,1
8475883,2021-22,2021-10-25,2,1,25,1
8475883,2021-22,2021-10-28,2,1,33,0
8475883,2021-22,2021-10-31,2,1,23,1
8475883,2021-22,2021-11-03,2,1,30,3
8475883,2021-22,2021-11-06,2,1,27,4
8475883,2021-22,2021-11-09,2,1,18,1
8475883,2021-22,2021-11-12,2,1,28,2
8475883,2021-22,2021-11-18,2,1,32,1
8475883,2021-22,2021-11-20,2,1,43,4
8475883,2021-22,2021-11-24,2,1,22,2
8475883,2021-22,2021-11-28,2,1,24,3
8475883,2021-22,2021-11-30,2,1,16,3
8475883,2021-22,2021-12-07,2,1,18,2
8475883,2021-22,2021-12-09,2,1,27,1
8475883,2021-22,2021-12-11,2,1,23,1
8475883,2021-22,2021-12-16,2,1,26,3
8475883,2021-22,2021-12-18,2,1,33,1
8475883,2021-22,2022-01-01,2,0,9,1
8475883,2021-22,2022-01-07,2,1,39,3
8475883,2021-22,2022-01-13,2,1,32,4
8475883,2021-22,2022-01-15,2,1,31,1
8475883,2021-22,2022-01-18,2,1,32,1
8475883,2021-22,2022-01-21,2,1,23,3
8475883,2021-22,2022-01-25,2,1,29,3
8475883,2021-22,2022-01-27,2,1,39,2
8475883,2021-22,2022-01-30,2,1,28,1
8475883,2021-22,2022-02-07,2,1,32,4
8475883,2021-22,2022-02-10,2,1,34,0
8475883,2021-22,2022-02-12,2,1,27,3
8475883,2021-22,2022-02-16,2,1,31,3
8475883,2021-22,2022-02-18,2,1,31,3
8475883,2021-22,2022-02-21,2,1,41,3
8475883,2021-22,2022-02-25,2,1,19,0
8475883,2021-22,2022-02-27,2,1,30,1
8475883,2021-22,2022-03-03,2,1,33,4
8475883,2021-22,2022-03-12,2,1,29,1
8475883,2021-22,2022-03-17,2,1,21,3
8475883,2021-22,2022-03-20,2,1,17,1
8475883,2021-22,2022-03-22,2,1,29,2
8475883,2021-22,2022-03-24,2,1,15,3
8475883,2021-22,2022-03-28,2,1,26,1
8475883,2021-22,2022-03-31,2,1,32,0
8475883,2021-22,2022-04-02,2,1,19,3
8475883,2021-22,2022-04-05,2,1,22,4
8475883,2021-22,2022-04-08,2,1,21,2
8475883,2021-22,2022-04-10,2,1,25,2
8475883,2021-22,2022-04-12,2,1,30,2
8475883,2021-22,2022-04-16,2,1,33,7
8475883,2022-23,2022-10-12,2,1,32,1
8475883,2022-23,2022-10-17,2,1,23,1
8475883,2022-23,2022-10-20,2,1,32,5
8475883,2022-23,2022-10-24,2,1,16,2
8475883,2022-23,2022-10-28,2,1,31,5
8475883,2022-23,2022-10-31,2,1,20,2
8475883,2022-23,2022-11-03,2,1,26,3
8475883,2022-23,2022-11-06,2,1,21,3
8475883,2022-23,2023-01-12,2,1,23,2
8475883,2022-23,2023-01-14,2,1,35,1
8475883,2022-23,2023-01-19,2,1,31,2
8475883,2022-23,2023-01-21,2,1,31,2
8475883,2022-23,2023-01-25,2,1,6,2
8475883,2022-23,2023-01-29,2,1,25,1
8475883,2022-23,2023-01-31,2,1,21,4
8475883,2022-23,2023-02-11,2,1,18,5
8475883,2022-23,2023-02-14,2,1,36,2
8475883,2022-23,2023-02-18,2,1,25,1
8475883,2022-23,2023-02-21,2,1,36,1
8475883,2022-23,2023-02-25,2,1,16,3
8475883,2022-23,2023-03-01,2,1,20,3
8475883,2022-23,2023-03-05,2,1,14,0
8475883,2022-23,2023-03-07,2,0,14,1
8475883,2022-23,2023-03-11,2,1,23,3
8475883,2022-23,2023-03-14,2,1,24,3
8475883,2022-23,2023-03-18,2,1,33,4
8475883,2022-23,2023-03-21,2,1,31,2
8475883,2022-23,2023-03-23,2,1,16,2
8475883,2022-23,2023-03-26,2,1,38,3
8475883,2022-23,2023-03-30,2,1,22,3
8475883,2022-23,2023-04-02,2,1,22,1
8475883,2022-23,2023-04-06,2,1,22,2
8475883,2022-23,2023-04-10,2,1,32,3
8475883,2022-23,2023-04-13,2,1,34,4
8475883,2022-23,2023-04-28,3,1,34,1
8475883,2022-23,2023-05-03,3,1,18,1
8475883,2022-23,2023-05-05,3,1,29,1
8475883,2022-23,2023-05-07,3,1,12,4
8475883,2022-23,2023-05-09,3,1,22,1
8475883,2022-23,2023-05-11,3,1,29,2
8475883,2022-23,2023-05-18,3,1,60,3
8475883,2022-23,2023-05-22,3,1,17,1
8475883,2022-23,2023-05-24,3,1,24,4
8475883,2023-24,2023-10-11,2,1,30,3
8475883,2023-24,2023-10-14,2,1,30,5
8475883,2023-24,2023-10-17,2,1,2,1
8475883,2023-24,2023-10-26,2,1,26,2
8475883,2023-24,2023-10-30,2,1,28,2
8475883,2023-24,2023-11-02,2,1,26,2
8475883,2023-24,2024-03-07,2,1,25,1
8475883,2023-24,2024-03-10,2,1,20,2
8475883,2023-24,2024-03-14,2,1,21,0
8475883,2023-24,2024-03-17,2,1,32,2
8475883,2023-24,2024-03-21,2,1,32,2
8475883,2023-24,2024-03-24,2,1,33,1
8475883,2023-24,2024-03-28,2,1,24,0
8475883,2023-24,2024-04-04,2,1,27,3
8475883,2023-24,2024-04-07,2,1,23,0
8475883,2023-24,2024-04-12,2,1,31,2
8475883,2023-24,2024-04-20,3,1,34,1
8475883,2023-24,2024-04-22,3,1,12,3
8475883,2023-24,2024-04-25,3,1,31,2
8475883,2023-24,2024-04-27,3,1,35,3
8475883,2023-24,2024-04-30,3,1,24,3
8475883,2023-24,2024-05-05,3,1,23,4
8475883,2023-24,2024-05-07,3,1,39,4
8475883,2023-24,2024-05-11,3,1,25,3
8475883,2023-24,2024-05-13,3,1,21,1
8475883,2023-24,2024-05-16,3,1,23,4
8475883,2024-25,2024-10-11,2,1,21,2
8475883,2024-25,2024-10-18,2,1,26,1
8475883,2024-25,2024-10-22,2,1,35,2
8475883,2024-25,2024-10-26,2,1,19,1
8475883,2024-25,2025-01-20,2,1,25,3
8475883,2024-25,2025-01-23,2,1,22,4
8475883,2024-25,2025-01-28,2,1,22,0
8475883,2024-25,2025-02-01,2,1,26,4
8475883,2024-25,2025-02-06,2,1,24,2
8475883,2024-25,2025-02-25,2,1,18,4
8475883,2024-25,2025-03-01,2,1,30,2
8475883,2024-25,2025-03-04,2,1,25,1
8475883,2024-25,2025-03-09,2,1,22,2
8475883,2024-25,2025-03-14,2,1,26,2
8475883,2024-25,2025-03-20,2,1,25,1
8475883,2024-25,2025-03-23,2,1,37,2
8475883,2024-25,2025-03-28,2,1,15,1
8475883,2024-25,2025-04-02,2,1,21,1
8475883,2024-25,2025-04-05,2,1,27,5
8475883,2024-25,2025-04-10,2,1,28,4
8475883,2024-25,2025-04-13,2,1,20,4
8475883,2024-25,2025-04-17,2,1,32,7
8475883,2024-25,2025-04-20,3,1,24,1
8475883,2024-25,2025-04-22,3,1,26,1
8475883,2024-25,2025-04-25,3,1,37,3
8475883,2024-25,2025-04-27,3,1,7,1
8475883,2024-25,2025-05-06,3,1,14,1
8475883,2024-25,2025-05-08,3,1,20,2
8475883,2024-25,2025-05-10,3,1,21,0
8475883,2024-25,2025-05-12,3,1,21,2
8475883,2024-25,2025-05-15,3,1,19,1
8475883,2024-25,2025-05-20,3,1,20,5
8475883,2024-25,2025-05-22,3,1,16,4
8475883,2024-25,2025-05-26,3,1,20,0
8475883,2024-25,2025-05-28,3,1,24,4
8475883,2025-26,2025-10-09,2,1,22,3
8475883,2025-26,2025-10-11,2,1,23,3
8475883,2025-26,2025-10-16,2,1,24,1
8475883,2025-26,2025-10-20,2,1,25,3
8475883,2025-26,2025-10-23,2,1,48,4
8475883,2025-26,2025-10-28,2,1,34,5
8475883,2025-26,2025-11-01,2,1,22,2
8475883,2025-26,2025-11-06,2,1,24,3
8475883,2025-26,2025-11-11,2,1,27,3
8475883,2025-26,2025-11-15,2,1,23,4
8475883,2025-26,2025-11-19,2,1,19,3
8475883,2025-26,2025-11-23,2,1,20,3
8475883,2025-26,2025-11-26,2,1,17,3
8475883,2025-26,2025-12-04,2,1,23,4
8475883,2025-26,2025-12-23,2,1,22,5
8475883,2025-26,2025-12-30,2,1,28,5
8475883,2025-26,2026-01-03,2,1,34,4
8475883,2025-26,2026-01-08,2,1,13,2
8475883,2025-26,2026-01-12,2,1,18,4
8475883,2025-26,2026-01-17,2,1,30,1
8475883,2025-26,2026-01-22,2,1,22,3
8475883,2025-26,2026-01-31,2,1,42,4
8475883,2025-26,2026-02-28,2,1,29,2
8475883,2025-26,2026-03-02,2,1,15,2
8475883,2025-26,2026-03-06,2,1,16,3
8475883,2025-26,2026-03-10,2,1,28,4
8475883,2025-26,2026-03-14,2,1,19,2
8475883,2025-26,2026-03-18,2,1,35,5
8475883,2025-26,2026-03-22,2,1,19,1
8475883,2025-26,2026-03-24,2,1,18,4
8475883,2025-26,2026-03-29,2,1,18,3
8475883,2025-26,2026-04-02,2,1,10,1
8475883,2025-26,2026-04-05,2,1,30,5
8475883,2025-26,2026-04-09,2,1,25,2
8475883,2025-26,2026-04-11,2,1,27,1
8475883,2025-26,2026-04-18,3,1,22,0
8475883,2025-26,2026-04-20,3,1,39,2
8475883,2025-26,2026-04-23,3,1,22,1
8475883,2025-26,2026-04-25,3,1,27,2
8475883,2025-26,2026-05-02,3,1,19,0
8475883,2025-26,2026-05-04,3,1,36,2
8475883,2025-26,2026-05-07,3,1,19,1
8475883,2025-26,2026-05-09,3,1,17,2
8475883,2025-26,2026-05-21,3,1,21,5
8475883,2025-26,2026-05-23,3,1,12,2
8475883,2025-26,2026-05-25,3,1,13,2
8475883,2025-26,2026-05-27,3,1,18,0
8475883,2025-26,2026-05-29,3,1,24,1
8475883,2025-26,2026-06-02,3,1,23,5
8475883,2025-26,2026-06-04,3,1,26,3
8475883,2025-26,2026-06-06,3,1,16,4
8476316,2020-21,2021-01-19,2,1,41,3
8476316,2020-21,2021-01-24,2,1,38,4
8476316,2020-21,2021-02-02,2,1,31,2
8476316,2020-21,2021-02-19,2,1,29,0
8476316,2020-21,2021-03-02,2,1,33,2
8476316,2020-21,2021-03-06,2,0,9,3
8476316,2020-21,2021-03-13,2,1,22,2
8476316,2020-21,2021-03-18,2,1,21,2
8476316,2020-21,2021-03-27,2,1,33,4
8476316,2020-21,2021-04-14,2,1,29,2
8476316,2020-21,2021-04-22,2,0,26,1
8476316,2020-21,2021-04-26,2,0,7,0
8476316,2020-21,2021-05-03,2,1,18,2
8476316,2020-21,2021-05-10,2,1,31,3
8476316,2021-22,2021-10-14,2,0,16,2
8476316,2021-22,2021-10-27,2,1,34,2
8476316,2021-22,2021-11-07,2,1,29,4
8476316,2021-22,2021-11-11,2,1,26,2
8476316,2021-22,2021-11-20,2,1,29,2
8476316,2021-22,2021-12-03,2,1,30,1
8476316,2021-22,2021-12-08,2,0,13,1
8476316,2021-22,2021-12-10,2,1,25,4
8476316,2021-22,2021-12-16,2,0,0,0
8476316,2021-22,2021-12-17,2,1,29,2
8476316,2021-22,2021-12-21,2,1,19,4
8476316,2021-22,2021-12-28,2,1,27,3
8476316,2021-22,2021-12-31,2,1,16,1
8476316,2021-22,2022-01-02,2,1,37,5
8476316,2021-22,2022-01-25,2,1,30,4
8476316,2021-22,2022-02-08,2,1,28,0
8476316,2021-22,2022-02-16,2,1,25,2
8476316,2021-22,2022-02-18,2,1,31,4
8476316,2021-22,2022-02-25,2,1,31,2
8476316,2021-22,2022-02-26,2,1,21,3
8476316,2021-22,2022-03-04,2,1,24,4
8476316,2021-22,2022-03-10,2,1,23,2
8476316,2021-22,2022-03-11,2,1,32,4
8476316,2021-22,2022-03-15,2,1,13,4
8476316,2022-23,2023-02-21,2,1,39,2
8476316,2022-23,2023-02-23,2,1,28,3
8476316,2022-23,2023-02-25,2,1,43,2
8476316,2022-23,2023-03-25,2,1,30,3
8476316,2022-23,2023-03-28,2,0,5,1
8476316,2022-23,2023-03-30,2,1,25,4
8476316,2022-23,2023-04-01,2,1,30,1
8476316,2022-23,2023-04-03,2,1,33,3
8476316,2022-23,2023-04-06,2,1,32,2
8476316,2022-23,2023-04-11,2,1,21,1
8476316,2022-23,2023-04-13,2,1,31,1
8476316,2022-23,2023-04-18,3,1,30,4
8476316,2022-23,2023-04-20,3,1,33,2
8476316,2022-23,2023-04-22,3,1,34,4
8476316,2022-23,2023-04-24,3,1,26,2
8476316,2022-23,2023-04-27,3,1,30,1
8476316,2022-23,2023-05-03,3,1,27,4
8476316,2022-23,2023-05-06,3,1,32,5
8476316,2022-23,2023-05-08,3,1,4,1
8476316,2023-24,2023-10-19,2,1,26,4
8476316,2023-24,2023-10-28,2,1,29,3
8476316,2023-24,2023-11-09,2,1,23,3
8476316,2023-24,2023-11-18,2,1,18,2
8476316,2023-24,2023-11-26,2,1,26,3
8476316,2023-24,2023-12-04,2,1,43,1
8476316,2023-24,2023-12-12,2,1,32,2
8476316,2023-24,2023-12-20,2,1,28,2
8476316,2023-24,2023-12-31,2,1,26,2
8476316,2023-24,2024-01-05,2,1,38,1
8476316,2023-24,2024-01-11,2,1,21,1
8476316,2023-24,2024-01-24,2,1,30,1
8476316,2023-24,2024-02-08,2,1,21,4
8476316,2023-24,2024-02-20,2,1,39,3
8476316,2023-24,2024-02-27,2,1,38,2
8476316,2023-24,2024-03-03,2,1,19,2
8476316,2023-24,2024-03-08,2,1,17,0
8476316,2023-24,2024-03-15,2,1,21,0
8476316,2023-24,2024-03-21,2,1,40,3
8476316,2023-24,2024-03-23,2,0,13,1
8476316,2023-24,2024-04-01,2,1,28,3
8476316,2023-24,2024-04-11,2,1,24,0
8476316,2023-24,2024-04-18,2,1,20,2
8476316,2023-24,2024-04-28,3,0,4,0
8476341,2020-21,2021-03-25,2,1,41,3
8476341,2020-21,2021-04-03,2,1,38,3
8476341,2020-21,2021-04-05,2,1,46,4
8476341,2020-21,2021-04-08,2,1,22,2
8476341,2020-21,2021-04-10,2,1,37,5
8476341,2020-21,2021-04-12,2,1,26,2
8476341,2020-21,2021-05-05,2,1,31,1
8476341,2020-21,2021-05-09,2,1,23,4
8476341,2021-22,2021-10-14,2,1,48,2
8476341,2021-22,2021-10-16,2,1,29,3
8476341,2021-22,2021-10-23,2,0,3,2
8476341,2021-22,2021-10-25,2,1,16,4
8476341,2021-22,2021-11-14,2,1,33,4
8476341,2021-22,2021-11-26,2,1,33,4
8476341,2021-22,2021-12-02,2,1,49,2
8476341,2021-22,2021-12-04,2,1,31,5
8476341,2021-22,2021-12-06,2,1,24,2
8476341,2021-22,2021-12-11,2,1,25,0
8476341,2021-22,2021-12-14,2,1,35,2
8476341,2021-22,2021-12-16,2,1,27,2
8476341,2021-22,2021-12-18,2,1,38,4
8476341,2021-22,2022-01-18,2,1,31,2
8476341,2021-22,2022-01-20,2,1,7,2
8476341,2021-22,2022-01-23,2,1,36,1
8476341,2021-22,2022-01-29,2,1,20,2
8476341,2021-22,2022-02-01,2,1,30,4
8476341,2021-22,2022-02-08,2,1,45,3
8476341,2021-22,2022-02-13,2,1,34,1
8476341,2021-22,2022-02-15,2,0,4,0
8476341,2021-22,2022-02-17,2,1,24,1
8476341,2021-22,2022-02-19,2,1,33,3
8476341,2021-22,2022-02-22,2,1,43,3
8476341,2021-22,2022-03-03,2,1,48,3
8476341,2021-22,2022-03-06,2,1,42,2
8476341,2021-22,2022-03-08,2,1,23,1
8476341,2021-22,2022-03-10,2,1,33,3
8476341,2021-22,2022-03-12,2,1,28,6
8476341,2021-22,2022-03-16,2,1,38,3
8476341,2021-22,2022-03-18,2,1,29,1
8476341,2021-22,2022-03-22,2,1,26,2
8476341,2021-22,2022-03-24,2,1,24,2
8476341,2021-22,2022-03-26,2,1,49,3
8476341,2021-22,2022-03-29,2,1,31,3
8476341,2021-22,2022-04-03,2,1,32,2
8476341,2021-22,2022-04-05,2,1,30,3
8476341,2021-22,2022-04-07,2,1,34,3
8476341,2021-22,2022-04-09,2,1,33,5
8476341,2021-22,2022-04-12,2,1,25,1
8476341,2021-22,2022-04-14,2,1,42,2
8476341,2021-22,2022-04-16,2,1,41,5
8476341,2021-22,2022-04-18,2,1,28,3
8476341,2021-22,2022-04-23,2,1,48,4
8476341,2021-22,2022-04-26,2,1,41,4
8476341,2021-22,2022-04-29,2,1,34,2
8476341,2022-23,2022-10-13,2,1,34,2
8476341,2022-23,2022-10-15,2,1,32,3
8476341,2022-23,2022-10-18,2,1,34,5
8476341,2022-23,2022-10-20,2,1,24,2
8476341,2022-23,2022-10-22,2,1,22,2
8476341,2022-23,2022-10-27,2,1,39,3
8476341,2022-23,2022-10-29,2,1,57,4
8476341,2022-23,2022-11-01,2,1,34,4
8476341,2022-23,2022-11-03,2,1,19,5
8476341,2022-23,2022-11-10,2,1,41,4
8476341,2022-23,2022-11-16,2,1,30,1
8476341,2022-23,2022-11-19,2,1,18,3
8476341,2022-23,2022-11-21,2,0,23,1
8476341,2022-23,2022-12-03,2,1,37,2
8476341,2022-23,2022-12-06,2,0,14,0
8476341,2022-23,2022-12-08,2,1,32,4
8476341,2022-23,2022-12-18,2,1,22,3
8476341,2022-23,2023-01-01,2,1,34,1
8476341,2022-23,2023-01-03,2,1,22,0
8476341,2022-23,2023-01-07,2,1,5,3
8476341,2022-23,2023-01-12,2,1,29,3
8476341,2022-23,2023-01-14,2,1,33,7
8476341,2022-23,2023-01-21,2,1,30,5
8476341,2022-23,2023-01-25,2,0,22,1
8476341,2022-23,2023-01-27,2,1,33,2
8476341,2022-23,2023-01-28,2,1,28,0
8476341,2022-23,2023-01-31,2,1,32,4
8476341,2022-23,2023-02-11,2,1,37,6
8476341,2023-24,2023-10-14,2,1,21,2
8476341,2023-24,2023-10-18,2,1,24,1
8476341,2023-24,2023-10-24,2,1,18,5
8476341,2023-24,2023-11-04,2,0,17,3
8476341,2023-24,2023-11-09,2,1,16,5
8476341,2023-24,2023-11-18,2,1,25,1
8476341,2023-24,2023-11-24,2,1,26,5
8476341,2023-24,2023-12-02,2,1,39,0
8476341,2023-24,2023-12-05,2,1,35,2
8476341,2023-24,2023-12-07,2,1,22,4
8476341,2023-24,2023-12-15,2,1,24,5
8476341,2023-24,2023-12-23,2,1,34,4
8476341,2023-24,2023-12-31,2,1,46,1
8476341,2023-24,2024-01-02,2,1,13,4
8476341,2023-24,2024-01-06,2,1,46,3
8476341,2023-24,2024-01-11,2,1,7,1
8476341,2023-24,2024-02-13,2,1,40,3
8476341,2023-24,2024-02-19,2,1,25,2
8476341,2023-24,2024-02-22,2,1,15,1
8476341,2023-24,2024-02-24,2,1,29,3
8476341,2023-24,2024-02-26,2,1,10,4
8476341,2023-24,2024-03-01,2,1,29,4
8476341,2023-24,2024-03-14,2,1,37,2
8476341,2023-24,2024-03-17,2,1,38,7
8476341,2023-24,2024-03-21,2,1,26,4
8476341,2023-24,2024-03-28,2,1,19,0
8476341,2023-24,2024-04-04,2,0,14,2
8476341,2023-24,2024-04-06,2,1,9,3
8476341,2023-24,2024-04-11,2,1,26,2
8476341,2023-24,2024-04-16,2,1,35,1
8476341,2024-25,2024-10-14,2,1,9,3
8476341,2024-25,2024-10-17,2,1,35,3
8476341,2024-25,2024-10-19,2,1,29,4
8476341,2024-25,2024-10-22,2,1,31,0
8476341,2024-25,2024-10-27,2,1,29,4
8476341,2024-25,2024-11-02,2,1,22,0
8476341,2024-25,2024-11-07,2,1,24,3
8476341,2024-25,2024-11-16,2,1,27,3
8476341,2024-25,2024-11-25,2,1,27,3
8476341,2024-25,2024-11-30,2,1,26,4
8476341,2024-25,2024-12-08,2,1,12,3
8476341,2024-25,2025-01-03,2,1,25,4
8476341,2024-25,2025-01-07,2,1,33,3
8476341,2024-25,2025-01-09,2,1,21,4
8476341,2024-25,2025-01-19,2,1,26,1
8476341,2024-25,2025-01-21,2,0,13,3
8476341,2024-25,2025-01-23,2,1,25,1
8476341,2024-25,2025-01-25,2,1,29,1
8476341,2024-25,2025-01-30,2,1,35,4
8476341,2024-25,2025-02-03,2,1,27,2
8476341,2024-25,2025-02-06,2,1,30,4
8476341,2024-25,2025-02-22,2,0,10,0
8476341,2024-25,2025-03-11,2,1,22,2
8476341,2024-25,2025-03-20,2,0,20,1
8476341,2024-25,2025-03-25,2,1,24,3
8476341,2024-25,2025-03-30,2,1,35,1
8476341,2024-25,2025-04-05,2,1,39,0
8476341,2024-25,2025-04-08,2,1,35,5
8476341,2024-25,2025-04-13,2,1,32,3
8476341,2024-25,2025-04-15,2,1,16,4
8476341,2025-26,2025-10-08,2,1,35,5
8476341,2025-26,2025-10-16,2,1,25,3
8476341,2025-26,2025-10-18,2,1,40,4
8476341,2025-26,2025-10-26,2,1,23,1
8476341,2025-26,2025-11-06,2,1,24,5
8476341,2025-26,2025-11-15,2,1,17,0
8476341,2025-26,2025-11-20,2,1,24,3
8476341,2025-26,2025-11-29,2,1,20,1
8476341,2025-26,2025-12-10,2,1,33,3
8476341,2025-26,2025-12-15,2,0,20,3
8476341,2025-26,2025-12-17,2,1,29,3
8476341,2025-26,2025-12-18,2,1,32,1
8476341,2025-26,2025-12-22,2,1,30,3
8476341,2025-26,2025-12-27,2,1,26,1
8476341,2025-26,2025-12-29,2,1,25,4
8476341,2025-26,2026-01-09,2,0,4,0
8476341,2025-26,2026-01-10,2,1,26,3
8476341,2025-26,2026-01-17,2,1,33,2
8476341,2025-26,2026-01-20,2,0,28,1
8476341,2025-26,2026-01-27,2,1,28,1
8476341,2025-26,2026-02-01,2,1,34,3
8476341,2025-26,2026-02-05,2,1,22,4
8476341,2025-26,2026-02-25,2,1,24,5
8476341,2025-26,2026-02-26,2,0,22,4
8476341,2025-26,2026-02-28,2,1,29,0
8476341,2025-26,2026-03-02,2,1,38,3
8476341,2025-26,2026-03-09,2,1,32,4
8476341,2025-26,2026-03-14,2,1,27,5
8476341,2025-26,2026-03-21,2,1,32,3
8476341,2025-26,2026-03-28,2,0,11,0
8476341,2025-26,2026-04-01,2,1,24,1
8476341,2025-26,2026-04-06,2,1,31,2
8476341,2025-26,2026-04-09,2,1,25,1
8476341,2025-26,2026-04-11,2,1,27,0
8476341,2025-26,2026-04-13,2,1,33,3
8476341,2025-26,2026-04-16,2,1,19,2
8476341,2025-26,2026-04-19,3,1,32,2
8476341,2025-26,2026-04-21,3,1,36,2
8476341,2025-26,2026-04-23,3,1,22,3
8476341,2025-26,2026-04-26,3,1,31,4
8476412,2020-21,2021-01-13,2,1,27,1
8476412,2020-21,2021-01-15,2,1,24,4
8476412,2020-21,2021-01-18,2,1,26,4
8476412,2020-21,2021-01-20,2,1,38,1
8476412,2020-21,2021-01-23,2,1,23,2
8476412,2020-21,2021-01-26,2,1,46,4
8476412,2020-21,2021-01-30,2,1,24,1
8476412,2020-21,2021-02-02,2,1,35,3
8476412,2020-21,2021-02-04,2,1,29,3
8476412,2020-21,2021-02-08,2,1,26,3
8476412,2020-21,2021-02-12,2,1,25,1
8476412,2020-21,2021-02-15,2,1,19,1
8476412,2020-21,2021-02-18,2,1,32,2
8476412,2020-21,2021-02-20,2,1,27,5
8476412,2020-21,2021-02-22,2,1,30,2
8476412,2020-21,2021-02-24,2,1,20,2
8476412,2020-21,2021-02-27,2,1,19,4
8476412,2020-21,2021-03-03,2,1,29,2
8476412,2020-21,2021-03-06,2,1,34,4
8476412,2020-21,2021-03-12,2,1,40,5
8476412,2020-21,2021-03-17,2,1,23,3
8476412,2020-21,2021-03-19,2,1,31,1
8476412,2020-21,2021-03-22,2,1,35,5
8476412,2020-21,2021-03-25,2,1,11,2
8476412,2020-21,2021-03-26,2,1,22,2
8476412,2020-21,2021-03-28,2,1,24,3
8476412,2020-21,2021-04-02,2,1,39,3
8476412,2020-21,2021-04-05,2,0,14,1
8476412,2020-21,2021-04-07,2,1,51,1
8476412,2020-21,2021-04-09,2,1,25,1
8476412,2020-21,2021-04-14,2,1,28,4
8476412,2020-21,2021-04-17,2,1,29,3
8476412,2020-21,2021-04-22,2,1,28,3
8476412,2020-21,2021-04-24,2,1,31,3
8476412,2020-21,2021-04-26,2,1,32,1
8476412,2020-21,2021-04-28,2,1,29,3
8476412,2020-21,2021-05-01,2,1,38,4
8476412,2020-21,2021-05-03,2,1,20,1
8476412,2020-21,2021-05-05,2,1,35,2
8476412,2020-21,2021-05-07,2,1,35,4
8476412,2020-21,2021-05-10,2,1,27,1
8476412,2020-21,2021-05-13,2,1,20,3
8476412,2020-21,2021-05-17,3,1,49,3
8476412,2020-21,2021-05-19,3,1,33,4
8476412,2020-21,2021-05-21,3,1,25,4
8476412,2020-21,2021-05-23,3,1,32,3
8476412,2021-22,2021-10-16,2,1,32,3
8476412,2021-22,2021-10-18,2,1,26,4
8476412,2021-22,2021-10-20,2,1,43,1
8476412,2021-22,2021-10-23,2,1,35,3
8476412,2021-22,2021-10-28,2,1,42,4
8476412,2021-22,2021-10-30,2,1,25,0
8476412,2021-22,2021-11-03,2,1,35,2
8476412,2021-22,2021-11-07,2,1,26,3
8476412,2021-22,2021-11-09,2,1,41,2
8476412,2021-22,2021-11-11,2,1,27,4
8476412,2021-22,2021-11-14,2,1,32,5
8476412,2021-22,2021-11-16,2,1,23,3
8476412,2021-22,2021-11-20,2,1,32,3
8476412,2021-22,2021-11-22,2,1,34,2
8476412,2021-22,2021-11-26,2,1,27,3
8476412,2021-22,2021-11-30,2,1,33,3
8476412,2021-22,2021-12-19,2,1,34,4
8476412,2021-22,2021-12-29,2,1,28,2
8476412,2021-22,2022-01-01,2,1,33,4
8476412,2021-22,2022-01-05,2,1,41,5
8476412,2021-22,2022-01-09,2,1,27,1
8476412,2021-22,2022-01-15,2,1,40,6
8476412,2021-22,2022-01-24,2,1,35,7
8476412,2021-22,2022-02-10,2,1,27,5
8476412,2021-22,2022-02-22,2,1,26,1
8476412,2021-22,2022-02-27,2,1,30,0
8476412,2021-22,2022-03-05,2,1,20,2
8476412,2021-22,2022-03-08,2,1,27,3
8476412,2021-22,2022-03-13,2,1,37,4
8476412,2021-22,2022-03-24,2,1,26,4
8476412,2021-22,2022-04-01,2,1,13,4
8476412,2021-22,2022-04-09,2,1,31,1
8476412,2021-22,2022-04-14,2,1,37,2
8476412,2021-22,2022-04-17,2,1,36,3
8476412,2021-22,2022-04-21,2,1,21,1
8476412,2021-22,2022-04-23,2,1,20,4
8476412,2021-22,2022-04-26,2,1,33,4
8476412,2021-22,2022-05-08,3,1,30,2
8476412,2021-22,2022-05-10,3,1,32,2
8476412,2021-22,2022-05-12,3,1,26,1
8476412,2021-22,2022-05-17,3,1,54,3
8476412,2021-22,2022-05-19,3,1,31,1
8476412,2021-22,2022-05-21,3,1,3,0
8476412,2022-23,2022-10-15,2,1,25,2
8476412,2022-23,2022-10-19,2,1,35,3
8476412,2022-23,2022-10-22,2,1,23,0
8476412,2022-23,2022-10-26,2,1,27,2
8476412,2022-23,2022-10-29,2,1,24,6
8476412,2022-23,2022-10-31,2,1,19,5
8476412,2022-23,2022-11-03,2,1,29,4
8476412,2022-23,2022-11-07,2,1,37,3
8476412,2022-23,2022-11-10,2,1,30,3
8476412,2022-23,2022-11-12,2,1,36,2
8476412,2022-23,2022-11-14,2,1,47,2
8476412,2022-23,2022-11-16,2,1,27,2
8476412,2022-23,2022-11-19,2,1,32,2
8476412,2022-23,2022-11-21,2,1,28,1
8476412,2022-23,2022-11-23,2,1,32,6
8476412,2022-23,2022-11-25,2,1,26,4
8476412,2022-23,2022-11-28,2,1,23,3
8476412,2022-23,2022-12-01,2,1,34,4
8476412,2022-23,2022-12-03,2,1,17,4
8476412,2022-23,2022-12-05,2,1,24,6
8476412,2022-23,2022-12-11,2,1,31,3
8476412,2022-23,2022-12-12,2,1,25,0
8476412,2022-23,2022-12-15,2,1,27,3
8476412,2022-23,2022-12-19,2,1,34,1
8476412,2022-23,2022-12-23,2,1,32,4
8476412,2022-23,2022-12-27,2,1,37,5
8476412,2022-23,2022-12-29,2,1,22,1
8476412,2022-23,2022-12-31,2,1,31,4
8476412,2022-23,2023-01-03,2,1,25,5
8476412,2022-23,2023-01-05,2,1,39,3
8476412,2022-23,2023-01-07,2,1,27,5
8476412,2022-23,2023-01-10,2,1,31,3
8476412,2022-23,2023-01-14,2,1,30,4
8476412,2022-23,2023-01-16,2,1,33,1
8476412,2022-23,2023-01-19,2,1,26,2
8476412,2022-23,2023-01-21,2,1,7,4
8476412,2022-23,2023-01-24,2,1,30,4
8476412,2022-23,2023-01-28,2,1,30,3
8476412,2022-23,2023-01-30,2,1,38,3
8476412,2022-23,2023-02-11,2,1,28,5
8476412,2022-23,2023-02-14,2,1,36,2
8476412,2022-23,2023-02-16,2,1,36,2
8476412,2022-23,2023-02-18,2,1,33,4
8476412,2022-23,2023-02-21,2,1,36,4
8476412,2022-23,2023-02-23,2,1,41,3
8476412,2022-23,2023-02-25,2,1,48,3
8476412,2022-23,2023-02-28,2,1,25,4
8476412,2022-23,2023-03-04,2,1,37,3
8476412,2022-23,2023-03-07,2,1,27,6
8476412,2022-23,2023-03-09,2,1,34,2
8476412,2022-23,2023-03-12,2,1,30,4
8476412,2022-23,2023-03-15,2,1,24,5
8476412,2022-23,2023-03-25,2,1,25,3
8476412,2022-23,2023-03-26,2,0,14,2
8476412,2022-23,2023-03-28,2,1,37,5
8476412,2022-23,2023-03-30,2,1,33,3
8476412,2022-23,2023-04-02,2,1,31,3
8476412,2022-23,2023-04-04,2,1,34,2
8476412,2022-23,2023-04-06,2,1,24,2
8476412,2022-23,2023-04-08,2,1,29,4
8476412,2022-23,2023-04-13,2,1,34,1
8476412,2023-24,2023-10-12,2,1,34,1
8476412,2023-24,2023-10-14,2,1,31,1
8476412,2023-24,2023-10-21,2,1,33,2
8476412,2023-24,2023-10-24,2,1,29,3
8476412,2023-24,2023-10-27,2,1,35,5
8476412,2023-24,2023-11-01,2,1,28,4
8476412,2023-24,2023-11-03,2,1,34,1
8476412,2023-24,2023-11-07,2,1,36,4
8476412,2023-24,2023-11-11,2,1,38,2
8476412,2023-24,2023-11-14,2,1,30,0
8476412,2023-24,2023-11-16,2,0,14,1
8476412,2023-24,2023-11-18,2,1,31,5
8476412,2023-24,2023-11-22,2,1,13,5
8476412,2023-24,2023-11-24,2,0,20,4
8476412,2023-24,2023-11-26,2,1,33,2
8476412,2023-24,2023-11-28,2,1,37,3
8476412,2023-24,2023-11-30,2,1,46,4
8476412,2023-24,2023-12-04,2,1,34,1
8476412,2023-24,2023-12-06,2,1,48,5
8476412,2023-24,2023-12-09,2,1,24,3
8476412,2023-24,2023-12-12,2,1,31,5
8476412,2023-24,2023-12-14,2,1,34,2
8476412,2023-24,2023-12-16,2,1,23,3
8476412,2023-24,2023-12-19,2,1,23,5
8476412,2023-24,2023-12-23,2,1,20,5
8476412,2023-24,2023-12-29,2,1,23,2
8476412,2023-24,2024-01-04,2,1,26,1
8476412,2023-24,2024-01-06,2,1,30,1
8476412,2023-24,2024-01-11,2,1,43,2
8476412,2023-24,2024-01-13,2,1,35,4
8476412,2023-24,2024-01-18,2,1,25,4
8476412,2023-24,2024-01-20,2,1,18,0
8476412,2023-24,2024-01-23,2,1,35,3
8476412,2023-24,2024-01-26,2,1,36,3
8476412,2023-24,2024-01-30,2,1,22,1
8476412,2023-24,2024-02-11,2,1,32,2
8476412,2023-24,2024-02-13,2,1,31,3
8476412,2023-24,2024-02-15,2,1,38,3
8476412,2023-24,2024-02-17,2,1,32,4
8476412,2023-24,2024-02-22,2,1,38,0
8476412,2023-24,2024-02-24,2,1,14,4
8476412,2023-24,2024-02-28,2,1,36,3
8476412,2023-24,2024-03-02,2,1,22,1
8476412,2023-24,2024-03-04,2,1,42,1
8476412,2023-24,2024-03-07,2,1,32,3
8476412,2023-24,2024-03-09,2,1,39,4
8476412,2023-24,2024-03-13,2,1,41,1
8476412,2023-24,2024-03-16,2,1,24,2
8476412,2023-24,2024-03-19,2,1,35,4
8476412,2023-24,2024-03-23,2,1,34,4
8476412,2023-24,2024-03-25,2,1,34,2
8476412,2023-24,2024-03-28,2,1,28,3
8476412,2023-24,2024-04-01,2,1,38,2
8476412,2023-24,2024-04-04,2,1,29,4
8476412,2023-24,2024-04-07,2,1,38,5
8476412,2023-24,2024-04-12,2,1,40,3
8476412,2023-24,2024-04-17,2,1,37,1
8476412,2024-25,2024-10-08,2,1,32,2
8476412,2024-25,2024-10-11,2,1,28,4
8476412,2024-25,2024-10-15,2,1,26,3
8476412,2024-25,2024-10-22,2,1,24,3
8476412,2024-25,2024-10-24,2,1,41,1
8476412,2024-25,2024-10-26,2,1,25,4
8476412,2024-25,2024-10-29,2,0,14,3
8476412,2024-25,2024-10-31,2,1,21,2
8476412,2024-25,2024-11-02,2,1,37,2
8476412,2024-25,2024-11-05,2,1,23,2
8476412,2024-25,2024-11-09,2,1,27,8
8476412,2024-25,2024-11-12,2,1,30,3
8476412,2024-25,2024-11-14,2,1,33,4
8476412,2024-25,2024-11-16,2,1,18,2
8476412,2024-25,2024-11-19,2,1,27,3
8476412,2024-25,2024-11-21,2,1,24,2
8476412,2024-25,2024-11-23,2,1,30,2
8476412,2024-25,2024-11-27,2,1,32,0
8476412,2024-25,2024-11-30,2,1,31,3
8476412,2024-25,2024-12-05,2,1,39,3
8476412,2024-25,2024-12-07,2,1,21,4
8476412,2024-25,2024-12-12,2,1,31,4
8476412,2024-25,2024-12-14,2,1,37,2
8476412,2024-25,2024-12-17,2,1,27,3
8476412,2024-25,2024-12-19,2,1,11,3
8476412,2024-25,2024-12-23,2,1,19,0
8476412,2024-25,2024-12-29,2,1,16,4
8476412,2024-25,2024-12-31,2,1,30,2
8476412,2024-25,2025-01-03,2,1,20,0
8476412,2024-25,2025-01-07,2,1,25,5
8476412,2024-25,2025-01-11,2,1,30,2
8476412,2024-25,2025-01-14,2,1,28,1
8476412,2024-25,2025-01-18,2,1,33,4
8476412,2024-25,2025-01-20,2,1,32,4
8476412,2024-25,2025-01-25,2,1,19,2
8476412,2024-25,2025-01-27,2,1,18,3
8476412,2024-25,2025-02-02,2,1,25,1
8476412,2024-25,2025-02-04,2,1,39,3
8476412,2024-25,2025-02-08,2,1,21,5
8476412,2024-25,2025-02-23,2,1,29,1
8476412,2024-25,2025-02-25,2,1,27,2
8476412,2024-25,2025-03-01,2,1,26,1
8476412,2024-25,2025-03-02,2,0,12,3
8476412,2024-25,2025-03-05,2,1,23,2
8476412,2024-25,2025-03-07,2,1,24,3
8476412,2024-25,2025-03-13,2,1,19,4
8476412,2024-25,2025-03-16,2,1,25,2
8476412,2024-25,2025-03-20,2,1,18,3
8476412,2024-25,2025-03-23,2,1,32,1
8476412,2024-25,2025-03-25,2,1,25,1
8476412,2024-25,2025-03-29,2,1,29,1
8476412,2024-25,2025-04-01,2,1,21,1
8476412,2024-25,2025-04-05,2,1,39,4
8476412,2024-25,2025-04-09,2,1,23,4
8476412,2024-25,2025-04-12,2,1,18,3
8476412,2024-25,2025-04-15,2,1,23,1
8476412,2024-25,2025-04-19,3,1,25,4
8476412,2024-25,2025-04-21,3,1,22,2
8476412,2024-25,2025-04-24,3,1,19,2
8476412,2024-25,2025-04-27,3,1,31,1
8476412,2024-25,2025-04-30,3,1,25,4
8476412,2024-25,2025-05-02,3,1,23,2
8476412,2024-25,2025-05-04,3,1,47,4
8476412,2025-26,2025-10-09,2,1,21,5
8476412,2025-26,2025-10-13,2,1,29,2
8476412,2025-26,2025-10-15,2,0,7,1
8476412,2025-26,2025-10-18,2,1,19,1
8476412,2025-26,2025-10-21,2,1,28,2
8476412,2025-26,2025-10-23,2,0,18,3
8476412,2025-26,2025-10-25,2,1,27,5
8476412,2025-26,2025-10-28,2,1,19,4
8476412,2025-26,2025-10-30,2,1,18,3
8476412,2025-26,2025-11-03,2,1,26,2
8476412,2025-26,2025-11-05,2,1,15,4
8476412,2025-26,2025-11-11,2,1,40,2
8476412,2025-26,2025-11-14,2,1,31,5
8476412,2025-26,2025-11-18,2,1,29,3
8476412,2025-26,2025-11-22,2,1,30,1
8476412,2025-26,2025-11-26,2,1,29,3
8476412,2025-26,2025-11-28,2,1,28,3
8476412,2025-26,2025-12-01,2,1,5,2
8476412,2025-26,2025-12-04,2,1,27,5
8476412,2025-26,2025-12-07,2,1,26,3
8476412,2025-26,2025-12-11,2,1,25,6
8476412,2025-26,2025-12-18,2,1,31,2
8476412,2025-26,2025-12-22,2,1,17,4
8476412,2025-26,2025-12-31,2,1,43,6
8476412,2025-26,2026-01-03,2,1,26,0
8476412,2025-26,2026-01-07,2,1,35,7
8476412,2025-26,2026-01-10,2,1,24,3
8476412,2025-26,2026-01-18,2,1,28,5
8476412,2025-26,2026-01-23,2,1,19,3
8476412,2025-26,2026-01-27,2,1,24,4
8476412,2025-26,2026-01-31,2,1,22,4
8476412,2025-26,2026-02-04,2,1,28,5
8476412,2025-26,2026-02-28,2,1,32,2
8476412,2025-26,2026-03-06,2,1,25,2
8476412,2025-26,2026-03-12,2,1,32,1
8476412,2025-26,2026-03-15,2,1,16,3
8476412,2025-26,2026-03-21,2,1,15,1
8476412,2025-26,2026-03-28,2,1,13,1
8476412,2025-26,2026-04-01,2,1,26,2
8476412,2025-26,2026-04-09,2,1,34,3
8476412,2025-26,2026-04-14,2,1,23,5
8476433,2021-22,2022-04-29,2,1,23,3
8476433,2022-23,2022-10-24,2,1,31,2
8476433,2022-23,2022-12-14,2,1,21,3
8476433,2022-23,2022-12-28,2,0,19,0
8476433,2022-23,2022-12-29,2,1,34,5
8476433,2022-23,2022-12-31,2,1,23,2
8476433,2022-23,2023-01-07,2,1,28,3
8476433,2022-23,2023-01-16,2,0,5,1
8476433,2022-23,2023-01-17,2,1,23,3
8476433,2022-23,2023-01-27,2,1,29,2
8476433,2022-23,2023-02-16,2,1,35,2
8476433,2022-23,2023-02-27,2,1,42,6
8476433,2022-23,2023-03-04,2,1,36,4
8476433,2022-23,2023-03-11,2,1,38,3
8476433,2022-23,2023-03-18,2,0,2,0
8476433,2022-23,2023-03-21,2,1,22,2
8476433,2022-23,2023-03-23,2,1,13,3
8476433,2022-23,2023-03-31,2,1,29,6
8476433,2022-23,2023-04-10,2,0,17,3
8476434,2020-21,2021-01-14,2,1,28,4
8476434,2020-21,2021-01-16,2,1,33,2
8476434,2020-21,2021-01-18,2,1,34,0
8476434,2020-21,2021-01-22,2,1,32,3
8476434,2020-21,2021-01-24,2,1,33,1
8476434,2020-21,2021-01-26,2,1,31,0
8476434,2020-21,2021-01-28,2,1,34,3
8476434,2020-21,2021-01-30,2,1,6,3
8476434,2020-21,2021-01-31,2,1,23,4
8476434,2020-21,2021-02-02,2,1,21,1
8476434,2020-21,2021-02-05,2,1,30,4
8476434,2020-21,2021-02-11,2,1,21,0
8476434,2020-21,2021-02-15,2,1,29,3
8476434,2020-21,2021-02-18,2,1,27,3
8476434,2020-21,2021-02-20,2,1,29,5
8476434,2020-21,2021-02-22,2,1,25,4
8476434,2020-21,2021-02-27,2,1,27,3
8476434,2020-21,2021-03-01,2,1,34,4
8476434,2020-21,2021-03-03,2,1,21,3
8476434,2020-21,2021-03-05,2,1,34,3
8476434,2020-21,2021-03-08,2,1,26,5
8476434,2020-21,2021-03-10,2,1,37,5
8476434,2020-21,2021-03-12,2,1,24,5
8476434,2020-21,2021-03-26,2,1,34,1
8476434,2020-21,2021-04-04,2,1,31,3
8476434,2020-21,2021-04-06,2,1,35,1
8476434,2020-21,2021-04-09,2,1,34,1
8476434,2020-21,2021-04-11,2,1,37,4
8476434,2020-21,2021-04-16,2,1,51,4
8476434,2020-21,2021-04-18,2,1,28,4
8476434,2020-21,2021-04-24,2,1,31,5
8476434,2020-21,2021-04-28,2,1,30,2
8476434,2020-21,2021-04-30,2,1,25,2
8476434,2020-21,2021-05-03,2,1,31,2
8476434,2020-21,2021-05-07,2,1,36,4
8476434,2021-22,2021-10-13,2,1,34,1
8476434,2021-22,2021-10-18,2,1,43,2
8476434,2021-22,2021-10-21,2,1,26,4
8476434,2021-22,2021-10-23,2,1,36,4
8476434,2021-22,2021-10-26,2,1,25,4
8476434,2021-22,2021-10-29,2,1,42,4
8476434,2021-22,2021-10-31,2,1,18,2
8476434,2021-22,2021-11-02,2,1,28,0
8476434,2021-22,2021-11-07,2,1,35,1
8476434,2021-22,2021-11-09,2,1,43,2
8476434,2021-22,2021-11-11,2,1,25,4
8476434,2021-22,2021-11-14,2,1,27,1
8476434,2021-22,2021-11-16,2,1,30,2
8476434,2021-22,2021-11-18,2,1,31,2
8476434,2021-22,2021-11-22,2,1,35,3
8476434,2021-22,2021-11-24,2,1,36,5
8476434,2021-22,2021-11-28,2,1,30,4
8476434,2021-22,2021-11-30,2,1,34,4
8476434,2021-22,2021-12-03,2,1,36,3
8476434,2021-22,2021-12-06,2,1,29,3
8476434,2021-22,2021-12-09,2,1,34,1
8476434,2021-22,2021-12-11,2,1,16,1
8476434,2021-22,2021-12-17,2,1,27,6
8476434,2021-22,2021-12-29,2,1,37,2
8476434,2021-22,2021-12-31,2,1,45,3
8476434,2021-22,2022-01-02,2,1,35,3
8476434,2021-22,2022-01-04,2,1,29,1
8476434,2021-22,2022-01-19,2,1,27,1
8476434,2021-22,2022-01-21,2,1,33,1
8476434,2021-22,2022-01-24,2,1,26,3
8476434,2021-22,2022-01-26,2,1,44,3
8476434,2021-22,2022-01-29,2,1,45,1
8476434,2021-22,2022-01-31,2,1,28,2
8476434,2021-22,2022-02-11,2,1,27,4
8476434,2021-22,2022-02-16,2,1,20,4
8476434,2021-22,2022-02-17,2,1,41,7
8476434,2021-22,2022-02-19,2,1,20,4
8476434,2021-22,2022-02-25,2,1,20,4
8476434,2021-22,2022-03-01,2,1,34,3
8476434,2021-22,2022-03-04,2,1,35,5
8476434,2021-22,2022-03-08,2,1,13,5
8476434,2021-22,2022-03-10,2,1,29,3
8476434,2021-22,2022-03-13,2,1,29,4
8476434,2021-22,2022-03-15,2,1,38,4
8476434,2021-22,2022-03-18,2,1,42,3
8476434,2021-22,2022-03-21,2,1,30,5
8476434,2021-22,2022-03-23,2,1,27,3
8476434,2021-22,2022-03-29,2,1,32,3
8476434,2021-22,2022-03-31,2,1,35,3
8476434,2021-22,2022-04-03,2,1,46,6
8476434,2021-22,2022-04-10,2,1,42,4
8476434,2021-22,2022-04-12,2,1,55,3
8476434,2021-22,2022-04-17,2,1,35,4
8476434,2021-22,2022-04-19,2,1,28,2
8476434,2021-22,2022-04-24,2,1,37,6
8476434,2021-22,2022-04-29,2,1,5,0
8476434,2022-23,2022-10-12,2,1,48,4
8476434,2022-23,2022-10-15,2,1,27,5
8476434,2022-23,2022-10-17,2,1,34,5
8476434,2022-23,2022-10-20,2,1,36,1
8476434,2022-23,2022-10-23,2,1,41,5
8476434,2022-23,2022-10-26,2,1,29,3
8476434,2022-23,2022-10-28,2,1,18,4
8476434,2022-23,2022-10-30,2,1,36,3
8476434,2022-23,2022-11-03,2,1,46,7
8476434,2022-23,2022-11-06,2,1,47,4
8476434,2022-23,2022-11-09,2,1,39,4
8476434,2022-23,2022-11-15,2,1,33,2
8476434,2022-23,2022-11-17,2,1,32,3
8476434,2022-23,2022-11-19,2,1,29,5
8476434,2022-23,2022-11-21,2,1,26,2
8476434,2022-23,2022-11-23,2,1,43,2
8476434,2022-23,2022-11-27,2,1,19,5
8476434,2022-23,2022-11-29,2,1,41,2
8476434,2022-23,2022-12-03,2,1,49,4
8476434,2022-23,2022-12-06,2,1,37,3
8476434,2022-23,2022-12-09,2,1,19,4
8476434,2022-23,2022-12-13,2,1,27,2
8476434,2022-23,2022-12-28,2,1,51,2
8476434,2022-23,2022-12-30,2,1,43,6
8476434,2022-23,2023-01-02,2,1,33,4
8476434,2022-23,2023-01-04,2,1,35,0
8476434,2022-23,2023-01-08,2,1,42,7
8476434,2022-23,2023-01-11,2,1,37,6
8476434,2022-23,2023-01-13,2,1,39,6
8476434,2022-23,2023-01-16,2,1,45,4
8476434,2022-23,2023-01-19,2,0,18,0
8476434,2022-23,2023-01-21,2,1,39,6
8476434,2022-23,2023-01-26,2,1,44,3
8476434,2022-23,2023-01-28,2,1,34,1
8476434,2022-23,2023-02-06,2,1,41,2
8476434,2022-23,2023-02-10,2,1,59,6
8476434,2022-23,2023-02-12,2,1,39,7
8476434,2022-23,2023-02-17,2,1,40,5
8476434,2022-23,2023-02-20,2,1,55,4
8476434,2022-23,2023-02-23,2,1,43,2
8476434,2022-23,2023-02-25,2,1,53,2
8476434,2022-23,2023-03-01,2,1,39,3
8476434,2022-23,2023-03-03,2,1,28,2
8476434,2022-23,2023-03-07,2,1,30,4
8476434,2022-23,2023-03-10,2,1,37,1
8476434,2022-23,2023-03-12,2,1,36,5
8476434,2022-23,2023-03-15,2,1,33,6
8476434,2022-23,2023-03-19,2,1,40,2
8476434,2022-23,2023-03-21,2,1,43,5
8476434,2022-23,2023-03-25,2,1,36,6
8476434,2022-23,2023-03-27,2,1,44,5
8476434,2022-23,2023-04-01,2,1,36,5
8476434,2022-23,2023-04-13,2,1,35,4
8476434,2023-24,2023-10-14,2,1,37,3
8476434,2023-24,2023-10-19,2,1,24,3
8476434,2023-24,2023-10-22,2,1,25,2
8476434,2023-24,2023-10-26,2,1,30,3
8476434,2023-24,2023-10-30,2,1,7,1
8476434,2023-24,2023-11-05,2,1,32,2
8476434,2023-24,2023-11-07,2,1,35,1
8476434,2023-24,2023-11-12,2,1,26,1
8476434,2023-24,2023-11-14,2,1,30,2
8476434,2023-24,2023-11-17,2,1,35,2
8476434,2023-24,2023-11-19,2,1,32,3
8476434,2023-24,2023-11-22,2,1,28,4
8476434,2023-24,2023-11-24,2,1,31,5
8476434,2023-24,2023-11-26,2,0,10,2
8476434,2023-24,2023-11-28,2,1,26,2
8476434,2023-24,2023-11-30,2,1,26,5
8476434,2023-24,2023-12-02,2,1,37,3
8476434,2023-24,2023-12-05,2,1,30,3
8476434,2023-24,2023-12-10,2,1,30,3
8476434,2023-24,2023-12-13,2,1,35,4
8476434,2023-24,2023-12-17,2,1,19,1
8476434,2023-24,2023-12-27,2,1,32,2
8476434,2023-24,2023-12-29,2,1,32,2
8476434,2023-24,2023-12-31,2,1,39,7
8476434,2023-24,2024-01-05,2,1,27,3
8476434,2023-24,2024-01-11,2,1,25,5
8476434,2023-24,2024-01-15,2,1,33,4
8476434,2023-24,2024-01-16,2,1,27,1
8476434,2023-24,2024-01-20,2,1,18,4
8476434,2023-24,2024-01-23,2,1,30,2
8476434,2023-24,2024-01-25,2,1,44,4
8476434,2023-24,2024-01-31,2,1,28,2
8476434,2023-24,2024-02-09,2,1,21,2
8476434,2023-24,2024-02-15,2,1,15,0
8476434,2023-24,2024-02-17,2,0,14,5
8476434,2023-24,2024-02-19,2,1,37,3
8476434,2023-24,2024-02-21,2,1,26,6
8476434,2023-24,2024-02-24,2,1,50,2
8476434,2023-24,2024-02-29,2,1,28,4
8476434,2023-24,2024-03-08,2,1,36,6
8476434,2023-24,2024-03-12,2,1,26,6
8476434,2023-24,2024-03-15,2,1,38,6
8476434,2023-24,2024-03-19,2,1,32,4
8476434,2023-24,2024-03-26,2,1,36,4
8476434,2023-24,2024-03-30,2,1,37,6
8476434,2023-24,2024-04-12,2,1,27,6
8476434,2024-25,2024-11-10,2,1,40,2
8476434,2024-25,2024-11-15,2,1,25,4
8476434,2024-25,2024-11-19,2,1,20,2
8476434,2024-25,2024-11-22,2,1,32,3
8476434,2024-25,2024-11-27,2,1,44,2
8476434,2024-25,2024-11-29,2,1,18,2
8476434,2024-25,2024-12-04,2,1,32,3
8476434,2024-25,2024-12-06,2,1,32,4
8476434,2024-25,2024-12-11,2,1,34,5
8476434,2024-25,2024-12-14,2,1,42,3
8476434,2024-25,2024-12-20,2,1,22,3
8476434,2024-25,2024-12-23,2,1,11,0
8476434,2024-25,2025-01-02,2,1,30,3
8476434,2024-25,2025-01-05,2,1,37,1
8476434,2024-25,2025-01-07,2,1,33,3
8476434,2024-25,2025-01-09,2,0,12,0
8476434,2024-25,2025-01-11,2,1,30,6
8476434,2024-25,2025-01-14,2,1,25,3
8476434,2024-25,2025-01-18,2,1,44,2
8476434,2024-25,2025-01-23,2,1,32,1
8476434,2024-25,2025-01-25,2,1,10,1
8476434,2024-25,2025-01-30,2,1,29,3
8476434,2024-25,2025-02-04,2,1,27,1
8476434,2024-25,2025-02-22,2,1,20,1
8476434,2024-25,2025-03-01,2,1,24,6
8476434,2024-25,2025-03-05,2,1,21,2
8476434,2024-25,2025-03-20,2,1,34,1
8476434,2024-25,2025-03-26,2,1,25,2
8476434,2024-25,2025-04-03,2,1,26,3
8476434,2025-26,2025-10-09,2,1,13,5
8476434,2025-26,2025-10-17,2,1,32,1
8476434,2025-26,2025-10-19,2,1,18,2
8476434,2025-26,2025-10-22,2,1,31,4
8476434,2025-26,2025-10-25,2,1,29,4
8476434,2025-26,2025-10-28,2,1,22,2
8476434,2025-26,2025-10-31,2,1,31,4
8476434,2025-26,2025-11-04,2,1,34,1
8476434,2025-26,2025-11-09,2,1,19,4
8476434,2025-26,2025-11-13,2,1,17,2
8476434,2025-26,2025-11-15,2,1,27,5
8476434,2025-26,2025-11-20,2,1,26,5
8476434,2025-26,2025-11-28,2,1,26,5
8476434,2025-26,2025-12-02,2,1,38,4
8476434,2025-26,2025-12-06,2,1,27,3
8476434,2025-26,2025-12-08,2,1,39,0
8476434,2025-26,2025-12-10,2,1,37,3
8476434,2025-26,2025-12-13,2,1,26,0
8476434,2025-26,2025-12-16,2,1,18,2
8476434,2025-26,2025-12-20,2,1,26,2
8476434,2025-26,2025-12-23,2,1,22,3
8476434,2025-26,2025-12-27,2,1,37,4
8476434,2025-26,2025-12-31,2,1,24,1
8476434,2025-26,2026-01-03,2,1,29,2
8476434,2025-26,2026-01-05,2,1,37,3
8476434,2025-26,2026-01-08,2,1,24,1
8476434,2025-26,2026-01-10,2,1,27,0
8476434,2025-26,2026-01-12,2,1,34,3
8476434,2025-26,2026-01-16,2,1,22,2
8476434,2025-26,2026-01-18,2,1,22,3
8476434,2025-26,2026-01-21,2,1,31,1
8476434,2025-26,2026-01-24,2,1,27,1
8476434,2025-26,2026-01-27,2,1,21,2
8476434,2025-26,2026-01-29,2,1,23,3
8476434,2025-26,2026-01-31,2,1,17,4
8476434,2025-26,2026-02-02,2,1,21,0
8476434,2025-26,2026-02-04,2,1,24,3
8476434,2025-26,2026-02-26,2,1,27,1
8476434,2025-26,2026-03-02,2,1,11,1
8476434,2025-26,2026-03-06,2,1,22,2
8476434,2025-26,2026-03-08,2,1,21,0
8476434,2025-26,2026-03-10,2,1,28,4
8476434,2025-26,2026-03-12,2,1,28,3
8476434,2025-26,2026-03-14,2,1,24,3
8476434,2025-26,2026-03-16,2,1,27,2
8476434,2025-26,2026-03-19,2,1,33,1
8476434,2025-26,2026-03-21,2,1,26,3
8476434,2025-26,2026-03-24,2,1,21,3
8476434,2025-26,2026-03-27,2,1,30,2
8476434,2025-26,2026-03-28,2,1,21,4
8476434,2025-26,2026-03-31,2,1,14,3
8476434,2025-26,2026-04-02,2,1,34,2
8476434,2025-26,2026-04-04,2,1,19,3
8476434,2025-26,2026-04-07,2,1,35,3
8476434,2025-26,2026-04-09,2,1,15,2
8476434,2025-26,2026-04-11,2,1,32,4
8476434,2025-26,2026-04-15,2,1,15,4
8476876,2020-21,2021-01-13,2,1,33,5
8476876,2020-21,2021-01-26,2,1,39,3
8476876,2020-21,2021-02-07,2,1,31,1
8476876,2020-21,2021-02-15,2,1,29,2
8476876,2020-21,2021-02-25,2,1,26,0
8476876,2020-21,2021-02-27,2,1,32,5
8476876,2020-21,2021-03-05,2,1,42,3
8476876,2020-21,2021-03-09,2,1,37,6
8476876,2020-21,2021-03-20,2,1,29,4
8476876,2020-21,2021-03-28,2,1,31,3
8476876,2020-21,2021-04-17,2,1,29,0
8476876,2020-21,2021-04-19,2,0,8,0
8476876,2020-21,2021-04-21,2,1,40,4
8476876,2020-21,2021-04-23,2,1,28,3
8476876,2020-21,2021-04-27,2,0,19,4
8476876,2020-21,2021-05-03,2,1,18,4
8476876,2021-22,2021-12-04,2,1,25,6
8476876,2021-22,2021-12-17,2,1,48,3
8476876,2021-22,2021-12-30,2,1,32,4
8476876,2021-22,2022-01-11,2,0,27,4
8476883,2020-21,2021-01-13,2,1,23,1
8476883,2020-21,2021-01-15,2,1,37,2
8476883,2020-21,2021-01-21,2,1,25,2
8476883,2020-21,2021-01-23,2,1,27,4
8476883,2020-21,2021-01-28,2,1,35,1
8476883,2020-21,2021-01-30,2,1,26,3
8476883,2020-21,2021-02-01,2,1,31,2
8476883,2020-21,2021-02-03,2,1,16,1
8476883,2020-21,2021-02-05,2,1,28,1
8476883,2020-21,2021-02-09,2,1,33,1
8476883,2020-21,2021-02-11,2,1,28,4
8476883,2020-21,2021-02-13,2,1,34,1
8476883,2020-21,2021-02-20,2,1,27,3
8476883,2020-21,2021-02-22,2,1,36,2
8476883,2020-21,2021-02-24,2,1,25,0
8476883,2020-21,2021-02-27,2,1,20,0
8476883,2020-21,2021-03-02,2,1,28,0
8476883,2020-21,2021-03-04,2,1,37,2
8476883,2020-21,2021-03-07,2,1,25,3
8476883,2020-21,2021-03-09,2,1,23,3
8476883,2020-21,2021-03-13,2,1,31,3
8476883,2020-21,2021-03-16,2,1,27,3
8476883,2020-21,2021-03-18,2,1,21,2
8476883,2020-21,2021-03-20,2,1,31,1
8476883,2020-21,2021-03-23,2,1,17,1
8476883,2020-21,2021-03-25,2,1,41,4
8476883,2020-21,2021-03-27,2,1,40,4
8476883,2020-21,2021-04-01,2,1,38,2
8476883,2020-21,2021-04-03,2,1,26,1
8476883,2020-21,2021-04-06,2,1,29,3
8476883,2020-21,2021-04-08,2,1,36,4
8476883,2020-21,2021-04-10,2,1,36,0
8476883,2020-21,2021-04-15,2,1,38,2
8476883,2020-21,2021-04-17,2,1,31,4
8476883,2020-21,2021-04-19,2,1,27,2
8476883,2020-21,2021-04-20,2,1,35,3
8476883,2020-21,2021-04-25,2,1,22,3
8476883,2020-21,2021-04-27,2,1,40,4
8476883,2020-21,2021-04-29,2,1,20,0
8476883,2020-21,2021-05-05,2,1,22,2
8476883,2020-21,2021-05-08,2,1,35,5
8476883,2020-21,2021-05-10,2,1,30,4
8476883,2020-21,2021-05-16,3,1,39,4
8476883,2020-21,2021-05-18,3,1,33,1
8476883,2020-21,2021-05-20,3,1,47,6
8476883,2020-21,2021-05-22,3,1,41,2
8476883,2020-21,2021-05-24,3,1,37,3
8476883,2020-21,2021-05-26,3,1,29,0
8476883,2020-21,2021-05-30,3,1,38,1
8476883,2020-21,2021-06-01,3,1,32,1
8476883,2020-21,2021-06-03,3,1,27,3
8476883,2020-21,2021-06-05,3,1,25,4
8476883,2020-21,2021-06-08,3,1,29,0
8476883,2020-21,2021-06-13,3,1,31,2
8476883,2020-21,2021-06-15,3,1,26,2
8476883,2020-21,2021-06-17,3,1,28,1
8476883,2020-21,2021-06-19,3,1,30,3
8476883,2020-21,2021-06-21,3,1,21,0
8476883,2020-21,2021-06-23,3,1,28,3
8476883,2020-21,2021-06-25,3,1,18,0
8476883,2020-21,2021-06-28,3,1,19,1
8476883,2020-21,2021-06-30,3,1,43,1
8476883,2020-21,2021-07-02,3,1,35,3
8476883,2020-21,2021-07-05,3,1,21,3
8476883,2020-21,2021-07-07,3,1,22,0
8476883,2021-22,2021-10-12,2,1,32,3
8476883,2021-22,2021-10-14,2,1,26,6
8476883,2021-22,2021-10-16,2,1,33,1
8476883,2021-22,2021-10-19,2,1,31,3
8476883,2021-22,2021-10-23,2,1,27,3
8476883,2021-22,2021-10-26,2,1,29,1
8476883,2021-22,2021-10-28,2,1,25,1
8476883,2021-22,2021-11-01,2,1,33,2
8476883,2021-22,2021-11-04,2,1,34,2
8476883,2021-22,2021-11-09,2,1,31,2
8476883,2021-22,2021-11-13,2,1,28,2
8476883,2021-22,2021-11-15,2,1,26,1
8476883,2021-22,2021-11-18,2,1,30,3
8476883,2021-22,2021-11-20,2,1,26,4
8476883,2021-22,2021-11-23,2,1,34,0
8476883,2021-22,2021-11-26,2,1,17,0
8476883,2021-22,2021-11-28,2,1,36,3
8476883,2021-22,2021-12-02,2,1,28,2
8476883,2021-22,2021-12-04,2,1,39,2
8476883,2021-22,2021-12-07,2,1,23,2
8476883,2021-22,2021-12-09,2,1,38,3
8476883,2021-22,2021-12-14,2,1,30,2
8476883,2021-22,2021-12-16,2,1,26,1
8476883,2021-22,2021-12-21,2,1,41,3
8476883,2021-22,2022-01-02,2,1,21,4
8476883,2021-22,2022-01-04,2,1,22,2
8476883,2021-22,2022-01-06,2,1,27,1
8476883,2021-22,2022-01-08,2,1,29,4
8476883,2021-22,2022-01-11,2,1,18,1
8476883,2021-22,2022-01-13,2,1,26,2
8476883,2021-22,2022-01-15,2,1,20,1
8476883,2021-22,2022-01-18,2,1,36,4
8476883,2021-22,2022-01-21,2,1,34,4
8476883,2021-22,2022-01-27,2,1,33,2
8476883,2021-22,2022-01-29,2,1,27,2
8476883,2021-22,2022-02-01,2,1,21,2
8476883,2021-22,2022-02-10,2,1,47,3
8476883,2021-22,2022-02-15,2,1,25,3
8476883,2021-22,2022-02-23,2,1,30,3
8476883,2021-22,2022-02-26,2,1,28,2
8476883,2021-22,2022-03-01,2,1,27,2
8476883,2021-22,2022-03-03,2,1,39,4
8476883,2021-22,2022-03-06,2,1,27,3
8476883,2021-22,2022-03-08,2,1,31,5
8476883,2021-22,2022-03-10,2,1,32,4
8476883,2021-22,2022-03-13,2,1,36,1
8476883,2021-22,2022-03-16,2,1,25,1
8476883,2021-22,2022-03-19,2,1,27,2
8476883,2021-22,2022-03-22,2,1,41,3
8476883,2021-22,2022-03-24,2,1,39,3
8476883,2021-22,2022-03-27,2,1,24,1
8476883,2021-22,2022-03-29,2,1,19,3
8476883,2021-22,2022-04-01,2,1,23,2
8476883,2021-22,2022-04-04,2,1,39,6
8476883,2021-22,2022-04-06,2,1,28,4
8476883,2021-22,2022-04-08,2,1,37,2
8476883,2021-22,2022-04-12,2,1,29,1
8476883,2021-22,2022-04-14,2,1,13,3
8476883,2021-22,2022-04-19,2,1,31,4
8476883,2021-22,2022-04-21,2,1,37,1
8476883,2021-22,2022-04-24,2,1,39,4
8476883,2021-22,2022-04-26,2,1,21,1
8476883,2021-22,2022-04-29,2,1,37,4
8476883,2021-22,2022-05-02,3,1,32,5
8476883,2021-22,2022-05-04,3,1,34,3
8476883,2021-22,2022-05-06,3,1,34,3
8476883,2021-22,2022-05-08,3,1,25,3
8476883,2021-22,2022-05-10,3,1,25,4
8476883,2021-22,2022-05-12,3,1,33,3
8476883,2021-22,2022-05-14,3,1,31,1
8476883,2021-22,2022-05-17,3,1,34,1
8476883,2021-22,2022-05-19,3,1,36,1
8476883,2021-22,2022-05-22,3,1,35,1
8476883,2021-22,2022-05-23,3,1,49,0
8476883,2021-22,2022-06-01,3,1,34,6
8476883,2021-22,2022-06-03,3,1,28,3
8476883,2021-22,2022-06-05,3,1,30,2
8476883,2021-22,2022-06-07,3,1,35,1
8476883,2021-22,2022-06-09,3,1,25,1
8476883,2021-22,2022-06-11,3,1,21,1
8476883,2021-22,2022-06-15,3,1,38,4
8476883,2021-22,2022-06-18,3,1,30,7
8476883,2021-22,2022-06-20,3,1,39,2
8476883,2021-22,2022-06-22,3,1,37,3
8476883,2021-22,2022-06-24,3,1,37,2
8476883,2021-22,2022-06-26,3,1,30,2
8476883,2022-23,2022-10-11,2,1,39,3
8476883,2022-23,2022-10-14,2,1,28,2
8476883,2022-23,2022-10-18,2,1,24,3
8476883,2022-23,2022-10-21,2,1,38,2
8476883,2022-23,2022-10-25,2,1,33,4
8476883,2022-23,2022-10-29,2,1,27,3
8476883,2022-23,2022-11-01,2,1,15,3
8476883,2022-23,2022-11-03,2,1,55,3
8476883,2022-23,2022-11-08,2,1,29,3
8476883,2022-23,2022-11-11,2,1,24,5
8476883,2022-23,2022-11-13,2,1,22,3
8476883,2022-23,2022-11-17,2,1,40,1
8476883,2022-23,2022-11-19,2,1,32,2
8476883,2022-23,2022-11-21,2,1,29,5
8476883,2022-23,2022-11-25,2,1,27,2
8476883,2022-23,2022-11-29,2,1,25,2
8476883,2022-23,2022-12-01,2,1,22,1
8476883,2022-23,2022-12-03,2,1,39,3
8476883,2022-23,2022-12-06,2,1,24,2
8476883,2022-23,2022-12-10,2,1,25,1
8476883,2022-23,2022-12-13,2,1,38,2
8476883,2022-23,2022-12-17,2,1,23,1
8476883,2022-23,2022-12-20,2,1,38,2
8476883,2022-23,2022-12-28,2,1,26,1
8476883,2022-23,2022-12-29,2,1,46,1
8476883,2022-23,2022-12-31,2,1,31,3
8476883,2022-23,2023-01-06,2,1,19,3
8476883,2022-23,2023-01-10,2,1,24,3
8476883,2022-23,2023-01-12,2,1,40,4
8476883,2022-23,2023-01-14,2,1,25,2
8476883,2022-23,2023-01-16,2,1,23,1
8476883,2022-23,2023-01-19,2,1,33,4
8476883,2022-23,2023-01-21,2,1,39,4
8476883,2022-23,2023-01-24,2,1,35,2
8476883,2022-23,2023-01-26,2,1,39,2
8476883,2022-23,2023-01-28,2,1,28,2
8476883,2022-23,2023-02-06,2,1,49,7
8476883,2022-23,2023-02-09,2,1,30,0
8476883,2022-23,2023-02-11,2,1,29,1
8476883,2022-23,2023-02-14,2,1,46,3
8476883,2022-23,2023-02-18,2,1,25,4
8476883,2022-23,2023-02-21,2,1,25,1
8476883,2022-23,2023-02-23,2,1,23,6
8476883,2022-23,2023-02-25,2,1,45,0
8476883,2022-23,2023-02-28,2,1,40,3
8476883,2022-23,2023-03-02,2,1,32,5
8476883,2022-23,2023-03-05,2,1,38,6
8476883,2022-23,2023-03-07,2,1,35,2
8476883,2022-23,2023-03-09,2,1,21,4
8476883,2022-23,2023-03-12,2,1,22,3
8476883,2022-23,2023-03-14,2,1,23,1
8476883,2022-23,2023-03-16,2,1,35,3
8476883,2022-23,2023-03-19,2,1,38,4
8476883,2022-23,2023-03-21,2,1,20,3
8476883,2022-23,2023-03-25,2,1,34,2
8476883,2022-23,2023-03-28,2,1,31,0
8476883,2022-23,2023-03-30,2,1,31,1
8476883,2022-23,2023-04-01,2,1,38,0
8476883,2022-23,2023-04-05,2,1,37,6
8476883,2022-23,2023-04-11,2,1,24,4
8476883,2022-23,2023-04-18,3,1,31,3
8476883,2022-23,2023-04-20,3,1,37,7
8476883,2022-23,2023-04-22,3,1,27,4
8476883,2022-23,2023-04-24,3,1,37,5
8476883,2022-23,2023-04-27,3,1,30,2
8476883,2022-23,2023-04-29,3,1,22,2
8476883,2023-24,2023-11-24,2,1,24,2
8476883,2023-24,2023-11-27,2,1,22,3
8476883,2023-24,2023-11-30,2,1,28,3
8476883,2023-24,2023-12-02,2,1,25,6
8476883,2023-24,2023-12-04,2,1,25,0
8476883,2023-24,2023-12-06,2,1,25,1
8476883,2023-24,2023-12-09,2,1,29,3
8476883,2023-24,2023-12-12,2,1,21,3
8476883,2023-24,2023-12-14,2,1,57,4
8476883,2023-24,2023-12-16,2,1,26,4
8476883,2023-24,2023-12-19,2,1,29,1
8476883,2023-24,2023-12-21,2,1,34,4
8476883,2023-24,2023-12-23,2,1,34,1
8476883,2023-24,2023-12-27,2,1,31,3
8476883,2023-24,2023-12-30,2,1,21,5
8476883,2023-24,2024-01-02,2,1,27,3
8476883,2023-24,2024-01-04,2,1,23,1
8476883,2023-24,2024-01-06,2,1,25,6
8476883,2023-24,2024-01-09,2,1,22,2
8476883,2023-24,2024-01-11,2,1,30,3
8476883,2023-24,2024-01-13,2,1,20,1
8476883,2023-24,2024-01-18,2,1,33,3
8476883,2023-24,2024-01-21,2,1,35,2
8476883,2023-24,2024-01-23,2,1,32,3
8476883,2023-24,2024-01-25,2,1,20,3
8476883,2023-24,2024-01-27,2,1,24,3
8476883,2023-24,2024-02-07,2,1,23,2
8476883,2023-24,2024-02-10,2,1,35,2
8476883,2023-24,2024-02-13,2,1,38,2
8476883,2023-24,2024-02-15,2,1,31,3
8476883,2023-24,2024-02-17,2,1,22,6
8476883,2023-24,2024-02-19,2,1,28,4
8476883,2023-24,2024-02-22,2,1,23,4
8476883,2023-24,2024-02-24,2,1,34,2
8476883,2023-24,2024-02-27,2,1,29,4
8476883,2023-24,2024-02-29,2,1,23,3
8476883,2023-24,2024-03-02,2,1,31,3
8476883,2023-24,2024-03-07,2,1,23,5
8476883,2023-24,2024-03-09,2,1,25,0
8476883,2023-24,2024-03-14,2,1,28,3
8476883,2023-24,2024-03-16,2,1,50,3
8476883,2023-24,2024-03-19,2,1,27,3
8476883,2023-24,2024-03-21,2,1,22,1
8476883,2023-24,2024-03-23,2,1,23,4
8476883,2023-24,2024-03-27,2,1,24,1
8476883,2023-24,2024-03-30,2,1,28,1
8476883,2023-24,2024-04-01,2,1,31,3
8476883,2023-24,2024-04-03,2,1,29,1
8476883,2023-24,2024-04-06,2,1,28,5
8476883,2023-24,2024-04-09,2,1,32,2
8476883,2023-24,2024-04-13,2,1,34,4
8476883,2023-24,2024-04-15,2,1,34,4
8476883,2023-24,2024-04-21,3,1,27,2
8476883,2023-24,2024-04-23,3,1,37,3
8476883,2023-24,2024-04-25,3,1,30,4
8476883,2023-24,2024-04-27,3,1,25,3
8476883,2023-24,2024-04-29,3,1,37,4
8476883,2024-25,2024-10-11,2,1,21,1
8476883,2024-25,2024-10-15,2,1,27,1
8476883,2024-25,2024-10-17,2,1,25,3
8476883,2024-25,2024-10-19,2,1,28,5
8476883,2024-25,2024-10-21,2,1,14,4
8476883,2024-25,2024-10-24,2,1,17,3
8476883,2024-25,2024-10-26,2,1,32,0
8476883,2024-25,2024-10-28,2,1,37,2
8476883,2024-25,2024-10-30,2,1,35,2
8476883,2024-25,2024-11-01,2,1,20,3
8476883,2024-25,2024-11-05,2,1,23,3
8476883,2024-25,2024-11-07,2,1,31,1
8476883,2024-25,2024-11-14,2,1,24,1
8476883,2024-25,2024-11-16,2,1,29,0
8476883,2024-25,2024-11-19,2,1,19,2
8476883,2024-25,2024-11-23,2,1,28,4
8476883,2024-25,2024-11-25,2,1,25,2
8476883,2024-25,2024-11-27,2,1,32,5
8476883,2024-25,2024-11-30,2,1,28,4
8476883,2024-25,2024-12-05,2,1,21,1
8476883,2024-25,2024-12-08,2,1,25,2
8476883,2024-25,2024-12-10,2,1,25,2
8476883,2024-25,2024-12-12,2,1,22,3
8476883,2024-25,2024-12-17,2,1,32,3
8476883,2024-25,2024-12-19,2,1,32,1
8476883,2024-25,2024-12-22,2,1,25,3
8476883,2024-25,2024-12-28,2,1,44,2
8476883,2024-25,2025-01-02,2,1,25,2
8476883,2024-25,2025-01-04,2,1,21,2
8476883,2024-25,2025-01-07,2,1,31,2
8476883,2024-25,2025-01-09,2,1,28,1
8476883,2024-25,2025-01-11,2,1,26,3
8476883,2024-25,2025-01-14,2,1,22,4
8476883,2024-25,2025-01-16,2,1,37,3
8476883,2024-25,2025-01-18,2,1,39,1
8476883,2024-25,2025-01-21,2,1,22,3
8476883,2024-25,2025-01-25,2,1,31,1
8476883,2024-25,2025-01-30,2,1,28,0
8476883,2024-25,2025-02-01,2,1,36,3
8476883,2024-25,2025-02-04,2,1,28,3
8476883,2024-25,2025-02-06,2,1,28,1
8476883,2024-25,2025-02-08,2,1,37,3
8476883,2024-25,2025-02-09,2,1,35,3
8476883,2024-25,2025-02-23,2,1,37,1
8476883,2024-25,2025-02-25,2,1,24,1
8476883,2024-25,2025-02-27,2,1,28,0
8476883,2024-25,2025-03-01,2,1,21,1
8476883,2024-25,2025-03-03,2,1,29,2
8476883,2024-25,2025-03-06,2,1,33,5
8476883,2024-25,2025-03-08,2,1,24,3
8476883,2024-25,2025-03-11,2,1,31,4
8476883,2024-25,2025-03-15,2,1,12,2
8476883,2024-25,2025-03-17,2,1,21,0
8476883,2024-25,2025-03-20,2,1,24,2
8476883,2024-25,2025-03-23,2,1,29,3
8476883,2024-25,2025-03-25,2,1,15,1
8476883,2024-25,2025-03-27,2,1,25,0
8476883,2024-25,2025-04-01,2,1,29,1
8476883,2024-25,2025-04-03,2,1,19,2
8476883,2024-25,2025-04-07,2,1,39,1
8476883,2024-25,2025-04-09,2,1,31,4
8476883,2024-25,2025-04-11,2,1,26,4
8476883,2024-25,2025-04-15,2,1,24,1
8476883,2024-25,2025-04-22,3,1,17,6
8476883,2024-25,2025-04-24,3,1,22,1
8476883,2024-25,2025-04-26,3,1,34,1
8476883,2024-25,2025-04-28,3,1,22,3
8476883,2024-25,2025-04-30,3,1,30,5
8476883,2025-26,2025-10-09,2,1,33,4
8476883,2025-26,2025-10-11,2,1,31,5
8476883,2025-26,2025-10-14,2,1,28,3
8476883,2025-26,2025-10-17,2,1,31,2
8476883,2025-26,2025-10-23,2,1,25,3
8476883,2025-26,2025-10-26,2,1,19,1
8476883,2025-26,2025-10-28,2,1,20,2
8476883,2025-26,2025-10-30,2,1,21,1
8476883,2025-26,2025-11-04,2,1,33,3
8476883,2025-26,2025-11-06,2,1,32,3
8476883,2025-26,2025-11-08,2,1,30,2
8476883,2025-26,2025-11-12,2,1,13,5
8476883,2025-26,2025-11-15,2,1,23,1
8476883,2025-26,2025-11-18,2,1,32,1
8476883,2025-26,2025-11-20,2,1,25,1
8476883,2025-26,2025-11-24,2,1,20,0
8476883,2025-26,2025-11-26,2,1,32,1
8476883,2025-26,2025-11-28,2,1,37,3
8476883,2025-26,2025-12-02,2,1,24,2
8476883,2025-26,2025-12-18,2,1,20,2
8476883,2025-26,2025-12-20,2,1,22,4
8476883,2025-26,2025-12-22,2,1,24,1
8476883,2025-26,2025-12-27,2,1,26,2
8476883,2025-26,2025-12-31,2,1,28,3
8476883,2025-26,2026-01-03,2,1,22,3
8476883,2025-26,2026-01-06,2,1,33,2
8476883,2025-26,2026-01-10,2,1,20,2
8476883,2025-26,2026-01-13,2,1,27,1
8476883,2025-26,2026-01-16,2,1,21,2
8476883,2025-26,2026-01-18,2,1,20,1
8476883,2025-26,2026-01-20,2,1,23,1
8476883,2025-26,2026-01-23,2,1,19,1
8476883,2025-26,2026-01-26,2,1,28,0
8476883,2025-26,2026-01-29,2,1,24,1
8476883,2025-26,2026-02-01,2,1,34,5
8476883,2025-26,2026-02-03,2,1,26,3
8476883,2025-26,2026-02-05,2,1,34,1
8476883,2025-26,2026-02-25,2,1,34,2
8476883,2025-26,2026-02-28,2,1,14,5
8476883,2025-26,2026-03-03,2,1,21,4
8476883,2025-26,2026-03-05,2,1,29,3
8476883,2025-26,2026-03-07,2,1,29,2
8476883,2025-26,2026-03-10,2,1,31,4
8476883,2025-26,2026-03-12,2,1,25,1
8476883,2025-26,2026-03-14,2,1,34,3
8476883,2025-26,2026-03-17,2,1,18,2
8476883,2025-26,2026-03-19,2,1,21,2
8476883,2025-26,2026-03-21,2,1,27,2
8476883,2025-26,2026-03-24,2,1,24,3
8476883,2025-26,2026-03-26,2,1,20,4
8476883,2025-26,2026-03-28,2,1,28,2
8476883,2025-26,2026-03-31,2,1,21,2
8476883,2025-26,2026-04-02,2,1,24,3
8476883,2025-26,2026-04-04,2,1,22,1
8476883,2025-26,2026-04-06,2,1,29,3
8476883,2025-26,2026-04-09,2,1,21,2
8476883,2025-26,2026-04-11,2,1,21,1
8476883,2025-26,2026-04-13,2,1,30,3
8476883,2025-26,2026-04-19,3,1,19,4
8476883,2025-26,2026-04-21,3,1,27,2
8476883,2025-26,2026-04-24,3,1,29,3
8476883,2025-26,2026-04-26,3,1,18,2
8476883,2025-26,2026-04-29,3,1,24,3
8476883,2025-26,2026-05-01,3,1,30,0
8476883,2025-26,2026-05-03,3,1,9,2
8476899,2020-21,2021-01-15,2,1,23,3
8476899,2020-21,2021-01-16,2,1,40,3
8476899,2020-21,2021-01-19,2,1,28,4
8476899,2020-21,2021-01-21,2,1,26,4
8476899,2020-21,2021-01-25,2,1,35,7
8476899,2020-21,2021-01-28,2,1,25,4
8476899,2020-21,2021-01-31,2,1,9,3
8476899,2020-21,2021-02-04,2,1,38,2
8476899,2020-21,2021-02-06,2,1,32,2
8476899,2020-21,2021-02-08,2,1,34,2
8476899,2020-21,2021-02-09,2,0,9,0
8476899,2020-21,2021-02-11,2,1,15,3
8476899,2020-21,2021-02-17,2,1,28,2
8476899,2020-21,2021-02-18,2,0,26,6
8476899,2020-21,2021-02-21,2,1,32,2
8476899,2020-21,2021-02-23,2,1,36,4
8476899,2020-21,2021-02-25,2,1,30,1
8476899,2020-21,2021-02-27,2,1,33,6
8476899,2020-21,2021-03-01,2,1,28,1
8476899,2020-21,2021-03-04,2,1,11,4
8476899,2020-21,2021-03-07,2,1,34,3
8476899,2020-21,2021-03-10,2,1,36,7
8476899,2020-21,2021-04-14,2,1,35,3
8476899,2020-21,2021-04-17,2,1,23,0
8476899,2020-21,2021-04-19,2,1,28,2
8476899,2020-21,2021-04-22,2,1,31,0
8476899,2020-21,2021-04-24,2,1,13,1
8476899,2021-22,2021-10-21,2,1,24,2
8476899,2021-22,2021-10-23,2,1,23,1
8476899,2021-22,2021-11-01,2,1,31,5
8476899,2021-22,2021-11-06,2,1,32,4
8476899,2021-22,2021-11-09,2,1,36,3
8476899,2021-22,2021-11-24,2,1,27,4
8476899,2021-22,2022-01-01,2,1,40,6
8476899,2021-22,2022-01-13,2,1,28,1
8476899,2021-22,2022-01-15,2,1,37,4
8476899,2021-22,2022-01-22,2,1,33,3
8476899,2021-22,2022-01-25,2,1,32,0
8476899,2021-22,2022-01-27,2,1,29,2
8476899,2021-22,2022-01-31,2,1,39,2
8476899,2021-22,2022-02-07,2,1,33,1
8476899,2021-22,2022-02-10,2,1,43,1
8476899,2021-22,2022-02-12,2,1,37,2
8476899,2021-22,2022-02-15,2,1,31,4
8476899,2021-22,2022-02-26,2,1,32,2
8476899,2021-22,2022-03-01,2,1,22,5
8476899,2021-22,2022-03-05,2,1,31,8
8476899,2022-23,2022-10-12,2,1,23,4
8476899,2022-23,2022-11-15,2,1,37,2
8476899,2022-23,2022-11-17,2,1,33,3
8476899,2022-23,2022-11-19,2,1,34,2
8476899,2022-23,2022-11-23,2,1,35,1
8476899,2022-23,2022-11-25,2,1,28,3
8476899,2022-23,2022-11-28,2,1,44,2
8476899,2022-23,2022-12-03,2,1,33,4
8476899,2022-23,2022-12-06,2,1,44,0
8476899,2022-23,2022-12-10,2,1,26,4
8476899,2022-23,2022-12-15,2,1,19,2
8476899,2022-23,2022-12-20,2,1,19,1
8476899,2022-23,2022-12-29,2,1,21,4
8476899,2022-23,2022-12-31,2,1,28,2
8476899,2022-23,2023-01-05,2,1,26,5
8476899,2022-23,2023-01-08,2,1,36,2
8476899,2022-23,2023-01-11,2,1,33,1
8476899,2022-23,2023-01-14,2,1,34,4
8476899,2022-23,2023-01-17,2,1,8,4
8476899,2022-23,2023-03-04,2,1,24,4
8476899,2022-23,2023-03-11,2,1,26,4
8476899,2022-23,2023-03-13,2,1,29,4
8476899,2022-23,2023-03-18,2,1,52,4
8476899,2022-23,2023-03-23,2,1,35,2
8476899,2022-23,2023-03-25,2,1,27,4
8476899,2022-23,2023-04-02,2,1,7,2
8476903,2021-22,2021-12-12,2,1,39,3
8476903,2021-22,2021-12-19,2,1,22,3
8476903,2021-22,2022-01-13,2,1,25,3
8476903,2021-22,2022-01-22,2,1,32,4
8476903,2021-22,2022-01-23,2,1,37,3
8476903,2021-22,2022-01-25,2,0,24,1
8476903,2021-22,2022-01-27,2,1,35,3
8476903,2021-22,2022-01-29,2,1,23,2
8476903,2021-22,2022-02-01,2,1,28,6
8476903,2021-22,2022-02-08,2,1,31,1
8476903,2021-22,2022-02-10,2,1,31,4
8476903,2021-22,2022-02-13,2,1,34,3
8476903,2021-22,2022-02-15,2,1,30,6
8476903,2021-22,2022-02-25,2,1,35,6
8476903,2021-22,2022-03-15,2,0,10,2
8476903,2021-22,2022-03-16,2,0,20,1
8476903,2021-22,2022-03-19,2,1,39,5
8476903,2021-22,2022-03-31,2,0,20,3
8476903,2021-22,2022-04-23,2,1,29,3
8476903,2021-22,2022-04-28,2,0,6,0
8476904,2020-21,2021-01-17,2,1,30,2
8476904,2020-21,2021-01-28,2,1,31,2
8476904,2020-21,2021-01-31,2,1,34,2
8476904,2020-21,2021-02-05,2,1,25,1
8476904,2020-21,2021-02-07,2,1,38,3
8476904,2020-21,2021-02-15,2,1,31,4
8476904,2020-21,2021-02-17,2,1,35,3
8476904,2020-21,2021-02-19,2,1,32,2
8476904,2020-21,2021-02-22,2,1,25,1
8476904,2020-21,2021-02-24,2,1,25,2
8476904,2020-21,2021-03-01,2,1,31,3
8476904,2020-21,2021-03-07,2,1,26,4
8476904,2020-21,2021-03-20,2,1,21,0
8476904,2020-21,2021-03-23,2,1,32,3
8476904,2020-21,2021-03-28,2,1,34,1
8476904,2020-21,2021-04-01,2,1,27,2
8476904,2020-21,2021-04-04,2,1,32,0
8476904,2020-21,2021-04-08,2,1,21,2
8476904,2020-21,2021-04-13,2,1,26,2
8476904,2020-21,2021-04-15,2,1,19,3
8476904,2020-21,2021-04-24,2,1,19,3
8476904,2020-21,2021-04-26,2,1,16,2
8476904,2020-21,2021-05-10,2,1,30,0
8476904,2020-21,2021-05-18,3,1,28,2
8476904,2020-21,2021-05-20,3,1,22,5
8476904,2020-21,2021-05-22,3,0,12,1
8476904,2021-22,2021-10-18,2,0,7,1
8476904,2021-22,2021-11-09,2,1,23,4
8476904,2021-22,2021-11-19,2,1,13,4
8476904,2021-22,2021-11-27,2,1,34,1
8476904,2021-22,2021-11-29,2,1,36,4
8476904,2021-22,2021-12-14,2,1,34,1
8476904,2021-22,2021-12-15,2,0,6,1
8476904,2021-22,2021-12-18,2,1,40,4
8476904,2021-22,2021-12-30,2,1,39,5
8476904,2021-22,2022-01-13,2,1,27,2
8476904,2021-22,2022-01-15,2,1,21,2
8476904,2021-22,2022-02-01,2,1,26,3
8476904,2021-22,2022-02-11,2,1,27,3
8476904,2021-22,2022-02-14,2,0,14,3
8476904,2021-22,2022-02-21,2,1,45,4
8476904,2021-22,2022-03-02,2,1,22,3
8476904,2021-22,2022-03-05,2,1,24,4
8476904,2021-22,2022-03-10,2,1,27,4
8476904,2021-22,2022-03-28,2,1,37,1
8476904,2021-22,2022-03-30,2,1,29,2
8476904,2021-22,2022-04-03,2,1,30,1
8476904,2021-22,2022-04-06,2,1,35,3
8476904,2021-22,2022-04-12,2,1,30,4
8476904,2021-22,2022-04-18,2,1,14,2
8476904,2021-22,2022-04-23,2,1,31,3
8476904,2021-22,2022-04-29,2,1,24,0
8476904,2021-22,2022-05-01,2,1,27,4
8476914,2020-21,2021-01-14,2,1,34,2
8476914,2020-21,2021-01-18,2,1,37,2
8476914,2020-21,2021-01-21,2,1,37,3
8476914,2020-21,2021-01-26,2,1,31,3
8476914,2020-21,2021-01-29,2,1,32,1
8476914,2020-21,2021-02-02,2,1,23,5
8476914,2020-21,2021-02-04,2,1,28,3
8476914,2020-21,2021-02-07,2,1,26,6
8476914,2020-21,2021-02-08,2,1,24,2
8476914,2020-21,2021-02-11,2,1,26,5
8476914,2020-21,2021-02-13,2,1,31,3
8476914,2020-21,2021-02-15,2,1,25,5
8476914,2020-21,2021-02-20,2,0,6,0
8476914,2020-21,2021-02-23,2,1,34,5
8476914,2020-21,2021-02-25,2,1,26,1
8476914,2020-21,2021-02-27,2,1,33,2
8476914,2020-21,2021-02-28,2,1,29,3
8476914,2020-21,2021-03-02,2,1,20,1
8476914,2020-21,2021-03-04,2,1,24,2
8476914,2020-21,2021-03-06,2,1,22,4
8476914,2020-21,2021-03-09,2,1,32,3
8476914,2020-21,2021-03-14,2,1,35,1
8476914,2020-21,2021-03-18,2,1,27,2
8476914,2020-21,2021-03-22,2,1,28,3
8476914,2020-21,2021-03-25,2,1,33,4
8476914,2020-21,2021-04-03,2,0,13,1
8476914,2020-21,2021-04-04,2,1,35,3
8476914,2020-21,2021-04-06,2,1,38,2
8476914,2020-21,2021-04-08,2,1,6,3
8476914,2020-21,2021-04-12,2,1,34,4
8476914,2020-21,2021-04-17,2,1,16,4
8476914,2020-21,2021-04-20,2,1,33,5
8476914,2020-21,2021-04-25,2,1,26,3
8476914,2021-22,2021-10-19,2,1,43,2
8476914,2021-22,2021-10-23,2,1,33,5
8476914,2021-22,2021-10-31,2,1,39,3
8476914,2021-22,2021-11-03,2,1,32,4
8476914,2021-22,2021-11-12,2,1,28,4
8476914,2021-22,2021-11-22,2,1,33,4
8476914,2021-22,2021-11-27,2,1,33,6
8476914,2021-22,2021-11-30,2,0,28,3
8476914,2021-22,2021-12-16,2,0,15,0
8476914,2021-22,2022-01-04,2,1,36,7
8476914,2021-22,2022-01-06,2,1,27,2
8476914,2021-22,2022-01-08,2,1,30,3
8476914,2021-22,2022-01-11,2,1,19,3
8476914,2021-22,2022-01-15,2,0,36,5
8476914,2021-22,2022-01-21,2,1,30,4
8476914,2021-22,2022-01-27,2,1,36,3
8476914,2021-22,2022-01-30,2,1,35,3
8476914,2021-22,2022-01-31,2,0,15,1
8476914,2021-22,2022-03-10,2,1,33,6
8476914,2021-22,2022-03-17,2,1,9,3
8476914,2021-22,2022-03-19,2,0,7,2
8476914,2021-22,2022-03-22,2,1,37,5
8476914,2022-23,2022-11-05,2,1,45,5
8476914,2022-23,2022-11-10,2,1,34,2
8476914,2022-23,2022-11-12,2,1,46,4
8476914,2022-23,2022-11-15,2,0,20,2
8476914,2022-23,2022-11-17,2,1,42,4
8476914,2022-23,2022-11-19,2,1,37,6
8476914,2022-23,2022-11-23,2,1,28,2
8476914,2022-23,2022-11-25,2,1,24,3
8476914,2022-23,2022-12-02,2,1,38,1
8476914,2022-23,2022-12-04,2,1,35,4
8476914,2022-23,2022-12-07,2,1,9,3
8476914,2022-23,2022-12-09,2,1,12,0
8476914,2022-23,2022-12-23,2,0,18,1
8476914,2022-23,2022-12-29,2,1,36,2
8476914,2022-23,2022-12-31,2,1,28,1
8476914,2022-23,2023-01-03,2,1,33,3
8476914,2022-23,2023-01-07,2,1,42,3
8476914,2022-23,2023-01-12,2,1,41,6
8476914,2022-23,2023-01-21,2,1,25,3
8476914,2022-23,2023-01-23,2,1,49,4
8476914,2022-23,2023-01-25,2,1,36,2
8476914,2022-23,2023-01-27,2,1,34,5
8476914,2022-23,2023-01-31,2,1,34,4
8476914,2022-23,2023-02-10,2,1,41,3
8476914,2022-23,2023-02-16,2,1,38,1
8476914,2022-23,2023-02-18,2,1,29,1
8476914,2022-23,2023-02-23,2,1,25,2
8476914,2022-23,2023-02-25,2,1,47,5
8476914,2022-23,2023-03-04,2,1,26,2
8476914,2022-23,2023-03-09,2,1,30,2
8476914,2022-23,2023-03-14,2,1,28,2
8476914,2022-23,2023-03-18,2,1,17,2
8476914,2022-23,2023-03-25,2,1,26,1
8476914,2022-23,2023-03-28,2,1,32,2
8476914,2022-23,2023-03-30,2,1,37,2
8476914,2022-23,2023-04-02,2,1,25,1
8476914,2022-23,2023-04-06,2,1,15,5
8476914,2022-23,2023-04-10,2,1,20,0
8476914,2022-23,2023-04-13,2,1,24,3
8476914,2022-23,2023-04-17,3,1,40,3
8476914,2022-23,2023-04-19,3,1,36,3
8476914,2022-23,2023-04-21,3,1,40,2
8476914,2022-23,2023-04-23,3,1,42,5
8476914,2022-23,2023-04-25,3,1,19,4
8476914,2022-23,2023-04-29,3,1,26,5
8476914,2023-24,2023-10-11,2,1,42,5
8476914,2023-24,2023-10-15,2,1,24,2
8476914,2023-24,2023-10-21,2,1,23,5
8476914,2023-24,2023-10-24,2,0,5,0
8476914,2023-24,2023-10-26,2,1,38,3
8476914,2023-24,2023-10-28,2,1,43,2
8476914,2023-24,2023-11-02,2,1,38,3
8476914,2023-24,2023-11-04,2,1,21,3
8476914,2023-24,2023-11-08,2,1,30,3
8476914,2023-24,2023-11-11,2,1,25,1
8476914,2023-24,2023-11-16,2,1,41,4
8476914,2023-24,2023-11-27,2,1,37,5
8476914,2023-24,2023-12-01,2,1,23,4
8476914,2023-24,2023-12-09,2,1,31,1
8476914,2023-24,2023-12-12,2,1,28,4
8476914,2023-24,2023-12-14,2,1,30,4
8476914,2023-24,2023-12-17,2,1,31,6
8476914,2023-24,2023-12-19,2,1,38,4
8476914,2023-24,2023-12-21,2,1,38,5
8476914,2023-24,2023-12-27,2,1,36,2
8476914,2023-24,2023-12-29,2,1,30,6
8476914,2023-24,2024-01-02,2,0,13,2
8476914,2023-24,2024-01-04,2,1,27,3
8476914,2023-24,2024-01-09,2,1,35,5
8476914,2023-24,2024-01-11,2,0,24,3
8476914,2023-24,2024-01-13,2,1,18,4
8476914,2023-24,2024-01-18,2,1,23,2
8476914,2023-24,2024-01-20,2,1,29,2
8476914,2023-24,2024-01-23,2,1,25,1
8476914,2023-24,2024-01-25,2,1,23,3
8476914,2023-24,2024-01-27,2,1,17,4
8476914,2023-24,2024-01-29,2,0,17,0
8476914,2023-24,2024-01-31,2,1,25,2
8476914,2023-24,2024-02-10,2,1,35,3
8476914,2023-24,2024-02-15,2,1,20,5
8476914,2023-24,2024-02-17,2,1,22,3
8476914,2023-24,2024-02-20,2,1,34,3
8476914,2023-24,2024-02-26,2,0,10,2
8476914,2023-24,2024-02-27,2,1,36,4
8476914,2023-24,2024-03-07,2,1,35,4
8476914,2023-24,2024-03-09,2,1,21,2
8476914,2023-24,2024-03-12,2,1,35,1
8476914,2023-24,2024-03-16,2,1,33,3
8476914,2023-24,2024-03-19,2,1,26,6
8476914,2023-24,2024-03-23,2,1,20,2
8476914,2023-24,2024-03-24,2,1,36,3
8476914,2023-24,2024-03-27,2,1,36,2
8476914,2023-24,2024-03-30,2,1,30,2
8476914,2023-24,2024-04-02,2,1,19,3
8476914,2023-24,2024-04-04,2,1,17,4
8476914,2023-24,2024-04-06,2,0,18,1
8476914,2023-24,2024-04-07,2,1,22,2
8476914,2023-24,2024-04-09,2,1,30,2
8476914,2023-24,2024-04-13,2,1,25,4
8476914,2023-24,2024-04-15,2,1,34,4
8476914,2024-25,2024-10-08,2,1,35,6
8476914,2024-25,2024-10-16,2,1,25,3
8476914,2024-25,2024-10-29,2,1,18,1
8476914,2024-25,2024-10-31,2,0,15,2
8476914,2024-25,2024-11-02,2,1,20,0
8476914,2024-25,2024-11-07,2,1,37,3
8476914,2024-25,2024-11-16,2,1,31,3
8476914,2024-25,2024-11-21,2,1,22,0
8476914,2024-25,2024-11-27,2,1,24,3
8476914,2024-25,2024-12-03,2,1,25,2
8476914,2024-25,2024-12-12,2,1,20,4
8476914,2024-25,2024-12-21,2,1,20,1
8476914,2024-25,2024-12-27,2,1,33,6
8476914,2024-25,2025-01-05,2,1,37,5
8476914,2024-25,2025-01-20,2,1,28,3
8476914,2024-25,2025-01-22,2,0,6,1
8476914,2024-25,2025-01-23,2,1,29,0
8476914,2024-25,2025-01-30,2,1,27,5
8476914,2024-25,2025-02-05,2,1,22,3
8476914,2024-25,2025-03-01,2,1,33,2
8476914,2024-25,2025-03-06,2,1,23,3
8476914,2024-25,2025-03-13,2,0,16,1
8476914,2024-25,2025-03-17,2,1,30,3
8476914,2024-25,2025-03-22,2,1,20,2
8476914,2024-25,2025-03-26,2,1,37,6
8476914,2024-25,2025-04-06,2,1,36,5
8476914,2024-25,2025-04-13,2,1,24,1
8476914,2025-26,2025-10-09,2,1,24,3
8476914,2025-26,2025-10-13,2,1,23,4
8476914,2025-26,2025-10-19,2,1,27,3
8476914,2025-26,2025-10-23,2,1,29,6
8476914,2025-26,2025-10-28,2,1,35,2
8476914,2025-26,2025-10-30,2,1,40,3
8476914,2025-26,2025-11-06,2,1,22,2
8476914,2025-26,2025-11-13,2,1,21,4
8476914,2025-26,2025-11-19,2,1,33,4
8476914,2025-26,2025-11-28,2,1,36,5
8476914,2025-26,2025-12-02,2,0,9,0
8476914,2025-26,2025-12-04,2,1,39,2
8476914,2025-26,2025-12-11,2,1,29,3
8476914,2025-26,2025-12-21,2,1,17,5
8476914,2025-26,2025-12-27,2,1,33,3
8476914,2025-26,2026-01-08,2,1,29,1
8476914,2025-26,2026-01-11,2,1,27,0
8476914,2025-26,2026-01-17,2,1,24,2
8476914,2025-26,2026-01-20,2,0,3,0
8476914,2025-26,2026-01-22,2,1,33,3
8476914,2025-26,2026-01-26,2,1,28,4
8476914,2025-26,2026-02-04,2,1,26,4
8476914,2025-26,2026-02-26,2,1,38,2
8476914,2025-26,2026-03-05,2,1,28,5
8476914,2025-26,2026-03-08,2,1,40,5
8476914,2025-26,2026-03-16,2,1,34,4
8476914,2025-26,2026-03-25,2,1,25,3
8476914,2025-26,2026-03-31,2,1,16,3
8476914,2025-26,2026-04-05,2,1,31,2
8476914,2025-26,2026-04-07,2,0,17,1
8476914,2025-26,2026-04-12,2,1,35,2
8476914,2025-26,2026-04-26,3,0,6,0
8476932,2020-21,2021-03-20,2,0,14,2
8476932,2020-21,2021-03-28,2,1,40,2
8476932,2020-21,2021-04-02,2,1,31,4
8476932,2020-21,2021-04-12,2,1,46,0
8476932,2020-21,2021-04-14,2,1,28,1
8476932,2020-21,2021-04-20,2,1,22,4
8476932,2020-21,2021-04-26,2,1,23,2
8476932,2020-21,2021-05-05,2,1,26,2
8476932,2021-22,2021-10-15,2,1,43,2
8476932,2021-22,2021-10-19,2,1,36,5
8476932,2021-22,2021-10-28,2,1,29,4
8476932,2021-22,2021-11-05,2,1,29,1
8476932,2021-22,2021-11-26,2,1,34,0
8476932,2021-22,2021-12-01,2,1,39,5
8476932,2021-22,2021-12-07,2,1,25,0
8476932,2021-22,2021-12-11,2,0,13,0
8476932,2021-22,2021-12-12,2,1,25,2
8476932,2021-22,2021-12-15,2,1,20,1
8476932,2021-22,2022-01-08,2,1,39,3
8476932,2021-22,2022-01-11,2,1,33,3
8476932,2021-22,2022-01-14,2,1,29,6
8476932,2021-22,2022-01-27,2,1,40,4
8476932,2021-22,2022-02-16,2,0,22,1
8476932,2021-22,2022-02-22,2,1,43,3
8476932,2021-22,2022-02-25,2,0,12,0
8476932,2021-22,2022-02-27,2,1,22,4
8476932,2021-22,2022-03-06,2,1,22,2
8476932,2021-22,2022-03-08,2,0,19,3
8476932,2021-22,2022-03-12,2,1,40,1
8476932,2021-22,2022-04-01,2,1,22,0
8476932,2021-22,2022-04-06,2,1,27,3
8476932,2021-22,2022-04-09,2,1,33,3
8476932,2021-22,2022-04-14,2,1,31,4
8476932,2021-22,2022-04-23,2,1,39,3
8476932,2021-22,2022-04-26,2,1,33,2
8476932,2021-22,2022-04-29,2,0,10,2
8476932,2022-23,2022-10-15,2,0,11,2
8476932,2022-23,2022-10-17,2,0,9,1
8476932,2022-23,2022-10-18,2,1,41,4
8476932,2022-23,2022-10-28,2,0,4,0
8476932,2022-23,2022-11-01,2,1,44,5
8476932,2022-23,2022-11-05,2,1,52,4
8476932,2022-23,2022-11-12,2,1,22,3
8476932,2022-23,2022-11-19,2,0,5,1
8476932,2022-23,2022-11-25,2,1,33,5
8476932,2022-23,2022-11-27,2,0,6,0
8476932,2022-23,2022-12-01,2,1,41,5
8476932,2022-23,2022-12-04,2,1,40,5
8476932,2022-23,2022-12-09,2,0,8,1
8476932,2022-23,2023-01-06,2,1,41,4
8476932,2022-23,2023-01-11,2,0,16,0
8476932,2022-23,2023-01-17,2,1,38,4
8476932,2022-23,2023-01-19,2,1,15,3
8476932,2022-23,2023-01-24,2,1,39,2
8476932,2022-23,2023-02-07,2,1,29,2
8476932,2023-24,2023-10-24,2,1,28,1
8476932,2023-24,2023-11-04,2,1,24,4
8476932,2023-24,2023-11-14,2,1,22,3
8476932,2023-24,2023-11-17,2,1,35,1
8476932,2023-24,2023-11-28,2,1,32,1
8476932,2023-24,2023-12-02,2,1,27,4
8476932,2023-24,2023-12-10,2,1,19,2
8476932,2023-24,2023-12-14,2,0,1,0
8476932,2023-24,2023-12-18,2,1,24,2
8476932,2023-24,2023-12-30,2,1,19,1
8476932,2023-24,2024-01-09,2,1,30,1
8476932,2023-24,2024-01-15,2,1,26,5
8476932,2023-24,2024-01-19,2,0,10,1
8476932,2023-24,2024-01-22,2,1,27,1
8476932,2023-24,2024-01-27,2,1,23,2
8476932,2023-24,2024-02-06,2,1,25,2
8476932,2023-24,2024-02-15,2,1,45,0
8476932,2023-24,2024-02-24,2,1,24,2
8476932,2023-24,2024-02-29,2,1,31,3
8476932,2023-24,2024-03-05,2,1,24,3
8476932,2023-24,2024-03-09,2,1,35,1
8476932,2023-24,2024-03-24,2,1,33,1
8476932,2023-24,2024-03-28,2,1,24,3
8476932,2023-24,2024-04-01,2,0,6,0
8476932,2023-24,2024-04-02,2,1,38,5
8476932,2023-24,2024-04-09,2,1,26,0
8476932,2023-24,2024-04-16,2,1,26,2
8476932,2023-24,2024-06-15,3,0,19,3
8476932,2024-25,2024-10-09,2,1,27,1
8476932,2024-25,2024-10-12,2,1,23,2
8476932,2024-25,2024-10-16,2,1,34,2
8476932,2024-25,2024-10-19,2,1,27,2
8476932,2024-25,2024-10-21,2,1,34,2
8476932,2024-25,2024-10-26,2,1,34,4
8476932,2024-25,2024-10-28,2,1,23,4
8476932,2024-25,2024-11-03,2,1,33,2
8476932,2024-25,2024-11-05,2,1,29,0
8476932,2024-25,2024-11-08,2,1,22,1
8476932,2024-25,2024-11-12,2,1,41,3
8476932,2024-25,2024-11-16,2,1,30,3
8476932,2024-25,2024-11-27,2,1,23,4
8476932,2024-25,2024-12-02,2,1,28,1
8476932,2024-25,2024-12-06,2,1,25,2
8476932,2024-25,2024-12-10,2,1,39,1
8476932,2024-25,2024-12-12,2,1,8,1
8476932,2024-25,2025-02-06,2,1,27,1
8476932,2024-25,2025-02-22,2,1,35,3
8476932,2024-25,2025-02-25,2,1,36,4
8476932,2024-25,2025-02-28,2,1,35,2
8476932,2024-25,2025-03-03,2,1,22,2
8476932,2024-25,2025-03-05,2,0,18,2
8476932,2024-25,2025-03-08,2,1,32,5
8476932,2024-25,2025-03-13,2,1,25,3
8476932,2024-25,2025-03-15,2,1,24,3
8476932,2024-25,2025-03-20,2,1,30,3
8476932,2024-25,2025-03-25,2,1,19,2
8476932,2024-25,2025-03-29,2,1,36,1
8476932,2024-25,2025-04-02,2,1,31,2
8476932,2024-25,2025-04-05,2,1,27,0
8476932,2024-25,2025-04-09,2,1,28,3
8476932,2024-25,2025-04-12,2,1,15,0
8476932,2024-25,2025-04-15,2,1,35,0
8476932,2024-25,2025-04-20,3,1,33,2
8476932,2024-25,2025-04-22,3,1,28,2
8476932,2024-25,2025-04-24,3,1,20,2
8476932,2024-25,2025-04-26,3,1,21,4
8476932,2024-25,2025-04-29,3,1,17,2
8476932,2024-25,2025-05-01,3,1,23,2
8476932,2024-25,2025-05-05,3,1,9,1
8476932,2025-26,2025-10-08,2,1,31,2
8476932,2025-26,2025-10-11,2,1,33,4
8476932,2025-26,2025-10-13,2,1,15,3
8476932,2025-26,2025-10-16,2,1,29,1
8476932,2025-26,2025-10-18,2,1,28,4
8476932,2025-26,2025-10-21,2,1,34,4
8476932,2025-26,2025-10-24,2,1,30,5
8476932,2025-26,2025-10-28,2,1,29,3
8476932,2025-26,2025-11-01,2,1,33,2
8476932,2025-26,2025-11-03,2,1,37,3
8476932,2025-26,2025-11-05,2,1,24,3
8476932,2025-26,2025-11-08,2,1,19,4
8476932,2025-26,2025-11-11,2,1,11,3
8476932,2025-26,2026-01-23,2,1,30,5
8476932,2025-26,2026-01-29,2,1,21,4
8476932,2025-26,2026-02-03,2,1,36,2
8476932,2025-26,2026-02-25,2,1,36,4
8476932,2025-26,2026-02-28,2,0,12,0
8476932,2025-26,2026-03-02,2,1,25,2
8476932,2025-26,2026-03-04,2,1,47,3
8476932,2025-26,2026-03-07,2,1,32,4
8476932,2025-26,2026-03-15,2,1,38,2
8476932,2025-26,2026-03-24,2,1,20,2
8476932,2025-26,2026-03-30,2,1,32,4
8476932,2025-26,2026-04-02,2,1,24,3
8476932,2025-26,2026-04-08,2,1,2,0
8476945,2020-21,2021-01-14,2,1,26,3
8476945,2020-21,2021-01-18,2,1,37,2
8476945,2020-21,2021-01-21,2,1,29,1
8476945,2020-21,2021-01-23,2,1,21,3
8476945,2020-21,2021-01-26,2,1,26,4
8476945,2020-21,2021-01-30,2,1,38,3
8476945,2020-21,2021-02-01,2,1,28,3
8476945,2020-21,2021-02-04,2,1,24,1
8476945,2020-21,2021-02-09,2,1,29,3
8476945,2020-21,2021-02-11,2,1,42,1
8476945,2020-21,2021-02-13,2,1,29,2
8476945,2020-21,2021-02-15,2,1,45,5
8476945,2020-21,2021-02-17,2,1,30,3
8476945,2020-21,2021-02-21,2,1,34,3
8476945,2020-21,2021-02-25,2,1,21,3
8476945,2020-21,2021-02-27,2,1,41,1
8476945,2020-21,2021-03-01,2,1,18,3
8476945,2020-21,2021-03-04,2,1,36,3
8476945,2020-21,2021-03-06,2,1,19,4
8476945,2020-21,2021-03-09,2,1,39,3
8476945,2020-21,2021-03-11,2,1,38,4
8476945,2020-21,2021-03-15,2,1,30,3
8476945,2020-21,2021-03-17,2,1,36,3
8476945,2020-21,2021-03-20,2,1,36,3
8476945,2020-21,2021-03-22,2,1,22,0
8476945,2020-21,2021-03-24,2,1,39,1
8476945,2020-21,2021-03-26,2,1,27,2
8476945,2020-21,2021-03-29,2,1,30,1
8476945,2020-21,2021-03-31,2,1,26,3
8476945,2020-21,2021-04-02,2,1,38,1
8476945,2020-21,2021-04-05,2,1,23,3
8476945,2020-21,2021-04-08,2,1,38,2
8476945,2020-21,2021-04-10,2,1,19,0
8476945,2020-21,2021-04-12,2,1,24,4
8476945,2020-21,2021-04-15,2,1,33,2
8476945,2020-21,2021-04-17,2,1,25,3
8476945,2020-21,2021-04-22,2,1,6,3
8476945,2020-21,2021-04-24,2,1,36,3
8476945,2020-21,2021-04-26,2,1,23,6
8476945,2020-21,2021-04-28,2,1,26,2
8476945,2020-21,2021-04-30,2,1,34,4
8476945,2020-21,2021-05-05,2,1,32,0
8476945,2020-21,2021-05-08,2,1,22,3
8476945,2020-21,2021-05-11,2,1,24,0
8476945,2020-21,2021-05-14,2,1,36,2
8476945,2020-21,2021-05-19,3,1,33,1
8476945,2020-21,2021-05-21,3,1,38,0
8476945,2020-21,2021-05-23,3,1,48,4
8476945,2020-21,2021-05-24,3,1,40,3
8476945,2020-21,2021-06-02,3,1,32,4
8476945,2020-21,2021-06-04,3,1,24,1
8476945,2020-21,2021-06-06,3,1,32,4
8476945,2020-21,2021-06-07,3,1,42,3
8476945,2021-22,2021-10-13,2,1,22,4
8476945,2021-22,2021-10-16,2,1,31,4
8476945,2021-22,2021-10-19,2,1,44,6
8476945,2021-22,2021-10-21,2,1,39,1
8476945,2021-22,2021-10-23,2,1,30,4
8476945,2021-22,2021-10-26,2,1,35,3
8476945,2021-22,2021-10-30,2,1,36,2
8476945,2021-22,2021-11-09,2,1,33,2
8476945,2021-22,2021-11-11,2,1,27,1
8476945,2021-22,2021-11-13,2,1,29,2
8476945,2021-22,2021-11-16,2,1,34,2
8476945,2021-22,2021-11-18,2,1,32,1
8476945,2021-22,2021-11-22,2,1,35,2
8476945,2021-22,2021-11-24,2,1,31,2
8476945,2021-22,2021-11-26,2,1,14,4
8476945,2021-22,2021-11-27,2,1,36,2
8476945,2021-22,2021-11-29,2,1,15,1
8476945,2021-22,2021-12-03,2,1,37,4
8476945,2021-22,2021-12-05,2,1,35,3
8476945,2021-22,2021-12-07,2,1,34,4
8476945,2021-22,2021-12-09,2,1,25,0
8476945,2021-22,2021-12-14,2,1,27,4
8476945,2021-22,2021-12-17,2,1,37,3
8476945,2021-22,2021-12-19,2,1,28,2
8476945,2021-22,2022-01-02,2,1,46,4
8476945,2021-22,2022-01-04,2,1,27,1
8476945,2021-22,2022-01-06,2,1,42,7
8476945,2021-22,2022-01-13,2,1,33,0
8476945,2021-22,2022-01-18,2,1,31,4
8476945,2021-22,2022-01-20,2,1,22,4
8476945,2021-22,2022-01-22,2,1,32,3
8476945,2021-22,2022-01-23,2,1,38,2
8476945,2021-22,2022-01-25,2,1,32,5
8476945,2021-22,2022-01-27,2,1,33,5
8476945,2021-22,2022-02-01,2,1,35,2
8476945,2021-22,2022-02-08,2,1,27,0
8476945,2021-22,2022-02-11,2,1,35,4
8476945,2021-22,2022-02-12,2,1,36,2
8476945,2021-22,2022-02-14,2,1,23,2
8476945,2021-22,2022-02-16,2,1,36,3
8476945,2021-22,2022-02-19,2,1,39,3
8476945,2021-22,2022-02-21,2,1,30,2
8476945,2021-22,2022-02-23,2,1,39,3
8476945,2021-22,2022-02-25,2,1,42,6
8476945,2021-22,2022-03-01,2,1,35,4
8476945,2021-22,2022-03-04,2,1,34,4
8476945,2021-22,2022-03-06,2,1,22,4
8476945,2021-22,2022-03-08,2,1,24,4
8476945,2021-22,2022-03-11,2,1,37,4
8476945,2021-22,2022-03-13,2,1,31,3
8476945,2021-22,2022-03-15,2,1,38,3
8476945,2021-22,2022-03-18,2,1,44,3
8476945,2021-22,2022-03-20,2,1,36,4
8476945,2021-22,2022-03-22,2,1,42,0
8476945,2021-22,2022-03-24,2,1,32,4
8476945,2021-22,2022-03-27,2,1,29,1
8476945,2021-22,2022-03-30,2,1,37,2
8476945,2021-22,2022-04-02,2,1,38,3
8476945,2021-22,2022-04-06,2,1,34,2
8476945,2021-22,2022-04-08,2,1,37,5
8476945,2021-22,2022-04-10,2,1,34,3
8476945,2021-22,2022-04-11,2,1,25,2
8476945,2021-22,2022-04-15,2,1,26,4
8476945,2021-22,2022-04-16,2,1,32,7
8476945,2021-22,2022-04-24,2,1,31,1
8476945,2021-22,2022-04-29,2,1,33,1
8476945,2022-23,2022-10-14,2,1,41,1
8476945,2022-23,2022-10-17,2,1,29,4
8476945,2022-23,2022-10-19,2,1,33,3
8476945,2022-23,2022-10-22,2,1,27,3
8476945,2022-23,2022-10-24,2,1,25,0
8476945,2022-23,2022-10-27,2,1,44,4
8476945,2022-23,2022-10-30,2,1,48,2
8476945,2022-23,2022-11-03,2,1,22,2
8476945,2022-23,2022-11-05,2,1,30,0
8476945,2022-23,2022-11-08,2,1,22,1
8476945,2022-23,2022-11-12,2,1,35,3
8476945,2022-23,2022-11-17,2,1,31,2
8476945,2022-23,2022-11-19,2,1,31,2
8476945,2022-23,2022-11-23,2,1,39,6
8476945,2022-23,2022-11-25,2,1,41,4
8476945,2022-23,2022-11-27,2,1,25,2
8476945,2022-23,2022-11-29,2,1,40,0
8476945,2022-23,2022-12-04,2,1,30,2
8476945,2022-23,2022-12-06,2,1,41,2
8476945,2022-23,2022-12-08,2,1,31,2
8476945,2022-23,2022-12-11,2,1,35,4
8476945,2022-23,2022-12-13,2,1,32,5
8476945,2022-23,2022-12-15,2,1,26,1
8476945,2022-23,2022-12-17,2,1,23,1
8476945,2022-23,2022-12-22,2,1,39,3
8476945,2022-23,2022-12-27,2,1,27,3
8476945,2022-23,2022-12-29,2,1,22,2
8476945,2022-23,2022-12-31,2,1,32,1
8476945,2022-23,2023-01-03,2,1,35,2
8476945,2022-23,2023-01-06,2,1,28,2
8476945,2022-23,2023-01-10,2,1,22,6
8476945,2022-23,2023-01-12,2,1,41,2
8476945,2022-23,2023-01-15,2,1,21,1
8476945,2022-23,2023-01-17,2,1,28,4
8476945,2022-23,2023-01-19,2,1,26,3
8476945,2022-23,2023-01-21,2,1,26,1
8476945,2022-23,2023-01-24,2,1,41,2
8476945,2022-23,2023-01-26,2,1,36,3
8476945,2022-23,2023-01-28,2,1,30,4
8476945,2022-23,2023-01-30,2,1,26,2
8476945,2022-23,2023-02-11,2,1,32,1
8476945,2022-23,2023-02-19,2,1,28,3
8476945,2022-23,2023-02-20,2,1,51,1
8476945,2022-23,2023-02-22,2,1,22,2
8476945,2022-23,2023-02-24,2,1,26,5
8476945,2022-23,2023-02-28,2,1,37,5
8476945,2022-23,2023-03-03,2,1,24,4
8476945,2022-23,2023-03-04,2,1,35,5
8476945,2022-23,2023-03-08,2,1,22,3
8476945,2022-23,2023-03-11,2,1,48,4
8476945,2022-23,2023-03-12,2,1,35,2
8476945,2022-23,2023-03-16,2,1,23,2
8476945,2022-23,2023-03-18,2,1,20,2
8476945,2022-23,2023-03-19,2,1,17,3
8476945,2022-23,2023-03-21,2,1,30,1
8476945,2022-23,2023-03-23,2,1,20,2
8476945,2022-23,2023-03-25,2,1,28,3
8476945,2022-23,2023-03-28,2,1,30,3
8476945,2022-23,2023-03-31,2,1,25,2
8476945,2022-23,2023-04-02,2,1,32,1
8476945,2022-23,2023-04-05,2,1,35,3
8476945,2022-23,2023-04-08,2,1,28,0
8476945,2022-23,2023-04-10,2,1,21,2
8476945,2022-23,2023-04-11,2,1,34,1
8476945,2022-23,2023-04-18,3,1,17,1
8476945,2022-23,2023-04-20,3,1,39,5
8476945,2022-23,2023-04-22,3,1,48,5
8476945,2022-23,2023-04-24,3,1,29,3
8476945,2022-23,2023-04-27,3,1,25,4
8476945,2023-24,2023-10-11,2,1,21,4
8476945,2023-24,2023-10-14,2,1,33,4
8476945,2023-24,2023-10-17,2,1,29,5
8476945,2023-24,2023-10-21,2,1,40,2
8476945,2023-24,2023-10-24,2,1,20,2
8476945,2023-24,2023-10-26,2,1,36,1
8476945,2023-24,2023-10-30,2,1,26,3
8476945,2023-24,2023-11-02,2,1,25,4
8476945,2023-24,2023-11-04,2,1,25,3
8476945,2023-24,2023-11-07,2,1,22,2
8476945,2023-24,2023-11-11,2,1,29,3
8476945,2023-24,2023-11-14,2,1,34,3
8476945,2023-24,2023-11-17,2,1,28,2
8476945,2023-24,2023-11-22,2,1,33,2
8476945,2023-24,2023-11-24,2,1,33,0
8476945,2023-24,2023-11-28,2,1,21,2
8476945,2023-24,2023-11-30,2,1,38,2
8476945,2023-24,2023-12-02,2,1,21,1
8476945,2023-24,2023-12-07,2,1,34,2
8476945,2023-24,2023-12-10,2,1,26,2
8476945,2023-24,2023-12-13,2,1,34,2
8476945,2023-24,2023-12-16,2,1,32,2
8476945,2023-24,2023-12-18,2,1,26,3
8476945,2023-24,2023-12-22,2,1,25,1
8476945,2023-24,2023-12-27,2,1,25,2
8476945,2023-24,2023-12-30,2,1,36,2
8476945,2023-24,2024-01-02,2,1,34,2
8476945,2023-24,2024-01-04,2,1,28,1
8476945,2023-24,2024-01-07,2,1,17,2
8476945,2023-24,2024-01-09,2,1,29,0
8476945,2023-24,2024-01-13,2,1,36,2
8476945,2023-24,2024-01-16,2,1,37,2
8476945,2023-24,2024-01-20,2,1,35,1
8476945,2023-24,2024-01-22,2,1,20,3
8476945,2023-24,2024-01-27,2,1,29,3
8476945,2023-24,2024-02-06,2,1,27,3
8476945,2023-24,2024-02-10,2,1,36,1
8476945,2023-24,2024-02-14,2,1,17,0
8476945,2023-24,2024-02-17,2,1,37,2
8476945,2023-24,2024-02-19,2,1,33,5
8476945,2023-24,2024-02-23,2,1,35,2
8476945,2023-24,2024-02-25,2,1,32,3
8476945,2023-24,2024-02-29,2,1,35,3
8476945,2023-24,2024-03-02,2,1,35,3
8476945,2023-24,2024-03-05,2,1,24,4
8476945,2023-24,2024-03-09,2,1,37,5
8476945,2023-24,2024-03-11,2,1,23,0
8476945,2023-24,2024-03-13,2,1,38,4
8476945,2023-24,2024-03-17,2,1,31,1
8476945,2023-24,2024-03-19,2,1,41,2
8476945,2023-24,2024-03-23,2,1,26,5
8476945,2023-24,2024-03-24,2,1,19,3
8476945,2023-24,2024-03-26,2,1,42,4
8476945,2023-24,2024-03-28,2,1,25,2
8476945,2023-24,2024-03-30,2,1,27,3
8476945,2023-24,2024-04-04,2,1,33,2
8476945,2023-24,2024-04-06,2,1,27,2
8476945,2023-24,2024-04-09,2,1,48,3
8476945,2023-24,2024-04-13,2,1,30,0
8476945,2023-24,2024-04-16,2,1,23,3
8476945,2023-24,2024-04-21,3,1,46,6
8476945,2023-24,2024-04-23,3,1,31,4
8476945,2023-24,2024-04-26,3,1,39,5
8476945,2023-24,2024-04-28,3,1,30,4
8476945,2023-24,2024-04-30,3,1,31,5
8476945,2024-25,2024-10-09,2,1,30,0
8476945,2024-25,2024-10-11,2,1,26,1
8476945,2024-25,2024-10-13,2,1,27,1
8476945,2024-25,2024-10-18,2,1,22,3
8476945,2024-25,2024-10-22,2,1,29,2
8476945,2024-25,2024-10-24,2,1,32,3
8476945,2024-25,2024-10-28,2,1,35,5
8476945,2024-25,2024-10-30,2,1,21,2
8476945,2024-25,2024-11-03,2,1,30,4
8476945,2024-25,2024-11-05,2,1,21,0
8476945,2024-25,2024-11-07,2,1,35,0
8476945,2024-25,2024-11-09,2,1,33,1
8476945,2024-25,2024-11-12,2,1,36,3
8476945,2024-25,2024-11-16,2,1,31,5
8476945,2024-25,2024-11-19,2,1,23,3
8476945,2024-25,2024-11-22,2,1,18,1
8476945,2024-25,2024-11-25,2,1,44,1
8476945,2024-25,2024-11-27,2,1,32,3
8476945,2024-25,2024-12-01,2,1,30,2
8476945,2024-25,2024-12-03,2,1,31,3
8476945,2024-25,2024-12-05,2,1,30,2
8476945,2024-25,2024-12-07,2,1,14,2
8476945,2024-25,2024-12-10,2,1,24,1
8476945,2024-25,2024-12-12,2,1,36,3
8476945,2024-25,2024-12-14,2,1,28,2
8476945,2024-25,2024-12-17,2,1,35,3
8476945,2024-25,2024-12-21,2,1,19,0
8476945,2024-25,2024-12-23,2,1,25,2
8476945,2024-25,2024-12-28,2,1,35,2
8476945,2024-25,2024-12-30,2,1,22,0
8476945,2024-25,2025-01-02,2,1,24,4
8476945,2024-25,2025-01-04,2,1,28,3
8476945,2024-25,2025-01-07,2,1,28,2
8476945,2024-25,2025-01-11,2,1,22,0
8476945,2024-25,2025-01-14,2,1,24,1
8476945,2024-25,2025-01-16,2,1,18,1
8476945,2024-25,2025-01-20,2,1,27,4
8476945,2024-25,2025-01-22,2,1,27,2
8476945,2024-25,2025-01-24,2,1,19,2
8476945,2024-25,2025-01-28,2,1,25,1
8476945,2024-25,2025-01-30,2,1,28,2
8476945,2024-25,2025-02-01,2,1,29,4
8476945,2024-25,2025-02-07,2,1,35,3
8476945,2024-25,2025-02-24,2,1,18,1
8476945,2024-25,2025-02-26,2,1,24,1
8476945,2024-25,2025-03-01,2,1,32,1
8476945,2024-25,2025-03-04,2,1,29,3
8476945,2024-25,2025-03-07,2,1,23,1
8476945,2024-25,2025-03-09,2,1,26,3
8476945,2024-25,2025-03-11,2,1,22,1
8476945,2024-25,2025-03-14,2,1,25,1
8476945,2024-25,2025-03-16,2,0,6,1
8476945,2024-25,2025-03-18,2,1,21,5
8476945,2024-25,2025-03-20,2,1,24,3
8476945,2024-25,2025-03-25,2,1,29,2
8476945,2024-25,2025-03-28,2,1,24,0
8476945,2024-25,2025-03-30,2,1,24,1
8476945,2024-25,2025-04-01,2,1,19,3
8476945,2024-25,2025-04-05,2,1,27,3
8476945,2024-25,2025-04-07,2,1,15,1
8476945,2024-25,2025-04-10,2,1,25,0
8476945,2024-25,2025-04-12,2,1,32,4
8476945,2024-25,2025-04-16,2,1,31,1
8476945,2024-25,2025-04-19,3,1,17,3
8476945,2024-25,2025-04-21,3,1,22,1
8476945,2024-25,2025-04-24,3,1,25,6
8476945,2024-25,2025-04-27,3,1,18,5
8476945,2024-25,2025-04-30,3,1,19,3
8476945,2024-25,2025-05-02,3,1,23,5
8476945,2024-25,2025-05-04,3,1,29,3
8476945,2024-25,2025-05-07,3,1,24,3
8476945,2024-25,2025-05-09,3,1,21,0
8476945,2024-25,2025-05-11,3,1,26,5
8476945,2024-25,2025-05-13,3,1,24,3
8476945,2024-25,2025-05-15,3,1,22,0
8476945,2024-25,2025-05-17,3,1,20,2
8476945,2025-26,2025-10-09,2,1,37,5
8476945,2025-26,2025-10-11,2,1,32,2
8476945,2025-26,2025-10-16,2,1,17,2
8476945,2025-26,2025-10-18,2,1,31,1
8476945,2025-26,2025-10-20,2,1,33,1
8476945,2025-26,2025-10-23,2,1,26,1
8476945,2025-26,2025-10-26,2,1,32,3
8476945,2025-26,2025-10-28,2,1,35,3
8476945,2025-26,2025-10-30,2,1,24,3
8476945,2025-26,2025-11-04,2,1,25,2
8476945,2025-26,2025-11-07,2,1,28,2
8476945,2025-26,2025-11-11,2,1,33,3
8476945,2025-26,2025-11-13,2,1,17,4
8476945,2025-26,2025-11-15,2,1,34,3
8476945,2025-26,2025-12-13,2,1,25,1
8476945,2025-26,2025-12-15,2,1,31,3
8476945,2025-26,2025-12-17,2,1,26,1
8476945,2025-26,2025-12-19,2,1,26,3
8476945,2025-26,2025-12-21,2,1,22,4
8476945,2025-26,2025-12-27,2,1,19,4
8476945,2025-26,2025-12-29,2,1,20,2
8476945,2025-26,2025-12-31,2,1,19,2
8476945,2025-26,2026-01-03,2,1,27,4
8476945,2025-26,2026-01-06,2,1,31,4
8476945,2025-26,2026-01-08,2,1,30,4
8476945,2025-26,2026-01-11,2,1,27,3
8476945,2025-26,2026-01-13,2,1,27,4
8476945,2025-26,2026-01-15,2,1,34,2
8476945,2025-26,2026-01-17,2,1,37,4
8476945,2025-26,2026-01-19,2,1,23,1
8476945,2025-26,2026-01-22,2,1,20,1
8476945,2025-26,2026-01-24,2,1,30,4
8476945,2025-26,2026-01-27,2,1,29,3
8476945,2025-26,2026-01-29,2,1,36,3
8476945,2025-26,2026-02-02,2,1,28,4
8476945,2025-26,2026-02-04,2,1,26,4
8476945,2025-26,2026-02-27,2,1,40,5
8476945,2025-26,2026-03-01,2,1,33,2
8476945,2025-26,2026-03-03,2,1,19,2
8476945,2025-26,2026-03-05,2,1,27,1
8476945,2025-26,2026-03-07,2,1,23,2
8476945,2025-26,2026-03-10,2,1,34,3
8476945,2025-26,2026-03-12,2,1,16,5
8476945,2025-26,2026-03-14,2,1,29,1
8476945,2025-26,2026-03-17,2,1,23,3
8476945,2025-26,2026-03-19,2,1,27,6
8476945,2025-26,2026-03-21,2,1,32,4
8476945,2025-26,2026-03-24,2,1,27,1
8476945,2025-26,2026-03-26,2,1,35,3
8476945,2025-26,2026-03-28,2,1,23,2
8476945,2025-26,2026-03-31,2,1,21,3
8476945,2025-26,2026-04-02,2,1,21,3
8476945,2025-26,2026-04-04,2,1,16,1
8476945,2025-26,2026-04-06,2,1,24,2
8476945,2025-26,2026-04-09,2,1,22,2
8476945,2025-26,2026-04-11,2,1,20,5
8476945,2025-26,2026-04-13,2,1,38,6
8476999,2020-21,2021-01-15,2,1,21,2
8476999,2020-21,2021-01-22,2,1,32,3
8476999,2020-21,2021-01-24,2,1,31,3
8476999,2020-21,2021-01-26,2,1,30,2
8476999,2020-21,2021-01-28,2,1,39,3
8476999,2020-21,2021-01-30,2,1,34,3
8476999,2020-21,2021-02-15,2,1,29,3
8476999,2020-21,2021-02-18,2,1,21,3
8476999,2020-21,2021-02-20,2,1,27,2
8476999,2020-21,2021-02-22,2,1,23,3
8476999,2020-21,2021-02-23,2,1,42,1
8476999,2020-21,2021-02-25,2,1,15,0
8476999,2020-21,2021-03-27,2,1,36,3
8476999,2020-21,2021-03-29,2,1,36,4
8476999,2020-21,2021-03-31,2,1,32,1
8476999,2020-21,2021-04-03,2,1,30,2
8476999,2020-21,2021-04-06,2,1,30,3
8476999,2020-21,2021-04-08,2,1,37,5
8476999,2020-21,2021-04-11,2,1,43,3
8476999,2020-21,2021-04-13,2,1,3,0
8476999,2021-22,2021-10-22,2,1,36,1
8476999,2021-22,2021-10-24,2,1,26,3
8476999,2021-22,2021-10-27,2,1,26,3
8476999,2021-22,2021-10-30,2,1,35,2
8476999,2021-22,2021-11-06,2,1,35,4
8476999,2021-22,2021-11-11,2,1,28,5
8476999,2021-22,2021-11-20,2,1,31,2
8476999,2021-22,2021-11-28,2,1,38,2
8476999,2021-22,2021-11-30,2,1,16,2
8476999,2021-22,2021-12-09,2,1,43,2
8476999,2021-22,2021-12-11,2,1,42,2
8476999,2021-22,2021-12-16,2,1,27,2
8476999,2021-22,2022-01-01,2,1,22,3
8476999,2021-22,2022-01-04,2,1,26,3
8476999,2021-22,2022-01-08,2,1,29,2
8476999,2021-22,2022-01-10,2,1,30,3
8476999,2021-22,2022-01-12,2,1,25,1
8476999,2021-22,2022-01-15,2,1,29,3
8476999,2021-22,2022-01-18,2,0,22,2
8476999,2021-22,2022-01-20,2,1,17,3
8476999,2021-22,2022-01-26,2,1,41,4
8476999,2021-22,2022-01-28,2,1,31,1
8476999,2021-22,2022-01-30,2,1,15,4
8476999,2021-22,2022-02-01,2,1,27,2
8476999,2021-22,2022-02-10,2,1,43,6
8476999,2021-22,2022-02-17,2,1,28,3
8476999,2021-22,2022-02-24,2,1,27,2
8476999,2021-22,2022-03-01,2,1,28,4
8476999,2021-22,2022-03-07,2,1,28,3
8476999,2021-22,2022-03-15,2,1,20,1
8476999,2021-22,2022-03-18,2,1,29,2
8476999,2021-22,2022-03-26,2,1,27,3
8476999,2021-22,2022-03-29,2,0,7,0
8476999,2021-22,2022-03-31,2,1,26,1
8476999,2021-22,2022-04-04,2,1,22,2
8476999,2021-22,2022-04-08,2,1,29,1
8476999,2021-22,2022-04-10,2,1,32,3
8476999,2021-22,2022-04-14,2,1,8,0
8476999,2021-22,2022-04-23,2,1,31,1
8476999,2021-22,2022-04-26,2,1,21,2
8476999,2021-22,2022-04-28,2,1,37,0
8476999,2021-22,2022-05-02,3,1,24,4
8476999,2021-22,2022-05-04,3,1,33,4
8476999,2022-23,2022-10-12,2,1,35,2
8476999,2022-23,2022-10-17,2,1,41,3
8476999,2022-23,2022-10-18,2,0,6,1
8476999,2022-23,2022-10-20,2,1,31,1
8476999,2022-23,2022-10-22,2,1,27,3
8476999,2022-23,2022-10-25,2,1,31,1
8476999,2022-23,2022-10-28,2,1,30,0
8476999,2022-23,2022-11-01,2,1,34,5
8476999,2022-23,2022-11-03,2,1,20,2
8476999,2022-23,2022-11-05,2,1,28,2
8476999,2022-23,2022-11-07,2,1,27,1
8476999,2022-23,2022-11-10,2,1,32,1
8476999,2022-23,2022-11-13,2,1,31,2
8476999,2022-23,2022-11-17,2,1,23,1
8476999,2022-23,2022-11-21,2,1,35,3
8476999,2022-23,2022-11-25,2,1,30,2
8476999,2022-23,2022-12-03,2,1,25,1
8476999,2022-23,2022-12-07,2,1,23,0
8476999,2022-23,2022-12-11,2,1,31,1
8476999,2022-23,2022-12-13,2,1,26,3
8476999,2022-23,2022-12-15,2,1,30,2
8476999,2022-23,2022-12-19,2,1,39,3
8476999,2022-23,2022-12-23,2,1,40,3
8476999,2022-23,2022-12-28,2,1,31,1
8476999,2022-23,2023-01-02,2,1,27,1
8476999,2022-23,2023-01-07,2,1,30,2
8476999,2022-23,2023-01-12,2,1,30,2
8476999,2022-23,2023-01-14,2,1,21,3
8476999,2022-23,2023-01-18,2,1,26,1
8476999,2022-23,2023-01-22,2,1,17,0
8476999,2022-23,2023-01-26,2,1,35,3
8476999,2022-23,2023-01-29,2,1,35,3
8476999,2022-23,2023-02-01,2,1,35,2
8476999,2022-23,2023-02-14,2,1,31,2
8476999,2022-23,2023-02-18,2,1,28,2
8476999,2022-23,2023-02-20,2,1,31,1
8476999,2022-23,2023-02-25,2,1,27,1
8476999,2022-23,2023-02-28,2,1,57,3
8476999,2022-23,2023-03-04,2,1,26,2
8476999,2022-23,2023-03-11,2,1,31,2
8476999,2022-23,2023-03-14,2,1,28,5
8476999,2022-23,2023-03-18,2,1,31,2
8476999,2022-23,2023-03-21,2,1,41,1
8476999,2022-23,2023-03-25,2,1,27,1
8476999,2022-23,2023-03-28,2,1,22,1
8476999,2022-23,2023-03-30,2,1,26,1
8476999,2022-23,2023-04-02,2,1,38,3
8476999,2022-23,2023-04-08,2,1,30,1
8476999,2022-23,2023-04-11,2,1,21,2
8476999,2022-23,2023-04-17,3,1,32,1
8476999,2022-23,2023-04-19,3,1,29,5
8476999,2022-23,2023-04-21,3,1,31,2
8476999,2022-23,2023-04-23,3,1,43,2
8476999,2022-23,2023-04-26,3,1,25,4
8476999,2022-23,2023-04-28,3,1,32,6
8476999,2023-24,2023-10-11,2,1,21,1
8476999,2023-24,2023-10-19,2,1,27,1
8476999,2023-24,2023-10-22,2,1,31,1
8476999,2023-24,2023-10-26,2,1,32,4
8476999,2023-24,2023-10-30,2,1,37,2
8476999,2023-24,2023-11-04,2,1,40,5
8476999,2023-24,2023-11-09,2,1,29,2
8476999,2023-24,2023-11-14,2,1,34,2
8476999,2023-24,2023-11-22,2,1,28,1
8476999,2023-24,2023-11-25,2,1,40,7
8476999,2023-24,2023-11-27,2,0,20,2
8476999,2023-24,2023-12-02,2,1,40,3
8476999,2023-24,2023-12-07,2,1,35,3
8476999,2023-24,2023-12-09,2,1,33,3
8476999,2023-24,2023-12-15,2,1,37,4
8476999,2023-24,2023-12-19,2,1,30,4
8476999,2023-24,2023-12-23,2,1,35,3
8476999,2023-24,2023-12-30,2,1,33,2
8476999,2023-24,2024-01-02,2,1,27,1
8476999,2023-24,2024-01-06,2,1,26,3
8476999,2023-24,2024-01-09,2,1,35,3
8476999,2023-24,2024-01-20,2,1,21,4
8476999,2023-24,2024-01-24,2,1,33,3
8476999,2023-24,2024-01-27,2,1,37,2
8476999,2023-24,2024-02-08,2,1,17,0
8476999,2023-24,2024-02-13,2,1,25,2
8476999,2023-24,2024-02-17,2,1,35,5
8476999,2023-24,2024-02-22,2,1,30,3
8476999,2023-24,2024-02-26,2,1,27,3
8476999,2023-24,2024-03-02,2,1,26,5
8476999,2023-24,2024-03-05,2,1,26,2
8476999,2023-24,2024-03-09,2,1,39,1
8476999,2023-24,2024-03-14,2,1,19,1
8476999,2023-24,2024-03-19,2,1,31,2
8476999,2023-24,2024-03-23,2,1,29,3
8476999,2023-24,2024-03-27,2,1,30,2
8476999,2023-24,2024-04-02,2,1,31,0
8476999,2023-24,2024-04-06,2,1,30,2
8476999,2023-24,2024-04-13,2,1,32,4
8476999,2023-24,2024-04-16,2,1,19,2
8476999,2023-24,2024-04-22,3,1,34,3
8476999,2023-24,2024-05-08,3,0,10,2
8476999,2024-25,2024-10-10,2,1,32,1
8476999,2024-25,2024-10-12,2,1,26,4
8476999,2024-25,2024-10-25,2,1,27,5
8476999,2024-25,2024-10-27,2,0,2,0
8476999,2024-25,2024-10-29,2,1,27,1
8476999,2024-25,2024-11-01,2,1,18,2
8476999,2024-25,2024-11-05,2,1,34,5
8476999,2024-25,2024-11-09,2,1,16,2
8476999,2024-25,2024-11-12,2,1,27,0
8476999,2024-25,2024-11-14,2,1,19,5
8476999,2024-25,2024-11-19,2,1,31,5
8476999,2024-25,2024-11-21,2,1,32,3
8476999,2024-25,2024-11-23,2,1,21,4
8476999,2024-25,2024-11-27,2,1,39,3
8476999,2024-25,2024-12-01,2,1,34,3
8476999,2024-25,2024-12-05,2,1,20,1
8476999,2024-25,2024-12-07,2,1,37,1
8476999,2024-25,2024-12-11,2,1,32,1
8476999,2024-25,2024-12-13,2,1,32,0
8476999,2024-25,2024-12-14,2,1,27,2
8476999,2024-25,2024-12-17,2,1,30,0
8476999,2024-25,2024-12-19,2,1,32,2
8476999,2024-25,2024-12-22,2,1,7,1
8476999,2024-25,2025-02-04,2,1,37,3
8476999,2024-25,2025-02-08,2,1,47,4
8476999,2024-25,2025-02-22,2,1,15,5
8476999,2024-25,2025-02-26,2,1,38,3
8476999,2024-25,2025-03-01,2,1,37,3
8476999,2024-25,2025-03-03,2,1,41,4
8476999,2024-25,2025-03-05,2,1,20,3
8476999,2024-25,2025-03-08,2,1,23,3
8476999,2024-25,2025-03-10,2,1,49,1
8476999,2024-25,2025-03-13,2,1,25,3
8476999,2024-25,2025-03-15,2,1,23,2
8476999,2024-25,2025-03-18,2,1,31,4
8476999,2024-25,2025-03-20,2,1,13,4
8476999,2024-25,2025-03-22,2,1,27,2
8476999,2024-25,2025-03-27,2,1,34,3
8476999,2024-25,2025-03-29,2,1,30,2
8476999,2024-25,2025-04-01,2,1,21,4
8476999,2024-25,2025-04-03,2,1,32,1
8476999,2024-25,2025-04-06,2,1,29,0
8476999,2024-25,2025-04-11,2,1,22,2
8476999,2024-25,2025-04-17,2,1,33,5
8476999,2024-25,2025-04-20,3,1,24,6
8476999,2024-25,2025-04-22,3,1,21,3
8476999,2024-25,2025-04-24,3,1,20,3
8476999,2024-25,2025-04-26,3,1,34,3
8476999,2024-25,2025-04-29,3,1,29,0
8476999,2024-25,2025-05-01,3,1,22,3
8476999,2025-26,2025-10-09,2,1,25,4
8476999,2025-26,2025-10-11,2,1,27,6
8476999,2025-26,2025-10-13,2,1,24,2
8476999,2025-26,2025-10-16,2,1,33,3
8476999,2025-26,2025-10-18,2,1,23,5
8476999,2025-26,2025-10-21,2,1,25,3
8476999,2025-26,2025-10-23,2,1,23,1
8476999,2025-26,2025-10-25,2,1,13,1
8476999,2025-26,2025-10-28,2,1,25,6
8476999,2025-26,2025-10-30,2,1,29,3
8476999,2025-26,2025-11-01,2,1,27,4
8476999,2025-26,2025-11-06,2,1,25,3
8476999,2025-26,2025-11-08,2,1,22,2
8476999,2025-26,2025-11-11,2,1,33,3
8476999,2025-26,2025-11-15,2,1,18,1
8476999,2025-26,2025-11-20,2,1,25,2
8476999,2025-26,2025-11-22,2,1,19,2
8476999,2025-26,2025-11-26,2,1,35,3
8476999,2025-26,2025-11-30,2,1,26,6
8476999,2025-26,2025-12-02,2,1,22,2
8476999,2025-26,2025-12-06,2,1,20,2
8476999,2025-26,2025-12-09,2,1,32,4
8476999,2025-26,2025-12-11,2,1,27,3
8476999,2025-26,2025-12-15,2,1,25,2
8476999,2025-26,2025-12-18,2,1,25,0
8476999,2025-26,2025-12-21,2,1,20,2
8476999,2025-26,2025-12-23,2,1,25,3
8476999,2025-26,2025-12-27,2,1,14,4
8476999,2025-26,2026-01-31,2,1,27,1
8476999,2025-26,2026-02-02,2,1,16,2
8476999,2025-26,2026-02-26,2,1,20,2
8476999,2025-26,2026-02-28,2,1,23,2
8476999,2025-26,2026-03-03,2,1,37,5
8476999,2025-26,2026-03-05,2,1,20,1
8476999,2025-26,2026-03-07,2,1,21,4
8476999,2025-26,2026-03-11,2,1,23,3
8476999,2025-26,2026-03-14,2,1,24,0
8476999,2025-26,2026-03-15,2,1,23,4
8476999,2025-26,2026-03-18,2,1,23,2
8476999,2025-26,2026-03-21,2,1,14,2
8476999,2025-26,2026-03-24,2,1,35,2
8476999,2025-26,2026-03-26,2,1,40,3
8476999,2025-26,2026-03-31,2,1,16,5
8476999,2025-26,2026-04-02,2,1,22,1
8476999,2025-26,2026-04-04,2,1,23,4
8476999,2025-26,2026-04-05,2,1,28,3
8476999,2025-26,2026-04-07,2,1,30,2
8476999,2025-26,2026-04-09,2,1,23,1
8476999,2025-26,2026-04-11,2,1,23,0
8476999,2025-26,2026-04-18,3,1,29,2
8476999,2025-26,2026-04-20,3,1,49,3
8476999,2025-26,2026-04-23,3,1,27,2
8476999,2025-26,2026-04-25,3,1,28,2
8477035,2023-24,2023-10-15,2,1,37,4
8477035,2023-24,2023-11-02,2,1,27,3
8477035,2023-24,2023-11-07,2,1,26,3
8477035,2023-24,2024-04-04,2,1,30,4
8477035,2023-24,2024-04-11,2,1,27,2
8477035,2023-24,2024-04-17,2,1,38,4
8477180,2020-21,2021-02-21,2,1,41,4
8477180,2020-21,2021-03-02,2,1,20,2
8477180,2020-21,2021-03-04,2,0,4,2
8477180,2020-21,2021-04-08,2,1,27,3
8477180,2020-21,2021-04-17,2,1,28,4
8477180,2020-21,2021-04-20,2,0,19,3
8477180,2020-21,2021-04-22,2,1,15,4
8477180,2021-22,2021-11-13,2,1,26,5
8477180,2021-22,2021-11-18,2,0,10,0
8477180,2021-22,2021-11-21,2,1,36,5
8477180,2021-22,2021-11-22,2,0,15,1
8477180,2021-22,2021-11-24,2,1,22,4
8477180,2021-22,2021-12-02,2,1,43,5
8477180,2021-22,2021-12-04,2,0,4,0
8477180,2021-22,2022-01-13,2,1,30,1
8477180,2021-22,2022-01-15,2,1,39,4
8477180,2021-22,2022-01-17,2,1,35,3
8477180,2021-22,2022-01-20,2,1,47,5
8477180,2021-22,2022-01-25,2,1,47,5
8477180,2022-23,2022-11-30,2,1,31,2
8477180,2022-23,2022-12-04,2,1,37,5
8477180,2022-23,2023-02-12,2,0,8,0
8477180,2022-23,2023-02-14,2,1,27,2
8477202,2021-22,2022-02-20,2,1,32,2
8477202,2021-22,2022-02-26,2,1,27,1
8477202,2021-22,2022-03-01,2,0,7,1
8477202,2021-22,2022-03-03,2,1,34,4
8477202,2021-22,2022-04-02,2,1,41,7
8477202,2021-22,2022-04-07,2,1,19,6
8477202,2021-22,2022-04-14,2,1,30,3
8477202,2021-22,2022-04-18,2,1,44,2
8477202,2021-22,2022-04-21,2,1,28,5
8477202,2021-22,2022-04-24,2,1,22,1
8477202,2021-22,2022-04-28,2,1,30,6
8477293,2020-21,2021-01-16,2,1,34,3
8477293,2020-21,2021-02-04,2,1,43,3
8477293,2020-21,2021-02-13,2,1,35,5
8477293,2020-21,2021-02-27,2,1,40,5
8477293,2020-21,2021-03-03,2,1,42,2
8477293,2020-21,2021-03-05,2,1,27,5
8477293,2020-21,2021-03-08,2,0,16,0
8477293,2020-21,2021-03-10,2,1,46,2
8477293,2020-21,2021-03-14,2,1,34,3
8477293,2020-21,2021-03-20,2,1,28,1
8477293,2020-21,2021-03-22,2,1,34,4
8477293,2020-21,2021-04-14,2,1,22,5
8477293,2021-22,2021-10-29,2,1,26,3
8477293,2021-22,2021-11-06,2,0,4,0
8477293,2021-22,2021-11-16,2,1,23,2
8477293,2021-22,2021-11-22,2,1,27,2
8477293,2021-22,2021-11-26,2,1,23,3
8477293,2021-22,2021-12-02,2,1,20,3
8477293,2021-22,2021-12-04,2,1,34,2
8477293,2021-22,2021-12-12,2,1,26,2
8477293,2021-22,2021-12-30,2,1,26,0
8477293,2021-22,2022-01-01,2,1,9,3
8477293,2021-22,2022-01-29,2,1,25,1
8477293,2021-22,2022-02-08,2,1,31,4
8477293,2021-22,2022-02-20,2,1,34,3
8477293,2021-22,2022-03-01,2,1,41,4
8477293,2021-22,2022-03-04,2,1,24,2
8477293,2021-22,2022-03-06,2,1,30,2
8477293,2021-22,2022-03-10,2,1,36,0
8477293,2021-22,2022-03-13,2,1,20,2
8477293,2021-22,2022-03-18,2,1,40,3
8477293,2021-22,2022-03-26,2,1,32,2
8477293,2021-22,2022-03-29,2,1,32,4
8477293,2021-22,2022-04-07,2,1,21,3
8477293,2021-22,2022-04-14,2,1,22,3
8477293,2021-22,2022-04-16,2,0,4,0
8477293,2021-22,2022-04-18,2,1,26,3
8477293,2021-22,2022-04-21,2,1,22,2
8477293,2021-22,2022-04-24,2,1,18,1
8477293,2021-22,2022-04-28,2,1,30,3
8477293,2021-22,2022-05-02,3,1,36,1
8477293,2021-22,2022-05-04,3,1,6,0
8477293,2021-22,2022-05-08,3,1,27,4
8477293,2021-22,2022-05-10,3,1,34,1
8477293,2021-22,2022-05-12,3,1,33,4
8477293,2021-22,2022-05-14,3,1,29,2
8477293,2021-22,2022-05-18,3,1,28,1
8477293,2021-22,2022-05-20,3,1,21,0
8477293,2021-22,2022-05-22,3,1,32,2
8477293,2021-22,2022-05-24,3,1,28,4
8477293,2021-22,2022-05-26,3,1,17,1
8477293,2021-22,2022-05-28,3,1,13,3
8477293,2021-22,2022-05-30,3,1,18,2
8477293,2022-23,2022-10-14,2,1,19,1
8477293,2022-23,2022-10-22,2,1,32,3
8477293,2022-23,2022-10-29,2,1,29,3
8477293,2022-23,2022-11-04,2,1,25,3
8477293,2022-23,2022-11-09,2,1,36,2
8477293,2022-23,2022-11-12,2,1,27,3
8477293,2022-23,2022-11-17,2,1,15,3
8477293,2022-23,2022-11-26,2,1,20,2
8477293,2022-23,2022-12-01,2,1,15,3
8477293,2022-23,2022-12-17,2,1,30,4
8477293,2022-23,2022-12-22,2,1,27,3
8477293,2022-23,2022-12-23,2,1,31,5
8477293,2022-23,2022-12-27,2,1,24,0
8477293,2022-23,2022-12-30,2,1,19,0
8477293,2022-23,2023-01-01,2,1,28,4
8477293,2022-23,2023-01-07,2,1,18,3
8477293,2022-23,2023-01-25,2,0,15,0
8477293,2022-23,2023-01-27,2,1,29,3
8477293,2022-23,2023-02-01,2,1,30,1
8477293,2022-23,2023-02-16,2,1,22,2
8477293,2022-23,2023-02-24,2,1,32,0
8477293,2022-23,2023-03-03,2,1,18,1
8477293,2022-23,2023-03-07,2,1,10,2
8477293,2022-23,2023-04-01,2,1,14,0
8477293,2022-23,2023-04-04,2,1,28,2
8477293,2022-23,2023-04-08,2,1,30,4
8477293,2022-23,2023-04-11,2,1,21,1
8477293,2022-23,2023-04-17,3,1,26,1
8477293,2022-23,2023-04-19,3,1,26,3
8477293,2022-23,2023-04-21,3,1,36,4
8477293,2022-23,2023-04-23,3,1,29,2
8477293,2022-23,2023-04-25,3,1,22,3
8477293,2022-23,2023-05-20,3,1,26,2
8477293,2023-24,2023-10-15,2,1,23,4
8477293,2023-24,2023-10-17,2,0,14,2
8477293,2023-24,2023-10-19,2,1,18,4
8477293,2023-24,2023-10-27,2,1,20,0
8477293,2023-24,2023-11-04,2,1,25,3
8477293,2023-24,2023-11-07,2,1,21,2
8477293,2023-24,2023-11-10,2,1,34,4
8477293,2023-24,2023-11-18,2,1,28,2
8477293,2023-24,2023-11-22,2,1,8,1
8477293,2023-24,2023-11-24,2,1,14,8
8477293,2023-24,2023-12-04,2,1,22,2
8477293,2023-24,2023-12-06,2,0,28,3
8477293,2023-24,2023-12-09,2,1,24,4
8477293,2023-24,2023-12-15,2,1,30,6
8477293,2023-24,2023-12-28,2,1,21,3
8477293,2023-24,2024-01-06,2,1,22,1
8477293,2023-24,2024-01-11,2,0,3,0
8477293,2023-24,2024-01-13,2,1,40,2
8477293,2023-24,2024-01-15,2,1,24,4
8477293,2023-24,2024-01-19,2,1,12,2
8477293,2023-24,2024-01-21,2,1,17,3
8477293,2023-24,2024-01-25,2,1,25,2
8477293,2023-24,2024-01-27,2,1,11,1
8477293,2023-24,2024-02-08,2,0,9,0
8477361,2020-21,2021-01-19,2,1,24,3
8477361,2020-21,2021-01-23,2,1,29,3
8477361,2020-21,2021-01-26,2,1,33,1
8477361,2020-21,2021-02-02,2,1,42,2
8477361,2020-21,2021-02-05,2,0,26,1
8477361,2020-21,2021-02-07,2,1,33,4
8477361,2020-21,2021-02-09,2,1,40,3
8477361,2020-21,2021-02-11,2,1,31,2
8477361,2020-21,2021-02-20,2,1,24,2
8477361,2020-21,2021-02-24,2,1,36,1
8477361,2020-21,2021-02-27,2,1,42,4
8477361,2020-21,2021-03-05,2,1,22,3
8477361,2020-21,2021-03-08,2,1,25,6
8477361,2020-21,2021-03-12,2,1,45,1
8477361,2020-21,2021-03-14,2,1,40,3
8477361,2020-21,2021-03-17,2,1,20,1
8477361,2020-21,2021-03-21,2,1,42,1
8477361,2020-21,2021-03-24,2,1,28,4
8477361,2020-21,2021-03-31,2,1,42,2
8477361,2020-21,2021-04-02,2,1,35,2
8477361,2020-21,2021-04-05,2,1,32,4
8477361,2020-21,2021-04-09,2,1,28,4
8477361,2020-21,2021-04-12,2,1,41,4
8477361,2020-21,2021-04-14,2,0,24,3
8477361,2020-21,2021-04-20,2,1,25,1
8477361,2020-21,2021-04-23,2,1,23,3
8477361,2020-21,2021-04-24,2,1,40,4
8477361,2020-21,2021-04-28,2,1,22,3
8477361,2020-21,2021-05-01,2,1,33,6
8477361,2020-21,2021-05-03,2,0,15,0
8477361,2020-21,2021-05-05,2,1,30,2
8477361,2020-21,2021-05-07,2,1,37,3
8477361,2020-21,2021-05-08,2,1,30,3
8477361,2020-21,2021-05-10,2,1,19,2
8477361,2020-21,2021-05-12,2,1,37,6
8477361,2021-22,2021-10-14,2,1,25,2
8477361,2021-22,2021-10-19,2,1,31,2
8477361,2021-22,2021-10-23,2,1,40,7
8477361,2021-22,2021-10-30,2,1,28,2
8477361,2021-22,2021-11-05,2,1,23,2
8477361,2021-22,2021-11-09,2,1,35,2
8477361,2021-22,2021-11-13,2,1,23,3
8477361,2021-22,2021-11-20,2,1,20,5
8477361,2021-22,2021-11-27,2,1,32,2
8477361,2021-22,2021-12-02,2,1,32,3
8477361,2021-22,2021-12-06,2,1,30,4
8477361,2021-22,2022-01-08,2,1,21,0
8477361,2021-22,2022-01-10,2,1,23,1
8477361,2021-22,2022-01-15,2,1,18,1
8477361,2021-22,2022-01-18,2,1,24,5
8477361,2021-22,2022-01-23,2,1,25,2
8477361,2021-22,2022-01-27,2,1,25,2
8477361,2021-22,2022-01-30,2,1,26,3
8477361,2021-22,2022-02-15,2,1,27,3
8477361,2021-22,2022-02-19,2,1,23,3
8477361,2021-22,2022-02-23,2,1,19,2
8477361,2021-22,2022-02-26,2,1,28,2
8477361,2021-22,2022-02-28,2,0,13,2
8477361,2021-22,2022-03-02,2,1,43,4
8477361,2021-22,2022-03-06,2,1,19,0
8477361,2021-22,2022-03-07,2,1,32,2
8477361,2021-22,2022-03-12,2,1,27,5
8477361,2021-22,2022-03-17,2,1,29,0
8477361,2021-22,2022-03-19,2,1,23,4
8477361,2021-22,2022-03-26,2,1,25,2
8477361,2021-22,2022-03-28,2,1,38,6
8477361,2021-22,2022-03-31,2,1,28,2
8477361,2021-22,2022-04-02,2,1,27,2
8477361,2021-22,2022-04-04,2,1,33,3
8477361,2021-22,2022-04-10,2,1,33,6
8477361,2021-22,2022-04-13,2,0,25,6
8477361,2021-22,2022-04-28,2,1,29,3
8477361,2021-22,2022-05-06,3,0,20,4
8477361,2022-23,2022-10-15,2,1,35,6
8477361,2022-23,2022-10-18,2,1,32,3
8477361,2022-23,2022-10-20,2,1,9,3
8477361,2022-23,2022-10-29,2,1,28,2
8477361,2022-23,2022-11-01,2,1,40,5
8477361,2022-23,2022-11-12,2,1,21,3
8477361,2022-23,2022-11-16,2,1,23,1
8477361,2022-23,2022-11-19,2,1,29,3
8477361,2022-23,2022-11-22,2,1,24,4
8477361,2022-23,2022-11-29,2,0,16,4
8477361,2023-24,2023-11-04,2,1,30,5
8477361,2023-24,2023-11-11,2,1,37,2
8477361,2023-24,2024-01-27,2,0,14,2
8477361,2023-24,2024-02-10,2,1,19,2
8477361,2023-24,2024-02-25,2,1,32,7
8477405,2024-25,2024-12-05,2,0,11,0
8477405,2024-25,2024-12-17,2,0,6,0
8477405,2024-25,2024-12-29,2,1,41,3
8477405,2024-25,2025-01-11,2,1,22,1
8477405,2024-25,2025-01-14,2,1,26,1
8477405,2024-25,2025-01-18,2,1,19,1
8477405,2024-25,2025-01-25,2,1,26,2
8477405,2024-25,2025-03-09,2,1,27,3
8477405,2024-25,2025-03-22,2,1,35,4
8477405,2024-25,2025-03-26,2,0,5,0
8477405,2024-25,2025-03-30,2,1,30,6
8477405,2024-25,2025-04-08,2,0,9,3
8477405,2024-25,2025-04-10,2,1,30,8
8477405,2024-25,2025-04-12,2,1,22,3
8477405,2024-25,2025-04-17,2,1,26,6
8477424,2020-21,2021-01-14,2,1,30,1
8477424,2020-21,2021-01-16,2,1,44,2
8477424,2020-21,2021-01-22,2,1,20,5
8477424,2020-21,2021-01-24,2,1,22,3
8477424,2020-21,2021-01-27,2,1,30,1
8477424,2020-21,2021-02-01,2,1,27,4
8477424,2020-21,2021-02-04,2,1,24,5
8477424,2020-21,2021-02-09,2,1,30,6
8477424,2020-21,2021-02-13,2,0,6,1
8477424,2020-21,2021-02-18,2,1,21,2
8477424,2020-21,2021-02-27,2,1,30,1
8477424,2020-21,2021-02-28,2,1,29,1
8477424,2020-21,2021-03-02,2,1,10,2
8477424,2020-21,2021-03-18,2,1,41,1
8477424,2020-21,2021-03-20,2,1,48,1
8477424,2020-21,2021-03-23,2,1,31,0
8477424,2020-21,2021-03-25,2,1,21,1
8477424,2020-21,2021-03-27,2,1,30,1
8477424,2020-21,2021-03-30,2,1,35,2
8477424,2020-21,2021-04-01,2,1,30,3
8477424,2020-21,2021-04-03,2,1,41,0
8477424,2020-21,2021-04-06,2,1,27,2
8477424,2020-21,2021-04-08,2,1,26,1
8477424,2020-21,2021-04-11,2,1,26,2
8477424,2020-21,2021-04-13,2,1,23,2
8477424,2020-21,2021-04-15,2,1,29,4
8477424,2020-21,2021-04-17,2,1,47,2
8477424,2020-21,2021-04-19,2,1,32,2
8477424,2020-21,2021-04-21,2,1,30,5
8477424,2020-21,2021-04-23,2,1,30,1
8477424,2020-21,2021-04-26,2,1,40,1
8477424,2020-21,2021-04-27,2,1,55,6
8477424,2020-21,2021-05-01,2,1,28,0
8477424,2020-21,2021-05-03,2,1,32,3
8477424,2020-21,2021-05-05,2,1,26,3
8477424,2020-21,2021-05-08,2,1,22,1
8477424,2020-21,2021-05-17,3,1,37,4
8477424,2020-21,2021-05-19,3,1,30,2
8477424,2020-21,2021-05-21,3,1,56,4
8477424,2020-21,2021-05-23,3,1,61,3
8477424,2020-21,2021-05-25,3,1,37,3
8477424,2020-21,2021-05-27,3,1,31,4
8477424,2021-22,2021-10-14,2,1,25,3
8477424,2021-22,2021-10-16,2,1,31,2
8477424,2021-22,2021-10-19,2,1,26,1
8477424,2021-22,2021-10-21,2,1,29,2
8477424,2021-22,2021-10-23,2,1,29,6
8477424,2021-22,2021-10-26,2,1,29,1
8477424,2021-22,2021-10-30,2,1,36,2
8477424,2021-22,2021-11-02,2,1,40,2
8477424,2021-22,2021-11-05,2,1,28,2
8477424,2021-22,2021-11-07,2,1,32,2
8477424,2021-22,2021-11-10,2,1,27,2
8477424,2021-22,2021-11-13,2,1,23,1
8477424,2021-22,2021-11-16,2,1,33,2
8477424,2021-22,2021-11-20,2,1,19,5
8477424,2021-22,2021-11-22,2,1,31,2
8477424,2021-22,2021-11-24,2,1,34,4
8477424,2021-22,2021-11-26,2,1,25,2
8477424,2021-22,2021-11-30,2,1,27,0
8477424,2021-22,2021-12-02,2,1,33,2
8477424,2021-22,2021-12-04,2,1,23,3
8477424,2021-22,2021-12-10,2,1,31,2
8477424,2021-22,2021-12-12,2,1,32,0
8477424,2021-22,2021-12-16,2,1,26,2
8477424,2021-22,2021-12-17,2,1,19,2
8477424,2021-22,2021-12-29,2,1,36,4
8477424,2021-22,2022-01-01,2,1,38,1
8477424,2021-22,2022-01-04,2,1,43,2
8477424,2021-22,2022-01-06,2,1,48,2
8477424,2021-22,2022-01-08,2,1,40,2
8477424,2021-22,2022-01-11,2,1,44,4
8477424,2021-22,2022-01-13,2,1,20,3
8477424,2021-22,2022-01-15,2,1,44,4
8477424,2021-22,2022-01-17,2,1,29,5
8477424,2021-22,2022-01-20,2,1,38,2
8477424,2021-22,2022-01-22,2,1,29,1
8477424,2021-22,2022-01-25,2,1,35,2
8477424,2021-22,2022-01-27,2,1,46,2
8477424,2021-22,2022-02-01,2,1,32,2
8477424,2021-22,2022-02-09,2,1,27,4
8477424,2021-22,2022-02-12,2,1,42,4
8477424,2021-22,2022-02-15,2,1,27,3
8477424,2021-22,2022-02-18,2,1,29,4
8477424,2021-22,2022-02-24,2,1,28,1
8477424,2021-22,2022-02-26,2,1,33,3
8477424,2021-22,2022-03-02,2,1,31,4
8477424,2021-22,2022-03-05,2,1,20,0
8477424,2021-22,2022-03-08,2,1,23,1
8477424,2021-22,2022-03-10,2,1,28,1
8477424,2021-22,2022-03-12,2,1,33,5
8477424,2021-22,2022-03-15,2,1,36,1
8477424,2021-22,2022-03-17,2,1,33,5
8477424,2021-22,2022-03-19,2,1,41,3
8477424,2021-22,2022-03-21,2,1,28,3
8477424,2021-22,2022-03-24,2,1,50,6
8477424,2021-22,2022-03-27,2,1,23,4
8477424,2021-22,2022-03-29,2,1,37,1
8477424,2021-22,2022-04-01,2,1,35,4
8477424,2021-22,2022-04-05,2,1,49,2
8477424,2021-22,2022-04-07,2,1,29,2
8477424,2021-22,2022-04-09,2,1,23,2
8477424,2021-22,2022-04-12,2,1,25,0
8477424,2021-22,2022-04-14,2,1,32,4
8477424,2021-22,2022-04-16,2,1,31,3
8477424,2021-22,2022-04-17,2,1,20,4
8477424,2021-22,2022-04-19,2,1,21,2
8477424,2021-22,2022-04-23,2,1,30,6
8477424,2021-22,2022-04-26,2,1,33,3
8477424,2022-23,2022-10-07,2,1,31,1
8477424,2022-23,2022-10-13,2,1,29,4
8477424,2022-23,2022-10-15,2,1,21,4
8477424,2022-23,2022-10-18,2,1,35,3
8477424,2022-23,2022-10-22,2,1,25,3
8477424,2022-23,2022-10-27,2,1,35,2
8477424,2022-23,2022-10-29,2,1,34,2
8477424,2022-23,2022-11-01,2,1,36,6
8477424,2022-23,2022-11-05,2,1,45,3
8477424,2022-23,2022-11-08,2,1,6,4
8477424,2022-23,2022-11-12,2,1,35,1
8477424,2022-23,2022-11-15,2,1,33,1
8477424,2022-23,2022-11-17,2,1,33,4
8477424,2022-23,2022-11-19,2,1,39,3
8477424,2022-23,2022-11-21,2,1,27,3
8477424,2022-23,2022-11-29,2,1,35,1
8477424,2022-23,2022-12-01,2,1,28,3
8477424,2022-23,2022-12-08,2,1,33,5
8477424,2022-23,2022-12-10,2,1,33,3
8477424,2022-23,2022-12-12,2,1,24,1
8477424,2022-23,2022-12-15,2,1,41,2
8477424,2022-23,2022-12-17,2,1,29,2
8477424,2022-23,2022-12-19,2,1,33,3
8477424,2022-23,2022-12-21,2,1,39,2
8477424,2022-23,2022-12-23,2,1,46,3
8477424,2022-23,2022-12-27,2,1,33,3
8477424,2022-23,2022-12-30,2,1,27,1
8477424,2022-23,2023-01-03,2,1,27,3
8477424,2022-23,2023-01-05,2,1,67,3
8477424,2022-23,2023-01-09,2,1,38,0
8477424,2022-23,2023-01-11,2,1,35,2
8477424,2022-23,2023-01-14,2,1,33,5
8477424,2022-23,2023-01-16,2,1,39,1
8477424,2022-23,2023-01-19,2,1,33,5
8477424,2022-23,2023-01-21,2,1,34,3
8477424,2022-23,2023-01-24,2,1,33,1
8477424,2022-23,2023-01-26,2,1,39,4
8477424,2022-23,2023-02-07,2,1,29,4
8477424,2022-23,2023-02-11,2,1,24,1
8477424,2022-23,2023-02-16,2,1,30,5
8477424,2022-23,2023-02-19,2,1,35,4
8477424,2022-23,2023-02-21,2,1,39,4
8477424,2022-23,2023-02-23,2,1,24,2
8477424,2022-23,2023-02-26,2,1,27,2
8477424,2022-23,2023-02-28,2,1,33,2
8477424,2022-23,2023-03-04,2,1,28,1
8477424,2022-23,2023-03-06,2,1,29,3
8477424,2022-23,2023-03-09,2,1,42,3
8477424,2022-23,2023-03-12,2,1,37,4
8477424,2022-23,2023-03-14,2,1,29,1
8477424,2022-23,2023-03-16,2,1,21,2
8477424,2022-23,2023-03-18,2,1,34,3
8477424,2022-23,2023-03-19,2,0,29,3
8477424,2022-23,2023-03-21,2,1,31,3
8477424,2022-23,2023-03-23,2,1,28,1
8477424,2022-23,2023-03-25,2,1,39,7
8477424,2022-23,2023-03-28,2,1,36,1
8477424,2022-23,2023-03-30,2,1,45,2
8477424,2022-23,2023-04-01,2,1,22,1
8477424,2022-23,2023-04-03,2,1,26,5
8477424,2022-23,2023-04-06,2,1,33,0
8477424,2022-23,2023-04-08,2,1,38,2
8477424,2022-23,2023-04-10,2,1,44,2
8477424,2022-23,2023-04-13,2,1,24,3
8477424,2023-24,2023-10-10,2,1,33,4
8477424,2023-24,2023-10-12,2,1,23,0
8477424,2023-24,2023-10-14,2,1,30,3
8477424,2023-24,2023-10-17,2,1,11,4
8477424,2023-24,2023-10-19,2,1,24,1
8477424,2023-24,2023-10-21,2,1,32,1
8477424,2023-24,2023-10-24,2,1,24,3
8477424,2023-24,2023-10-28,2,1,35,2
8477424,2023-24,2023-11-02,2,1,31,4
8477424,2023-24,2023-11-07,2,1,38,3
8477424,2023-24,2023-11-09,2,1,36,5
8477424,2023-24,2023-11-11,2,1,24,6
8477424,2023-24,2023-11-14,2,1,20,3
8477424,2023-24,2023-11-20,2,1,29,3
8477424,2023-24,2023-11-22,2,1,26,2
8477424,2023-24,2023-11-26,2,1,34,2
8477424,2023-24,2023-11-28,2,1,31,2
8477424,2023-24,2023-11-30,2,1,15,4
8477424,2023-24,2023-12-03,2,1,35,1
8477424,2023-24,2023-12-05,2,1,28,3
8477424,2023-24,2023-12-07,2,1,33,1
8477424,2023-24,2023-12-10,2,1,37,1
8477424,2023-24,2023-12-12,2,1,39,2
8477424,2023-24,2023-12-16,2,1,22,1
8477424,2023-24,2023-12-19,2,1,24,5
8477424,2023-24,2023-12-21,2,1,31,2
8477424,2023-24,2023-12-23,2,1,34,3
8477424,2023-24,2023-12-27,2,1,19,5
8477424,2023-24,2023-12-29,2,1,23,5
8477424,2023-24,2024-01-02,2,1,21,0
8477424,2023-24,2024-01-04,2,1,25,5
8477424,2023-24,2024-01-09,2,1,33,5
8477424,2023-24,2024-01-13,2,1,25,1
8477424,2023-24,2024-01-15,2,1,28,3
8477424,2023-24,2024-01-18,2,1,34,1
8477424,2023-24,2024-01-20,2,1,24,3
8477424,2023-24,2024-01-22,2,1,36,2
8477424,2023-24,2024-01-25,2,1,24,2
8477424,2023-24,2024-01-29,2,1,35,4
8477424,2023-24,2024-01-31,2,1,23,3
8477424,2023-24,2024-02-10,2,1,31,4
8477424,2023-24,2024-02-13,2,1,46,3
8477424,2023-24,2024-02-15,2,1,18,4
8477424,2023-24,2024-02-17,2,1,37,2
8477424,2023-24,2024-02-22,2,1,28,1
8477424,2023-24,2024-02-24,2,1,25,2
8477424,2023-24,2024-02-27,2,1,25,1
8477424,2023-24,2024-02-29,2,1,34,1
8477424,2023-24,2024-03-02,2,1,26,1
8477424,2023-24,2024-03-05,2,1,30,4
8477424,2023-24,2024-03-07,2,1,28,2
8477424,2023-24,2024-03-10,2,1,33,4
8477424,2023-24,2024-03-13,2,1,29,2
8477424,2023-24,2024-03-16,2,1,24,1
8477424,2023-24,2024-03-19,2,1,20,2
8477424,2023-24,2024-03-23,2,1,22,0
8477424,2023-24,2024-03-26,2,1,35,4
8477424,2023-24,2024-03-28,2,1,27,6
8477424,2023-24,2024-04-02,2,1,31,2
8477424,2023-24,2024-04-04,2,1,47,3
8477424,2023-24,2024-04-07,2,1,25,2
8477424,2023-24,2024-04-09,2,1,22,4
8477424,2023-24,2024-04-13,2,1,35,4
8477424,2023-24,2024-04-15,2,1,38,4
8477424,2023-24,2024-04-21,3,1,20,3
8477424,2023-24,2024-04-23,3,1,18,1
8477424,2023-24,2024-04-26,3,1,12,2
8477424,2023-24,2024-04-28,3,1,21,4
8477424,2023-24,2024-04-30,3,1,20,1
8477424,2023-24,2024-05-03,3,1,29,1
8477424,2024-25,2024-10-12,2,1,21,2
8477424,2024-25,2024-10-15,2,1,34,6
8477424,2024-25,2024-10-17,2,1,35,3
8477424,2024-25,2024-10-19,2,1,22,3
8477424,2024-25,2024-10-22,2,1,33,0
8477424,2024-25,2024-10-25,2,1,29,2
8477424,2024-25,2024-10-28,2,1,27,3
8477424,2024-25,2024-10-31,2,1,29,5
8477424,2024-25,2024-11-02,2,1,31,2
8477424,2024-25,2024-11-04,2,1,26,2
8477424,2024-25,2024-11-06,2,1,36,3
8477424,2024-25,2024-11-09,2,1,27,0
8477424,2024-25,2024-11-11,2,1,32,3
8477424,2024-25,2024-11-15,2,1,32,1
8477424,2024-25,2024-11-17,2,1,27,3
8477424,2024-25,2024-11-20,2,1,36,2
8477424,2024-25,2024-11-23,2,1,24,1
8477424,2024-25,2024-11-25,2,1,30,4
8477424,2024-25,2024-11-27,2,1,23,3
8477424,2024-25,2024-11-29,2,1,28,3
8477424,2024-25,2024-11-30,2,1,28,3
8477424,2024-25,2024-12-04,2,1,28,3
8477424,2024-25,2024-12-07,2,1,30,3
8477424,2024-25,2024-12-10,2,1,28,4
8477424,2024-25,2024-12-14,2,1,31,3
8477424,2024-25,2024-12-17,2,1,25,0
8477424,2024-25,2024-12-19,2,1,20,5
8477424,2024-25,2024-12-23,2,1,27,2
8477424,2024-25,2024-12-27,2,1,16,5
8477424,2024-25,2024-12-30,2,1,28,3
8477424,2024-25,2025-01-03,2,1,27,0
8477424,2024-25,2025-01-07,2,1,29,4
8477424,2024-25,2025-01-11,2,1,15,3
8477424,2024-25,2025-01-16,2,1,26,2
8477424,2024-25,2025-01-18,2,1,29,2
8477424,2024-25,2025-01-21,2,1,8,4
8477424,2024-25,2025-01-25,2,1,35,5
8477424,2024-25,2025-01-29,2,1,21,2
8477424,2024-25,2025-02-01,2,1,35,2
8477424,2024-25,2025-02-03,2,1,38,4
8477424,2024-25,2025-02-07,2,1,30,6
8477424,2024-25,2025-02-22,2,1,32,1
8477424,2024-25,2025-02-25,2,1,25,4
8477424,2024-25,2025-02-27,2,1,23,1
8477424,2024-25,2025-03-01,2,1,35,6
8477424,2024-25,2025-03-04,2,1,21,3
8477424,2024-25,2025-03-06,2,1,25,3
8477424,2024-25,2025-03-11,2,1,27,2
8477424,2024-25,2025-03-14,2,1,15,2
8477424,2024-25,2025-03-18,2,1,21,4
8477424,2024-25,2025-03-22,2,1,26,2
8477424,2024-25,2025-03-25,2,1,35,1
8477424,2024-25,2025-03-27,2,1,21,3
8477424,2024-25,2025-04-01,2,1,26,7
8477424,2024-25,2025-04-06,2,1,17,2
8477424,2024-25,2025-04-10,2,1,42,3
8477424,2024-25,2025-04-14,2,1,35,6
8477424,2024-25,2025-04-16,2,1,30,1
8477424,2025-26,2025-10-09,2,1,39,1
8477424,2025-26,2025-10-11,2,1,23,3
8477424,2025-26,2025-10-13,2,1,32,1
8477424,2025-26,2025-10-16,2,1,30,3
8477424,2025-26,2025-10-18,2,1,24,4
8477424,2025-26,2025-10-21,2,1,32,5
8477424,2025-26,2025-10-23,2,1,22,1
8477424,2025-26,2025-10-25,2,1,40,4
8477424,2025-26,2025-10-28,2,1,31,4
8477424,2025-26,2025-10-30,2,1,17,3
8477424,2025-26,2025-11-01,2,1,35,2
8477424,2025-26,2025-11-03,2,1,36,5
8477424,2025-26,2025-11-06,2,1,25,2
8477424,2025-26,2025-11-10,2,1,12,5
8477424,2025-26,2025-11-14,2,1,17,1
8477424,2025-26,2025-11-16,2,1,21,3
8477424,2025-26,2025-11-22,2,1,24,1
8477424,2025-26,2025-11-24,2,1,16,5
8477424,2025-26,2025-11-28,2,1,27,3
8477424,2025-26,2025-12-02,2,1,28,1
8477424,2025-26,2025-12-04,2,1,31,1
8477424,2025-26,2025-12-06,2,1,38,6
8477424,2025-26,2025-12-09,2,1,42,3
8477424,2025-26,2025-12-11,2,1,26,2
8477424,2025-26,2025-12-15,2,1,22,2
8477424,2025-26,2025-12-17,2,1,36,3
8477424,2025-26,2025-12-20,2,1,22,3
8477424,2025-26,2025-12-23,2,1,32,2
8477424,2025-26,2025-12-27,2,1,20,3
8477424,2025-26,2025-12-29,2,1,31,3
8477424,2025-26,2026-01-01,2,1,22,3
8477424,2025-26,2026-01-03,2,1,23,3
8477424,2025-26,2026-01-06,2,1,43,6
8477424,2025-26,2026-01-08,2,1,31,1
8477424,2025-26,2026-01-10,2,1,20,2
8477424,2025-26,2026-01-13,2,1,31,3
8477424,2025-26,2026-01-16,2,1,43,3
8477424,2025-26,2026-01-20,2,1,19,4
8477424,2025-26,2026-01-22,2,1,26,3
8477424,2025-26,2026-01-24,2,1,30,4
8477424,2025-26,2026-01-27,2,1,28,3
8477424,2025-26,2026-01-31,2,1,30,3
8477424,2025-26,2026-02-02,2,1,21,5
8477424,2025-26,2026-02-04,2,1,43,6
8477424,2025-26,2026-02-28,2,1,25,3
8477424,2025-26,2026-03-02,2,1,30,3
8477424,2025-26,2026-03-05,2,1,23,3
8477424,2025-26,2026-03-07,2,1,24,3
8477424,2025-26,2026-03-10,2,1,45,2
8477424,2025-26,2026-03-12,2,1,27,3
8477424,2025-26,2026-03-17,2,1,39,3
8477424,2025-26,2026-03-22,2,1,29,2
8477424,2025-26,2026-03-24,2,1,30,3
8477424,2025-26,2026-03-28,2,1,32,4
8477424,2025-26,2026-04-02,2,1,33,4
8477424,2025-26,2026-04-04,2,1,27,3
8477424,2025-26,2026-04-06,2,1,28,2
8477424,2025-26,2026-04-09,2,1,27,4
8477424,2025-26,2026-04-16,2,1,40,5
8477465,2020-21,2021-01-13,2,1,27,6
8477465,2020-21,2021-01-15,2,1,6,3
8477465,2020-21,2021-01-22,2,1,34,3
8477465,2020-21,2021-01-24,2,1,26,2
8477465,2020-21,2021-01-26,2,1,36,3
8477465,2020-21,2021-01-28,2,1,20,4
8477465,2020-21,2021-02-06,2,1,26,4
8477465,2020-21,2021-02-14,2,1,31,3
8477465,2020-21,2021-02-16,2,1,42,3
8477465,2020-21,2021-02-18,2,1,32,1
8477465,2020-21,2021-02-20,2,1,35,2
8477465,2020-21,2021-02-23,2,1,22,2
8477465,2020-21,2021-02-25,2,1,33,3
8477465,2020-21,2021-02-27,2,1,27,3
8477465,2020-21,2021-03-02,2,1,42,2
8477465,2020-21,2021-03-04,2,1,35,4
8477465,2020-21,2021-03-06,2,1,22,3
8477465,2020-21,2021-03-09,2,1,35,2
8477465,2020-21,2021-03-11,2,1,23,2
8477465,2020-21,2021-03-15,2,1,43,1
8477465,2020-21,2021-03-18,2,1,35,3
8477465,2020-21,2021-03-21,2,1,35,2
8477465,2020-21,2021-03-24,2,1,28,2
8477465,2020-21,2021-03-27,2,1,32,3
8477465,2020-21,2021-03-29,2,1,5,0
8477465,2020-21,2021-04-06,2,1,11,4
8477465,2020-21,2021-04-08,2,1,24,2
8477465,2020-21,2021-04-11,2,1,30,2
8477465,2020-21,2021-04-15,2,1,27,1
8477465,2020-21,2021-04-17,2,1,30,2
8477465,2020-21,2021-04-20,2,1,30,6
8477465,2020-21,2021-04-22,2,1,31,1
8477465,2020-21,2021-04-25,2,1,30,0
8477465,2020-21,2021-04-27,2,1,31,3
8477465,2020-21,2021-04-29,2,1,37,4
8477465,2020-21,2021-05-01,2,1,24,0
8477465,2020-21,2021-05-03,2,0,7,2
8477465,2020-21,2021-05-04,2,1,33,3
8477465,2020-21,2021-05-06,2,1,23,4
8477465,2020-21,2021-05-16,3,1,41,4
8477465,2020-21,2021-05-18,3,1,38,1
8477465,2020-21,2021-05-20,3,1,30,4
8477465,2020-21,2021-05-22,3,1,26,4
8477465,2020-21,2021-05-24,3,1,28,3
8477465,2020-21,2021-05-26,3,1,24,5
8477465,2021-22,2021-10-12,2,1,28,2
8477465,2021-22,2021-10-16,2,1,20,2
8477465,2021-22,2021-10-19,2,1,29,1
8477465,2021-22,2021-10-23,2,1,29,1
8477465,2021-22,2021-10-26,2,1,29,3
8477465,2021-22,2021-10-30,2,1,40,4
8477465,2021-22,2021-11-04,2,1,38,2
8477465,2021-22,2021-11-06,2,1,40,4
8477465,2021-22,2021-11-09,2,1,32,2
8477465,2021-22,2021-11-11,2,1,38,2
8477465,2021-22,2021-11-14,2,1,32,6
8477465,2021-22,2021-11-16,2,1,19,2
8477465,2021-22,2021-11-18,2,1,24,0
8477465,2021-22,2021-11-20,2,1,26,0
8477465,2021-22,2021-11-22,2,1,31,1
8477465,2021-22,2021-11-24,2,1,37,1
8477465,2021-22,2021-11-26,2,1,25,0
8477465,2021-22,2021-11-29,2,1,32,1
8477465,2021-22,2021-12-01,2,1,21,4
8477465,2021-22,2021-12-04,2,1,23,1
8477465,2021-22,2021-12-10,2,1,31,2
8477465,2021-22,2021-12-14,2,1,30,2
8477465,2021-22,2021-12-17,2,1,21,2
8477465,2021-22,2021-12-19,2,1,19,2
8477465,2021-22,2022-01-05,2,0,13,0
8477465,2021-22,2022-01-06,2,1,20,2
8477465,2021-22,2022-01-08,2,1,32,3
8477465,2021-22,2022-01-11,2,1,26,1
8477465,2021-22,2022-01-13,2,1,45,6
8477465,2021-22,2022-01-17,2,1,26,3
8477465,2021-22,2022-01-20,2,1,43,4
8477465,2021-22,2022-01-21,2,0,15,0
8477465,2021-22,2022-01-23,2,1,29,2
8477465,2021-22,2022-01-25,2,1,16,3
8477465,2021-22,2022-01-27,2,1,29,2
8477465,2021-22,2022-01-30,2,1,38,4
8477465,2021-22,2022-02-01,2,1,32,4
8477465,2021-22,2022-02-08,2,1,45,2
8477465,2021-22,2022-02-13,2,1,30,2
8477465,2021-22,2022-02-17,2,1,29,4
8477465,2021-22,2022-02-20,2,1,30,4
8477465,2021-22,2022-02-24,2,1,19,5
8477465,2021-22,2022-02-26,2,1,27,0
8477465,2021-22,2022-03-03,2,1,21,1
8477465,2021-22,2022-03-08,2,1,29,4
8477465,2021-22,2022-03-11,2,1,42,2
8477465,2021-22,2022-03-13,2,1,43,2
8477465,2021-22,2022-03-17,2,1,25,2
8477465,2021-22,2022-03-19,2,1,21,1
8477465,2021-22,2022-03-22,2,1,27,1
8477465,2021-22,2022-03-25,2,1,30,5
8477465,2021-22,2022-03-27,2,1,35,2
8477465,2021-22,2022-03-29,2,1,26,3
8477465,2021-22,2022-04-02,2,1,38,3
8477465,2021-22,2022-04-05,2,1,31,5
8477465,2021-22,2022-04-07,2,1,23,2
8477465,2021-22,2022-04-09,2,1,43,4
8477465,2021-22,2022-04-14,2,1,39,3
8477465,2021-22,2022-05-15,3,1,30,4
8477465,2022-23,2022-10-13,2,1,28,2
8477465,2022-23,2022-10-15,2,1,36,2
8477465,2022-23,2022-10-20,2,1,40,1
8477465,2022-23,2022-10-22,2,1,32,3
8477465,2022-23,2022-10-24,2,1,47,6
8477465,2022-23,2022-10-28,2,1,28,4
8477465,2022-23,2022-11-01,2,1,40,6
8477465,2022-23,2022-11-05,2,1,28,3
8477465,2022-23,2022-11-12,2,1,42,5
8477465,2022-23,2022-11-17,2,1,23,4
8477465,2022-23,2022-11-19,2,1,32,0
8477465,2022-23,2022-11-23,2,1,34,1
8477465,2022-23,2022-11-25,2,1,30,1
8477465,2022-23,2022-11-29,2,1,39,3
8477465,2022-23,2022-12-01,2,1,37,3
8477465,2022-23,2022-12-03,2,1,28,2
8477465,2022-23,2022-12-06,2,1,39,1
8477465,2022-23,2022-12-09,2,1,31,3
8477465,2022-23,2022-12-12,2,1,27,1
8477465,2022-23,2022-12-15,2,1,34,2
8477465,2022-23,2022-12-20,2,1,28,2
8477465,2022-23,2022-12-22,2,1,36,4
8477465,2022-23,2022-12-27,2,1,42,5
8477465,2022-23,2022-12-30,2,1,27,3
8477465,2022-23,2023-01-02,2,1,8,0
8477465,2022-23,2023-01-20,2,1,45,1
8477465,2022-23,2023-01-22,2,1,25,2
8477465,2022-23,2023-02-20,2,1,31,3
8477465,2022-23,2023-02-23,2,1,29,6
8477465,2022-23,2023-02-25,2,1,27,2
8477465,2022-23,2023-02-28,2,1,25,1
8477465,2022-23,2023-03-02,2,1,31,4
8477465,2022-23,2023-03-07,2,1,12,4
8477465,2022-23,2023-03-09,2,1,28,4
8477465,2022-23,2023-03-12,2,1,29,2
8477465,2022-23,2023-03-14,2,1,7,4
8477465,2022-23,2023-03-16,2,1,34,3
8477465,2022-23,2023-03-18,2,1,17,4
8477465,2022-23,2023-03-20,2,1,21,2
8477465,2022-23,2023-03-22,2,1,30,2
8477465,2022-23,2023-03-30,2,1,28,0
8477465,2022-23,2023-04-01,2,1,35,4
8477465,2022-23,2023-04-04,2,1,37,5
8477465,2022-23,2023-04-06,2,1,28,1
8477465,2022-23,2023-04-08,2,1,20,1
8477465,2022-23,2023-04-11,2,1,25,3
8477465,2022-23,2023-04-13,2,1,34,3
8477465,2023-24,2023-10-10,2,1,35,3
8477465,2023-24,2023-10-13,2,1,19,0
8477465,2023-24,2023-10-18,2,1,27,4
8477465,2023-24,2023-10-21,2,1,21,4
8477465,2023-24,2023-10-26,2,1,31,0
8477465,2023-24,2023-10-28,2,1,9,3
8477465,2023-24,2023-10-30,2,1,27,4
8477465,2023-24,2023-11-04,2,1,26,2
8477465,2023-24,2023-11-07,2,1,20,0
8477465,2023-24,2023-11-11,2,1,35,0
8477465,2023-24,2023-11-14,2,1,30,3
8477465,2023-24,2023-11-16,2,1,31,5
8477465,2023-24,2023-11-18,2,1,33,3
8477465,2023-24,2023-11-22,2,1,36,1
8477465,2023-24,2023-11-25,2,1,33,2
8477465,2023-24,2023-11-28,2,1,25,3
8477465,2023-24,2023-11-30,2,1,41,2
8477465,2023-24,2023-12-02,2,1,33,3
8477465,2023-24,2023-12-06,2,1,27,3
8477465,2023-24,2023-12-08,2,1,32,2
8477465,2023-24,2023-12-12,2,1,21,2
8477465,2023-24,2023-12-16,2,1,14,4
8477465,2023-24,2023-12-27,2,1,22,0
8477465,2023-24,2023-12-30,2,1,27,2
8477465,2023-24,2024-01-02,2,1,7,3
8477465,2023-24,2024-01-06,2,1,32,3
8477465,2023-24,2024-01-11,2,0,20,1
8477465,2023-24,2024-01-13,2,1,35,3
8477465,2023-24,2024-01-15,2,1,22,0
8477465,2023-24,2024-01-20,2,1,29,3
8477465,2023-24,2024-01-22,2,1,26,4
8477465,2023-24,2024-01-27,2,1,27,2
8477465,2023-24,2024-02-06,2,1,23,0
8477465,2023-24,2024-02-10,2,1,31,2
8477465,2023-24,2024-02-14,2,1,23,5
8477465,2023-24,2024-02-18,2,1,34,2
8477465,2023-24,2024-02-22,2,1,31,1
8477465,2023-24,2024-02-25,2,1,21,6
8477465,2023-24,2024-02-27,2,1,35,3
8477465,2023-24,2024-02-29,2,1,28,2
8477465,2023-24,2024-03-02,2,1,20,4
8477465,2023-24,2024-03-05,2,1,35,3
8477465,2023-24,2024-03-07,2,1,22,4
8477465,2023-24,2024-03-10,2,1,42,4
8477465,2023-24,2024-03-12,2,1,39,2
8477465,2023-24,2024-03-14,2,1,32,3
8477465,2023-24,2024-03-16,2,1,23,6
8477465,2023-24,2024-03-19,2,1,38,5
8477465,2023-24,2024-03-22,2,1,20,4
8477465,2023-24,2024-03-24,2,0,5,1
8477465,2023-24,2024-04-13,2,0,14,2
8477465,2024-25,2024-10-09,2,1,40,6
8477465,2024-25,2024-10-14,2,1,28,3
8477465,2024-25,2024-10-16,2,1,5,3
8477465,2024-25,2024-11-15,2,1,38,5
8477465,2024-25,2024-11-19,2,1,35,3
8477465,2024-25,2024-11-22,2,1,29,3
8477465,2024-25,2024-11-27,2,1,29,4
8477465,2024-25,2024-11-29,2,1,31,1
8477465,2024-25,2024-12-03,2,1,41,4
8477465,2024-25,2024-12-07,2,1,27,2
8477465,2024-25,2024-12-10,2,1,26,5
8477465,2024-25,2024-12-12,2,1,23,2
8477465,2024-25,2024-12-14,2,1,31,3
8477465,2024-25,2024-12-19,2,1,26,4
8477465,2024-25,2024-12-21,2,1,26,2
8477465,2024-25,2024-12-23,2,1,27,3
8477465,2024-25,2024-12-28,2,1,33,5
8477465,2024-25,2025-01-03,2,1,33,2
8477465,2024-25,2025-01-07,2,1,29,3
8477465,2024-25,2025-01-11,2,0,5,0
8477465,2024-25,2025-01-12,2,1,17,3
8477465,2024-25,2025-01-14,2,1,17,3
8477465,2024-25,2025-03-09,2,1,30,1
8477465,2024-25,2025-03-11,2,1,37,2
8477465,2024-25,2025-03-13,2,1,35,3
8477465,2024-25,2025-03-15,2,1,27,3
8477465,2024-25,2025-03-18,2,1,37,3
8477465,2024-25,2025-03-23,2,1,31,3
8477465,2024-25,2025-03-25,2,1,7,4
8477465,2024-25,2025-03-27,2,1,12,4
8477465,2024-25,2025-03-30,2,1,31,0
8477465,2024-25,2025-04-03,2,1,19,5
8477465,2024-25,2025-04-05,2,1,24,3
8477465,2024-25,2025-04-08,2,1,26,0
8477465,2024-25,2025-04-11,2,1,28,2
8477465,2024-25,2025-04-13,2,1,31,3
8477465,2025-26,2025-10-09,2,1,37,3
8477465,2025-26,2025-10-14,2,1,22,4
8477465,2025-26,2025-10-18,2,1,31,0
8477465,2025-26,2025-10-23,2,1,37,3
8477465,2025-26,2025-10-27,2,1,28,3
8477465,2025-26,2025-10-30,2,1,27,1
8477465,2025-26,2025-11-03,2,1,20,4
8477465,2025-26,2025-11-26,2,1,31,2
8477465,2025-26,2025-11-28,2,1,29,3
8477465,2025-26,2025-11-29,2,0,13,3
8477465,2025-26,2025-12-01,2,1,29,1
8477465,2025-26,2025-12-04,2,1,40,3
8477465,2025-26,2025-12-07,2,1,23,2
8477465,2025-26,2025-12-11,2,1,29,4
8477465,2025-26,2025-12-13,2,1,28,3
8477465,2025-26,2025-12-16,2,1,30,4
8477465,2025-26,2025-12-18,2,1,13,1
8477465,2025-26,2026-01-13,2,1,27,4
8477465,2025-26,2026-01-17,2,1,31,0
8477465,2025-26,2026-01-20,2,1,17,2
8477465,2025-26,2026-01-22,2,1,23,6
8477465,2025-26,2026-01-24,2,0,15,2
8477465,2025-26,2026-01-26,2,1,41,4
8477465,2025-26,2026-01-31,2,1,20,5
8477465,2025-26,2026-02-04,2,1,25,4
8477465,2025-26,2026-02-25,2,1,25,5
8477465,2025-26,2026-03-06,2,1,31,5
8477465,2025-26,2026-03-10,2,0,12,1
8477465,2025-26,2026-03-12,2,1,27,7
8477465,2025-26,2026-03-24,2,1,18,2
8477465,2025-26,2026-04-02,2,1,18,1
8477465,2025-26,2026-04-07,2,1,31,6
8477465,2025-26,2026-04-08,2,0,4,0
8477465,2025-26,2026-04-26,3,1,38,4
8477480,2020-21,2021-01-31,2,1,33,3
8477480,2021-22,2021-10-28,2,1,32,2
8477480,2021-22,2021-11-02,2,1,27,3
8477480,2021-22,2021-11-05,2,1,18,1
8477480,2021-22,2021-11-06,2,1,31,2
8477480,2021-22,2021-11-19,2,1,29,3
8477480,2021-22,2021-11-26,2,0,24,3
8477480,2021-22,2021-12-10,2,1,36,3
8477480,2021-22,2022-01-29,2,1,29,1
8477480,2021-22,2022-02-17,2,1,23,3
8477480,2021-22,2022-02-27,2,1,29,3
8477480,2021-22,2022-03-10,2,1,34,1
8477480,2021-22,2022-03-25,2,1,36,3
8477480,2021-22,2022-03-31,2,1,37,6
8477480,2021-22,2022-04-15,2,0,17,2
8477480,2021-22,2022-04-16,2,0,5,0
8477480,2021-22,2022-04-19,2,1,33,2
8477480,2021-22,2022-04-21,2,1,45,3
8477480,2021-22,2022-04-27,2,1,35,0
8477480,2021-22,2022-05-01,2,1,30,3
8477480,2022-23,2022-10-15,2,1,37,4
8477480,2022-23,2022-10-18,2,1,48,2
8477480,2022-23,2022-10-20,2,1,43,3
8477480,2022-23,2022-10-25,2,1,24,5
8477480,2022-23,2022-10-27,2,1,34,3
8477480,2022-23,2022-10-31,2,1,18,3
8477480,2022-23,2022-11-02,2,1,21,3
8477480,2022-23,2022-11-05,2,1,29,4
8477480,2022-23,2022-11-08,2,1,23,3
8477480,2022-23,2022-11-10,2,1,35,6
8477480,2022-23,2022-11-16,2,1,24,2
8477480,2022-23,2023-01-10,2,1,22,4
8477480,2022-23,2023-01-26,2,1,21,2
8477480,2022-23,2023-02-15,2,1,22,3
8477480,2022-23,2023-02-23,2,1,41,5
8477480,2022-23,2023-03-04,2,1,36,3
8477480,2022-23,2023-03-09,2,1,49,10
8477480,2022-23,2023-03-25,2,1,26,0
8477480,2022-23,2023-03-27,2,1,41,3
8477480,2023-24,2023-10-21,2,1,25,1
8477480,2023-24,2023-10-23,2,1,27,3
8477480,2023-24,2023-10-27,2,1,18,2
8477480,2023-24,2023-11-17,2,1,18,3
8477480,2023-24,2023-11-25,2,1,17,4
8477480,2023-24,2023-12-02,2,1,37,6
8477480,2023-24,2023-12-05,2,1,26,4
8477480,2023-24,2024-02-15,2,1,29,3
8477480,2023-24,2024-03-07,2,1,24,4
8477480,2023-24,2024-04-15,2,1,33,2
8477480,2024-25,2024-10-20,2,1,42,3
8477480,2024-25,2024-10-26,2,1,29,3
8477480,2024-25,2024-11-01,2,1,22,2
8477480,2024-25,2024-11-14,2,1,28,3
8477480,2024-25,2024-11-23,2,1,35,3
8477480,2024-25,2024-11-29,2,1,30,4
8477480,2024-25,2024-12-08,2,1,27,3
8477480,2024-25,2024-12-18,2,1,31,3
8477480,2024-25,2024-12-31,2,1,36,3
8477480,2024-25,2025-01-10,2,1,23,2
8477480,2024-25,2025-01-18,2,1,21,2
8477480,2024-25,2025-01-26,2,1,22,2
8477480,2024-25,2025-02-04,2,1,29,0
8477480,2024-25,2025-02-22,2,1,24,3
8477480,2024-25,2025-02-27,2,1,31,2
8477480,2024-25,2025-03-06,2,1,22,1
8477480,2024-25,2025-03-16,2,1,15,1
8477480,2024-25,2025-03-23,2,1,16,4
8477480,2024-25,2025-04-03,2,1,26,0
8477480,2024-25,2025-04-13,2,1,38,3
8477480,2024-25,2025-04-24,3,0,3,1
8477480,2024-25,2025-04-27,3,0,6,0
8477480,2024-25,2025-05-02,3,0,4,0
8477480,2025-26,2025-10-13,2,1,35,2
8477480,2025-26,2025-10-24,2,1,33,3
8477480,2025-26,2025-11-01,2,1,30,2
8477480,2025-26,2025-11-09,2,1,21,4
8477480,2025-26,2025-11-18,2,1,22,2
8477480,2025-26,2025-11-21,2,1,28,4
8477480,2025-26,2025-11-23,2,1,30,3
8477480,2025-26,2025-11-26,2,1,35,4
8477480,2025-26,2025-11-29,2,1,23,2
8477480,2025-26,2025-12-01,2,1,14,3
8477480,2025-26,2025-12-03,2,1,31,2
8477480,2025-26,2025-12-05,2,1,35,1
8477480,2025-26,2025-12-06,2,1,16,4
8477480,2025-26,2025-12-09,2,1,19,4
8477480,2025-26,2025-12-11,2,1,23,5
8477480,2025-26,2026-01-01,2,1,30,6
8477480,2025-26,2026-01-09,2,1,24,1
8477480,2025-26,2026-01-20,2,1,23,1
8477480,2025-26,2026-01-31,2,1,28,1
8477480,2025-26,2026-02-25,2,1,23,2
8477480,2025-26,2026-03-15,2,1,31,2
8477480,2025-26,2026-03-22,2,1,29,2
8477480,2025-26,2026-04-11,2,0,3,2
8477480,2025-26,2026-04-14,2,1,35,4
8477480,2025-26,2026-04-16,2,1,33,6
8477484,2021-22,2022-01-21,2,1,34,1
8477484,2021-22,2022-01-25,2,1,50,3
8477484,2021-22,2022-01-27,2,1,34,1
8477484,2021-22,2022-04-26,2,1,32,2
8477484,2021-22,2022-04-28,2,1,35,2
8477484,2021-22,2022-04-29,2,1,33,2
8477484,2022-23,2022-10-18,2,1,33,4
8477484,2022-23,2022-10-28,2,1,35,1
8477484,2022-23,2022-11-03,2,1,31,5
8477484,2022-23,2022-11-08,2,1,41,4
8477484,2022-23,2022-11-12,2,1,34,3
8477484,2022-23,2022-11-15,2,1,32,4
8477484,2022-23,2022-11-23,2,1,36,3
8477484,2022-23,2022-11-26,2,1,27,1
8477484,2022-23,2022-11-29,2,1,27,4
8477484,2022-23,2022-12-01,2,0,14,2
8477484,2022-23,2022-12-03,2,1,23,2
8477484,2022-23,2022-12-05,2,1,9,4
8477484,2022-23,2022-12-07,2,1,39,5
8477484,2022-23,2022-12-10,2,1,33,3
8477484,2022-23,2022-12-14,2,1,38,3
8477484,2022-23,2022-12-17,2,1,27,5
8477484,2022-23,2022-12-19,2,1,27,5
8477484,2022-23,2022-12-22,2,1,36,5
8477484,2022-23,2022-12-27,2,1,26,2
8477484,2022-23,2022-12-31,2,1,30,3
8477484,2022-23,2023-01-03,2,1,28,5
8477484,2022-23,2023-01-08,2,0,14,3
8477484,2022-23,2023-01-10,2,1,36,5
8477484,2022-23,2023-01-14,2,1,35,4
8477484,2022-23,2023-01-18,2,1,10,4
8477484,2022-23,2023-01-21,2,1,28,3
8477484,2022-23,2023-01-25,2,1,35,6
8477484,2022-23,2023-02-08,2,1,21,4
8477484,2022-23,2023-02-11,2,1,25,5
8477484,2023-24,2023-10-14,2,0,17,2
8477484,2023-24,2023-10-16,2,1,28,4
8477484,2023-24,2023-10-20,2,1,37,1
8477484,2023-24,2023-10-28,2,1,34,2
8477484,2023-24,2023-11-06,2,0,36,2
8477484,2023-24,2023-11-09,2,1,30,4
8477484,2023-24,2023-11-11,2,1,28,5
8477484,2023-24,2023-11-19,2,1,26,4
8477484,2023-24,2023-11-27,2,1,33,2
8477484,2023-24,2023-12-03,2,1,28,3
8477484,2023-24,2023-12-07,2,1,36,7
8477484,2023-24,2023-12-29,2,0,19,3
8477484,2023-24,2024-01-02,2,1,27,4
8477484,2023-24,2024-01-24,2,1,28,2
8477484,2023-24,2024-02-17,2,1,30,1
8477484,2023-24,2024-02-19,2,1,17,3
8477484,2023-24,2024-02-25,2,1,32,2
8477484,2023-24,2024-02-29,2,1,22,2
8477484,2023-24,2024-04-16,2,1,25,6
8477484,2024-25,2024-11-09,2,1,28,5
8477484,2024-25,2024-11-13,2,0,3,1
8477484,2024-25,2024-11-16,2,1,24,0
8477484,2024-25,2024-11-21,2,1,21,4
8477484,2024-25,2024-11-23,2,0,1,0
8477484,2024-25,2024-11-25,2,1,19,4
8477484,2024-25,2024-11-27,2,1,22,3
8477484,2024-25,2024-11-29,2,1,29,5
8477484,2024-25,2024-11-30,2,1,28,5
8477831,2021-22,2022-02-02,2,0,22,1
8477831,2021-22,2022-02-08,2,1,19,4
8477831,2022-23,2022-12-06,2,1,33,2
8477831,2022-23,2022-12-10,2,1,22,2
8477831,2022-23,2022-12-13,2,1,31,6
8477831,2022-23,2022-12-15,2,1,35,2
8477831,2022-23,2022-12-17,2,1,25,2
8477831,2022-23,2022-12-20,2,1,25,1
8477831,2022-23,2022-12-22,2,1,30,3
8477831,2022-23,2022-12-27,2,1,25,2
8477831,2022-23,2022-12-29,2,1,27,4
8477831,2022-23,2023-01-03,2,1,30,2
8477831,2022-23,2023-01-05,2,1,21,4
8477831,2022-23,2023-01-07,2,1,20,1
8477831,2022-23,2023-01-09,2,1,31,3
8477831,2022-23,2023-01-11,2,1,30,3
8477831,2022-23,2023-01-19,2,1,17,4
8477831,2022-23,2023-01-21,2,1,3,2
8477831,2022-23,2023-01-22,2,1,19,1
8477831,2022-23,2023-01-24,2,1,31,3
8477831,2022-23,2023-01-27,2,1,48,3
8477831,2022-23,2023-01-31,2,1,30,5
8477831,2022-23,2023-02-11,2,1,25,0
8477831,2022-23,2023-02-13,2,1,29,2
8477831,2022-23,2023-02-17,2,1,17,1
8477831,2022-23,2023-02-21,2,1,20,2
8477831,2022-23,2023-02-23,2,1,32,4
8477831,2022-23,2023-02-26,2,0,14,2
8477831,2022-23,2023-02-28,2,1,31,5
8477831,2022-23,2023-03-02,2,1,21,2
8477831,2022-23,2023-03-06,2,1,22,2
8477831,2022-23,2023-03-11,2,1,30,1
8477831,2022-23,2023-03-16,2,1,30,1
8477831,2022-23,2023-03-20,2,1,18,2
8477831,2022-23,2023-03-26,2,1,22,6
8477831,2022-23,2023-04-01,2,1,26,1
8477831,2022-23,2023-04-04,2,1,32,2
8477831,2022-23,2023-04-06,2,0,22,0
8477831,2022-23,2023-04-08,2,1,23,4
8477831,2022-23,2023-04-25,3,0,8,2
8477831,2023-24,2023-10-14,2,1,19,5
8477831,2023-24,2023-10-24,2,1,27,3
8477831,2023-24,2023-10-27,2,1,6,3
8477831,2023-24,2023-11-09,2,1,20,4
8477831,2023-24,2023-11-20,2,1,31,1
8477831,2023-24,2023-11-25,2,1,18,0
8477831,2023-24,2023-12-05,2,1,29,3
8477831,2023-24,2023-12-10,2,1,27,4
8477967,2020-21,2021-01-14,2,1,46,5
8477967,2020-21,2021-01-18,2,1,31,4
8477967,2020-21,2021-01-21,2,1,42,7
8477967,2020-21,2021-01-25,2,1,36,1
8477967,2020-21,2021-01-27,2,1,43,1
8477967,2020-21,2021-01-30,2,1,24,1
8477967,2020-21,2021-02-02,2,1,32,4
8477967,2020-21,2021-02-04,2,1,37,7
8477967,2020-21,2021-02-11,2,1,26,3
8477967,2020-21,2021-02-13,2,1,19,1
8477967,2020-21,2021-02-15,2,1,27,4
8477967,2020-21,2021-02-19,2,1,30,1
8477967,2020-21,2021-02-23,2,1,29,4
8477967,2020-21,2021-02-25,2,1,33,2
8477967,2020-21,2021-03-01,2,1,27,0
8477967,2020-21,2021-03-04,2,1,32,1
8477967,2020-21,2021-03-06,2,1,39,2
8477967,2020-21,2021-03-08,2,1,30,1
8477967,2020-21,2021-03-10,2,1,45,5
8477967,2020-21,2021-03-13,2,1,35,1
8477967,2020-21,2021-03-15,2,1,46,2
8477967,2020-21,2021-03-17,2,1,32,2
8477967,2020-21,2021-03-19,2,1,31,2
8477967,2020-21,2021-03-22,2,1,29,4
8477967,2020-21,2021-03-24,2,1,35,4
8477967,2020-21,2021-04-22,2,1,24,2
8477967,2020-21,2021-04-28,2,1,32,5
8477967,2020-21,2021-05-01,2,1,29,4
8477967,2020-21,2021-05-04,2,1,27,4
8477967,2020-21,2021-05-06,2,1,42,3
8477967,2020-21,2021-05-08,2,1,34,4
8477967,2020-21,2021-05-10,2,1,40,1
8477967,2020-21,2021-05-13,2,1,28,4
8477967,2020-21,2021-05-15,2,1,32,1
8477967,2020-21,2021-05-18,2,1,40,2
8477967,2021-22,2021-10-13,2,1,34,2
8477967,2021-22,2021-10-15,2,1,35,4
8477967,2021-22,2021-10-19,2,1,42,4
8477967,2021-22,2021-10-21,2,1,30,1
8477967,2021-22,2021-10-23,2,1,31,2
8477967,2021-22,2021-10-26,2,1,30,3
8477967,2021-22,2021-10-30,2,1,34,2
8477967,2021-22,2021-11-02,2,1,25,2
8477967,2021-22,2021-11-05,2,1,28,3
8477967,2021-22,2021-11-07,2,1,28,3
8477967,2021-22,2021-11-11,2,1,26,6
8477967,2021-22,2021-11-13,2,1,39,7
8477967,2021-22,2021-11-17,2,1,29,3
8477967,2021-22,2021-11-19,2,1,39,2
8477967,2021-22,2021-11-21,2,1,24,1
8477967,2021-22,2021-11-24,2,1,36,3
8477967,2021-22,2021-11-26,2,1,20,3
8477967,2021-22,2021-11-29,2,1,34,1
8477967,2021-22,2021-12-01,2,1,21,2
8477967,2021-22,2021-12-04,2,1,44,4
8477967,2021-22,2021-12-06,2,1,31,0
8477967,2021-22,2021-12-08,2,1,36,1
8477967,2021-22,2021-12-10,2,1,37,3
8477967,2021-22,2021-12-12,2,1,29,1
8477967,2021-22,2021-12-16,2,1,36,2
8477967,2021-22,2021-12-29,2,1,23,1
8477967,2021-22,2022-01-01,2,1,32,2
8477967,2021-22,2022-01-11,2,1,26,5
8477967,2021-22,2022-01-13,2,1,20,3
8477967,2021-22,2022-01-15,2,1,33,4
8477967,2021-22,2022-01-16,2,1,33,2
8477967,2021-22,2022-01-18,2,1,32,1
8477967,2021-22,2022-01-29,2,1,32,1
8477967,2021-22,2022-02-01,2,1,28,4
8477967,2021-22,2022-02-08,2,1,36,1
8477967,2021-22,2022-02-09,2,0,15,1
8477967,2021-22,2022-02-12,2,1,53,2
8477967,2021-22,2022-02-17,2,1,28,4
8477967,2021-22,2022-02-19,2,1,14,5
8477967,2021-22,2022-02-21,2,1,27,2
8477967,2021-22,2022-02-24,2,1,30,1
8477967,2021-22,2022-02-27,2,1,33,2
8477967,2021-22,2022-02-28,2,0,19,1
8477967,2021-22,2022-03-03,2,1,27,3
8477967,2021-22,2022-03-05,2,1,38,4
8477967,2021-22,2022-03-09,2,1,25,3
8477967,2021-22,2022-03-11,2,1,34,4
8477967,2021-22,2022-03-13,2,1,31,2
8477967,2021-22,2022-03-15,2,1,35,3
8477967,2021-22,2022-03-17,2,1,35,1
8477967,2021-22,2022-03-19,2,1,29,4
8477967,2021-22,2022-03-20,2,1,29,3
8477967,2021-22,2022-03-24,2,1,36,3
8477967,2021-22,2022-03-26,2,1,36,1
8477967,2021-22,2022-03-30,2,1,24,4
8477967,2021-22,2022-04-03,2,1,30,3
8477967,2021-22,2022-04-06,2,1,34,1
8477967,2021-22,2022-04-09,2,1,37,2
8477967,2021-22,2022-04-12,2,1,45,4
8477967,2021-22,2022-04-14,2,1,22,1
8477967,2021-22,2022-04-18,2,1,30,2
8477967,2021-22,2022-04-19,2,0,17,3
8477967,2021-22,2022-04-21,2,1,31,5
8477967,2021-22,2022-04-23,2,1,30,5
8477967,2022-23,2022-10-12,2,1,24,4
8477967,2022-23,2022-10-15,2,1,31,3
8477967,2022-23,2022-10-17,2,1,30,6
8477967,2022-23,2022-10-20,2,1,37,4
8477967,2022-23,2022-10-22,2,1,26,4
8477967,2022-23,2022-10-24,2,1,39,3
8477967,2022-23,2022-10-27,2,1,36,4
8477967,2022-23,2022-11-01,2,1,36,4
8477967,2022-23,2022-11-05,2,1,30,3
8477967,2022-23,2022-11-09,2,1,29,5
8477967,2022-23,2022-11-13,2,1,32,4
8477967,2022-23,2022-11-18,2,1,38,1
8477967,2022-23,2022-11-21,2,1,38,5
8477967,2022-23,2022-11-27,2,1,35,3
8477967,2022-23,2022-12-01,2,1,18,3
8477967,2022-23,2023-02-27,2,1,38,4
8477967,2022-23,2023-03-02,2,1,36,2
8477967,2022-23,2023-03-04,2,1,37,1
8477967,2022-23,2023-03-08,2,1,22,2
8477967,2022-23,2023-03-11,2,1,20,2
8477967,2022-23,2023-03-14,2,1,27,2
8477967,2022-23,2023-03-16,2,1,27,3
8477967,2022-23,2023-03-18,2,1,40,2
8477967,2022-23,2023-03-21,2,1,27,4
8477967,2022-23,2023-03-23,2,1,19,2
8477967,2022-23,2023-03-25,2,1,26,1
8477967,2022-23,2023-03-28,2,1,31,6
8477967,2022-23,2023-03-31,2,1,41,5
8477967,2022-23,2023-04-02,2,1,24,3
8477967,2022-23,2023-04-06,2,1,33,0
8477967,2022-23,2023-04-08,2,1,43,2
8477967,2022-23,2023-04-11,2,1,35,2
8477967,2023-24,2023-10-11,2,1,22,1
8477967,2023-24,2023-10-17,2,1,42,2
8477967,2023-24,2023-10-19,2,1,36,4
8477967,2023-24,2023-10-24,2,1,18,2
8477967,2023-24,2023-10-27,2,1,22,0
8477967,2023-24,2023-10-31,2,1,29,2
8477967,2023-24,2023-11-02,2,1,31,1
8477967,2023-24,2023-11-04,2,1,27,0
8477967,2023-24,2023-11-06,2,1,43,2
8477967,2023-24,2023-11-11,2,1,22,5
8477967,2023-24,2023-11-15,2,1,33,3
8477967,2023-24,2023-11-18,2,1,26,4
8477967,2023-24,2023-11-20,2,1,28,1
8477967,2023-24,2023-11-22,2,1,24,4
8477967,2023-24,2023-11-24,2,1,24,1
8477967,2023-24,2023-11-28,2,1,31,1
8477967,2023-24,2023-11-30,2,1,44,4
8477967,2023-24,2023-12-02,2,1,24,3
8477967,2023-24,2023-12-05,2,1,32,6
8477967,2023-24,2023-12-09,2,1,24,3
8477967,2023-24,2023-12-12,2,1,29,1
8477967,2023-24,2023-12-14,2,1,36,0
8477967,2023-24,2023-12-17,2,1,28,3
8477967,2023-24,2023-12-21,2,1,36,4
8477967,2023-24,2023-12-23,2,1,25,4
8477967,2023-24,2024-01-02,2,1,38,3
8477967,2023-24,2024-01-04,2,1,32,2
8477967,2023-24,2024-01-06,2,1,25,4
8477967,2023-24,2024-01-08,2,1,42,3
8477967,2023-24,2024-01-11,2,1,35,3
8477967,2023-24,2024-01-13,2,1,26,0
8477967,2023-24,2024-01-18,2,1,21,1
8477967,2023-24,2024-01-20,2,1,46,4
8477967,2023-24,2024-01-22,2,1,31,0
8477967,2023-24,2024-01-27,2,1,29,4
8477967,2023-24,2024-02-06,2,1,24,2
8477967,2023-24,2024-02-08,2,1,24,4
8477967,2023-24,2024-02-11,2,1,33,2
8477967,2023-24,2024-02-13,2,1,24,2
8477967,2023-24,2024-02-15,2,1,28,1
8477967,2023-24,2024-02-17,2,1,28,4
8477967,2023-24,2024-02-20,2,1,26,2
8477967,2023-24,2024-02-22,2,1,30,4
8477967,2023-24,2024-02-24,2,1,25,2
8477967,2023-24,2024-02-27,2,1,40,4
8477967,2023-24,2024-02-29,2,1,20,5
8477967,2023-24,2024-03-05,2,1,24,1
8477967,2023-24,2024-03-07,2,1,28,1
8477967,2023-24,2024-03-09,2,1,12,0
8477967,2023-24,2024-04-16,2,1,40,1
8477967,2023-24,2024-04-18,2,1,25,3
8477967,2023-24,2024-04-21,3,1,24,2
8477967,2024-25,2024-12-10,2,1,25,4
8477967,2024-25,2024-12-14,2,1,28,5
8477967,2024-25,2024-12-16,2,1,31,1
8477967,2024-25,2024-12-18,2,1,31,3
8477967,2024-25,2024-12-23,2,1,29,3
8477967,2024-25,2024-12-28,2,1,29,5
8477967,2024-25,2025-01-02,2,1,12,1
8477967,2024-25,2025-01-10,2,1,20,2
8477967,2024-25,2025-01-16,2,1,21,5
8477967,2024-25,2025-01-18,2,1,15,2
8477967,2024-25,2025-01-21,2,1,26,3
8477967,2024-25,2025-01-23,2,1,34,6
8477967,2024-25,2025-01-29,2,1,32,1
8477967,2024-25,2025-01-31,2,1,14,3
8477967,2024-25,2025-02-04,2,1,25,0
8477967,2024-25,2025-02-06,2,1,34,1
8477967,2024-25,2025-02-08,2,1,6,0
8477967,2024-25,2025-03-24,2,1,25,3
8477967,2024-25,2025-03-26,2,1,28,2
8477967,2024-25,2025-03-30,2,1,27,3
8477967,2024-25,2025-04-02,2,1,18,4
8477967,2024-25,2025-04-05,2,1,32,2
8477967,2024-25,2025-04-08,2,1,27,4
8477967,2025-26,2025-10-09,2,1,18,1
8477967,2025-26,2025-10-11,2,1,36,2
8477967,2025-26,2025-10-16,2,1,31,3
8477967,2025-26,2025-10-19,2,1,31,3
8477967,2025-26,2025-10-23,2,1,35,2
8477967,2025-26,2025-10-26,2,1,29,3
8477967,2025-26,2025-10-28,2,1,24,1
8477967,2025-26,2025-11-01,2,1,27,4
8477967,2025-26,2025-11-03,2,1,29,4
8477967,2025-26,2025-11-11,2,1,8,3
8477967,2025-26,2025-12-11,2,1,15,3
8477967,2025-26,2025-12-14,2,1,26,1
8477967,2025-26,2025-12-16,2,1,23,0
8477967,2025-26,2025-12-19,2,1,24,1
8477967,2025-26,2025-12-22,2,1,38,4
8477967,2025-26,2025-12-27,2,1,36,5
8477967,2025-26,2025-12-30,2,1,31,4
8477967,2025-26,2026-01-02,2,1,28,3
8477967,2025-26,2026-01-06,2,1,19,4
8477967,2025-26,2026-01-10,2,1,6,3
8477968,2020-21,2021-02-08,2,1,22,3
8477968,2020-21,2021-02-13,2,1,29,3
8477968,2020-21,2021-02-17,2,1,37,4
8477968,2020-21,2021-02-20,2,1,24,0
8477968,2020-21,2021-02-24,2,1,27,2
8477968,2020-21,2021-03-01,2,1,46,2
8477968,2020-21,2021-03-04,2,1,35,2
8477968,2020-21,2021-03-09,2,1,23,2
8477968,2020-21,2021-03-14,2,1,26,1
8477968,2020-21,2021-03-18,2,1,28,3
8477968,2020-21,2021-03-22,2,1,19,0
8477968,2020-21,2021-03-25,2,1,36,3
8477968,2020-21,2021-03-30,2,1,16,2
8477968,2020-21,2021-04-03,2,1,25,3
8477968,2020-21,2021-04-08,2,1,24,0
8477968,2020-21,2021-04-17,2,1,28,1
8477968,2020-21,2021-04-20,2,1,27,1
8477968,2020-21,2021-04-22,2,1,34,2
8477968,2020-21,2021-04-24,2,1,36,4
8477968,2020-21,2021-04-27,2,1,28,1
8477968,2020-21,2021-05-01,2,1,32,1
8477968,2020-21,2021-05-03,2,1,17,2
8477968,2020-21,2021-05-08,2,1,29,2
8477968,2020-21,2021-05-17,3,1,24,2
8477968,2020-21,2021-05-19,3,1,32,0
8477968,2020-21,2021-05-21,3,1,54,5
8477968,2020-21,2021-05-23,3,1,43,4
8477968,2020-21,2021-05-25,3,1,25,2
8477968,2020-21,2021-05-27,3,1,27,3
8477968,2020-21,2021-05-30,3,1,30,2
8477968,2020-21,2021-06-01,3,1,15,2
8477968,2020-21,2021-06-08,3,1,25,2
8477968,2021-22,2021-10-14,2,1,48,7
8477968,2021-22,2021-10-21,2,1,28,2
8477968,2021-22,2021-10-23,2,0,6,0
8477968,2021-22,2021-10-24,2,1,35,3
8477968,2021-22,2021-10-29,2,1,33,3
8477968,2021-22,2021-11-02,2,1,40,2
8477968,2021-22,2021-11-06,2,1,32,3
8477968,2021-22,2021-11-09,2,1,33,2
8477968,2021-22,2021-11-13,2,1,37,2
8477968,2021-22,2021-11-16,2,1,29,4
8477968,2021-22,2021-11-18,2,0,10,1
8477968,2021-22,2021-11-20,2,1,29,2
8477968,2021-22,2021-11-24,2,1,37,2
8477968,2021-22,2021-11-27,2,1,28,2
8477968,2021-22,2021-11-30,2,1,42,1
8477968,2021-22,2021-12-04,2,1,23,3
8477968,2021-22,2021-12-07,2,1,32,4
8477968,2021-22,2021-12-09,2,1,18,3
8477968,2021-22,2021-12-10,2,0,39,3
8477968,2021-22,2021-12-14,2,1,34,1
8477968,2021-22,2021-12-16,2,1,32,4
8477968,2021-22,2022-01-02,2,1,37,5
8477968,2021-22,2022-01-04,2,1,26,2
8477968,2021-22,2022-01-08,2,1,41,3
8477968,2021-22,2022-01-11,2,1,40,3
8477968,2021-22,2022-01-13,2,1,31,2
8477968,2021-22,2022-01-15,2,1,22,0
8477968,2021-22,2022-01-17,2,1,28,2
8477968,2021-22,2022-01-21,2,1,32,5
8477968,2021-22,2022-01-22,2,1,24,3
8477968,2021-22,2022-01-26,2,1,16,4
8477968,2021-22,2022-01-29,2,1,35,5
8477968,2021-22,2022-01-31,2,1,15,1
8477968,2021-22,2022-02-02,2,1,43,3
8477968,2021-22,2022-02-09,2,1,24,3
8477968,2021-22,2022-02-14,2,1,24,6
8477968,2021-22,2022-02-26,2,1,25,6
8477968,2021-22,2022-03-01,2,1,30,3
8477968,2021-22,2022-03-04,2,1,37,2
8477968,2021-22,2022-03-05,2,0,16,1
8477968,2021-22,2022-03-08,2,1,27,7
8477968,2021-22,2022-03-10,2,1,40,5
8477968,2021-22,2022-03-15,2,0,25,3
8477968,2021-22,2022-03-17,2,1,43,0
8477968,2021-22,2022-03-19,2,1,41,3
8477968,2021-22,2022-03-22,2,1,33,3
8477968,2021-22,2022-03-24,2,0,10,2
8477968,2021-22,2022-03-26,2,1,36,2
8477968,2021-22,2022-03-27,2,1,22,7
8477968,2021-22,2022-03-30,2,1,34,5
8477968,2021-22,2022-04-01,2,1,31,4
8477968,2021-22,2022-04-05,2,1,50,3
8477968,2021-22,2022-04-09,2,1,33,5
8477968,2021-22,2022-04-14,2,1,46,0
8477968,2021-22,2022-04-17,2,1,39,6
8477968,2021-22,2022-04-21,2,1,27,5
8477968,2021-22,2022-04-23,2,0,15,2
8477968,2021-22,2022-04-24,2,1,17,0
8477968,2021-22,2022-04-26,2,1,36,3
8477968,2022-23,2022-10-15,2,1,39,2
8477968,2022-23,2022-10-21,2,1,29,4
8477968,2022-23,2022-10-25,2,1,41,6
8477968,2022-23,2022-10-31,2,1,46,8
8477968,2022-23,2022-11-06,2,1,29,2
8477968,2022-23,2022-11-12,2,1,21,4
8477968,2022-23,2022-11-28,2,0,12,0
8477968,2022-23,2022-11-30,2,1,34,4
8477968,2022-23,2022-12-08,2,1,41,5
8477968,2022-23,2023-03-23,2,0,9,1
8477968,2022-23,2023-03-25,2,1,21,2
8477968,2022-23,2023-03-28,2,1,39,4
8477968,2022-23,2023-03-30,2,1,33,2
8477968,2022-23,2023-04-02,2,1,45,2
8477968,2022-23,2023-04-11,2,1,27,3
8477968,2023-24,2023-10-14,2,1,36,2
8477968,2023-24,2023-10-24,2,1,34,4
8477968,2023-24,2023-11-19,2,1,38,0
8477968,2023-24,2023-11-24,2,1,34,3
8477968,2023-24,2023-12-04,2,1,33,2
8477968,2023-24,2023-12-13,2,1,42,3
8477968,2023-24,2023-12-16,2,0,21,3
8477968,2023-24,2023-12-18,2,1,27,3
8477968,2023-24,2023-12-21,2,1,24,1
8477968,2023-24,2023-12-23,2,1,26,5
8477968,2023-24,2023-12-31,2,1,38,1
8477968,2023-24,2024-01-02,2,0,15,1
8477968,2023-24,2024-01-04,2,1,29,5
8477968,2023-24,2024-01-08,2,1,37,1
8477968,2023-24,2024-01-11,2,1,9,3
8477968,2023-24,2024-01-26,2,1,31,2
8477968,2023-24,2024-02-09,2,1,30,3
8477968,2023-24,2024-02-15,2,1,28,1
8477968,2023-24,2024-02-20,2,1,33,5
8477968,2023-24,2024-03-03,2,1,37,6
8477968,2023-24,2024-03-07,2,0,7,2
8477968,2023-24,2024-03-09,2,1,23,5
8477968,2023-24,2024-03-16,2,0,4,0
8477968,2023-24,2024-03-17,2,1,28,3
8477968,2023-24,2024-03-22,2,0,3,0
8477968,2023-24,2024-03-24,2,1,25,4
8477968,2023-24,2024-03-26,2,1,39,1
8477968,2023-24,2024-03-28,2,1,19,2
8477968,2023-24,2024-03-30,2,1,37,3
8477968,2023-24,2024-04-01,2,1,30,2
8477968,2023-24,2024-04-02,2,1,26,3
8477968,2023-24,2024-04-04,2,1,31,1
8477968,2023-24,2024-04-06,2,1,34,4
8477968,2023-24,2024-04-08,2,1,23,3
8477968,2023-24,2024-04-11,2,1,30,5
8477968,2023-24,2024-04-13,2,1,16,3
8477968,2023-24,2024-04-15,2,1,30,2
8477968,2023-24,2024-04-17,2,1,32,5
8477968,2024-25,2024-10-20,2,1,36,5
8477968,2024-25,2024-10-22,2,1,25,3
8477968,2024-25,2024-10-26,2,1,34,4
8477968,2024-25,2024-10-31,2,1,23,1
8477968,2024-25,2024-11-02,2,1,26,1
8477968,2024-25,2024-11-05,2,1,26,3
8477968,2024-25,2024-11-07,2,1,18,5
8477968,2024-25,2024-11-11,2,0,32,4
8477968,2024-25,2024-11-13,2,1,31,3
8477968,2024-25,2024-11-16,2,1,29,3
8477968,2024-25,2024-11-23,2,1,30,6
8477968,2024-25,2024-11-30,2,1,32,2
8477968,2024-25,2024-12-06,2,1,32,4
8477968,2024-25,2024-12-17,2,1,31,2
8477968,2024-25,2024-12-29,2,1,31,2
8477968,2024-25,2024-12-31,2,1,24,3
8477968,2024-25,2025-01-05,2,1,31,4
8477968,2024-25,2025-01-09,2,1,43,3
8477968,2024-25,2025-01-11,2,1,17,5
8477968,2024-25,2025-01-17,2,1,42,2
8477968,2024-25,2025-01-20,2,1,26,1
8477968,2024-25,2025-01-23,2,1,33,4
8477968,2024-25,2025-01-27,2,1,28,2
8477968,2024-25,2025-01-29,2,1,29,2
8477968,2024-25,2025-02-01,2,1,25,0
8477968,2024-25,2025-02-04,2,1,21,2
8477968,2024-25,2025-02-07,2,1,24,2
8477968,2024-25,2025-02-22,2,1,13,5
8477968,2024-25,2025-02-25,2,1,38,6
8477968,2024-25,2025-02-27,2,1,14,3
8477968,2024-25,2025-03-01,2,1,25,2
8477968,2024-25,2025-03-04,2,1,23,2
8477968,2024-25,2025-03-07,2,1,27,4
8477968,2024-25,2025-03-21,2,1,47,3
8477968,2024-25,2025-03-25,2,0,20,2
8477968,2024-25,2025-03-27,2,0,18,3
8477968,2024-25,2025-04-06,2,1,30,2
8477968,2024-25,2025-04-17,2,1,20,2
8477968,2025-26,2025-10-09,2,1,31,4
8477968,2025-26,2025-10-14,2,1,43,5
8477968,2025-26,2025-10-18,2,1,26,2
8477968,2025-26,2025-10-23,2,1,28,5
8477968,2025-26,2025-10-30,2,1,31,2
8477968,2025-26,2025-11-02,2,1,32,2
8477968,2025-26,2025-11-07,2,1,33,1
8477968,2025-26,2025-11-15,2,1,22,3
8477968,2025-26,2025-11-22,2,1,27,3
8477968,2025-26,2025-11-26,2,0,23,2
8477968,2025-26,2025-11-29,2,1,24,4
8477968,2025-26,2025-12-03,2,0,19,3
8477968,2025-26,2025-12-07,2,1,29,1
8477968,2025-26,2025-12-09,2,1,29,3
8477968,2025-26,2025-12-11,2,1,30,2
8477968,2025-26,2025-12-18,2,1,29,4
8477968,2025-26,2025-12-23,2,0,10,3
8477968,2025-26,2026-01-03,2,0,16,4
8477968,2025-26,2026-01-06,2,1,36,2
8477968,2025-26,2026-01-10,2,1,20,4
8477968,2025-26,2026-01-15,2,1,23,2
8477968,2025-26,2026-01-19,2,1,36,1
8477968,2025-26,2026-01-23,2,1,29,1
8477968,2025-26,2026-01-31,2,1,42,3
8477968,2025-26,2026-02-02,2,0,7,2
8477968,2025-26,2026-03-01,2,1,28,1
8477968,2025-26,2026-03-06,2,1,14,3
8477968,2025-26,2026-03-12,2,1,41,2
8477968,2025-26,2026-03-14,2,1,27,2
8477968,2025-26,2026-03-17,2,1,37,5
8477968,2025-26,2026-03-19,2,1,16,5
8477968,2025-26,2026-03-21,2,1,26,2
8477968,2025-26,2026-03-24,2,1,19,6
8477968,2025-26,2026-03-26,2,0,12,2
8477968,2025-26,2026-03-28,2,1,24,2
8477968,2025-26,2026-04-02,2,1,20,1
8477968,2025-26,2026-04-06,2,1,29,2
8477968,2025-26,2026-04-08,2,1,26,5
8477968,2025-26,2026-04-13,2,1,28,2
8477968,2025-26,2026-04-16,2,1,27,1
8477970,2020-21,2021-01-15,2,1,31,1
8477970,2020-21,2021-01-19,2,1,30,5
8477970,2020-21,2021-01-22,2,1,27,3
8477970,2020-21,2021-01-24,2,1,48,3
8477970,2020-21,2021-01-26,2,1,34,2
8477970,2020-21,2021-01-28,2,1,30,3
8477970,2020-21,2021-01-30,2,1,43,3
8477970,2020-21,2021-02-01,2,1,32,4
8477970,2020-21,2021-02-04,2,1,30,3
8477970,2020-21,2021-02-07,2,1,14,4
8477970,2020-21,2021-02-14,2,1,36,4
8477970,2020-21,2021-02-16,2,1,27,1
8477970,2020-21,2021-02-18,2,1,23,1
8477970,2020-21,2021-02-20,2,1,23,3
8477970,2020-21,2021-02-23,2,1,37,3
8477970,2020-21,2021-02-25,2,1,28,2
8477970,2020-21,2021-02-27,2,1,24,2
8477970,2020-21,2021-03-03,2,1,19,1
8477970,2020-21,2021-03-05,2,1,18,4
8477970,2020-21,2021-03-09,2,1,31,4
8477970,2020-21,2021-03-15,2,1,23,0
8477970,2020-21,2021-03-19,2,1,33,1
8477970,2020-21,2021-03-25,2,1,24,3
8477970,2020-21,2021-03-30,2,1,26,4
8477970,2020-21,2021-04-01,2,0,9,2
8477970,2020-21,2021-04-02,2,1,23,1
8477970,2020-21,2021-04-06,2,1,39,1
8477970,2020-21,2021-04-09,2,1,33,3
8477970,2020-21,2021-04-11,2,1,35,1
8477970,2020-21,2021-04-15,2,1,21,4
8477970,2020-21,2021-04-18,2,1,27,5
8477970,2020-21,2021-04-27,2,1,18,0
8477970,2020-21,2021-04-29,2,1,35,5
8477970,2020-21,2021-05-03,2,1,26,3
8477970,2020-21,2021-05-05,2,1,21,2
8477970,2020-21,2021-05-07,2,1,28,3
8477970,2020-21,2021-05-11,2,1,25,1
8477970,2020-21,2021-05-15,3,1,4,1
8477970,2021-22,2021-10-13,2,1,24,1
8477970,2021-22,2021-10-16,2,1,24,2
8477970,2021-22,2021-10-21,2,1,26,1
8477970,2021-22,2021-10-23,2,1,13,3
8477970,2021-22,2021-10-27,2,1,25,3
8477970,2021-22,2021-11-01,2,1,26,3
8477970,2021-22,2021-11-04,2,1,15,2
8477970,2021-22,2021-11-06,2,1,32,2
8477970,2021-22,2021-11-08,2,1,28,3
8477970,2021-22,2021-11-14,2,1,25,1
8477970,2021-22,2021-11-16,2,1,31,3
8477970,2021-22,2021-11-21,2,1,30,4
8477970,2021-22,2021-12-02,2,1,28,3
8477970,2021-22,2021-12-11,2,1,31,2
8477970,2021-22,2021-12-17,2,1,42,2
8477970,2021-22,2021-12-19,2,1,24,3
8477970,2021-22,2022-01-10,2,0,15,3
8477970,2021-22,2022-01-15,2,1,23,0
8477970,2021-22,2022-01-18,2,1,33,3
8477970,2021-22,2022-01-20,2,1,33,4
8477970,2021-22,2022-01-22,2,1,22,2
8477970,2021-22,2022-01-24,2,1,29,1
8477970,2021-22,2022-01-28,2,1,29,0
8477970,2021-22,2022-02-01,2,1,2,1
8477970,2021-22,2022-02-28,2,0,17,1
8477970,2021-22,2022-03-03,2,1,36,0
8477970,2021-22,2022-03-05,2,1,31,2
8477970,2021-22,2022-03-08,2,1,35,4
8477970,2021-22,2022-03-11,2,1,26,3
8477970,2021-22,2022-03-15,2,1,32,3
8477970,2021-22,2022-03-17,2,1,41,2
8477970,2021-22,2022-03-20,2,1,23,3
8477970,2021-22,2022-03-22,2,1,37,4
8477970,2021-22,2022-03-26,2,1,38,3
8477970,2021-22,2022-03-28,2,1,23,5
8477970,2021-22,2022-04-03,2,1,18,4
8477970,2021-22,2022-04-10,2,1,30,2
8477970,2021-22,2022-04-14,2,0,13,3
8477970,2021-22,2022-04-16,2,1,32,4
8477970,2021-22,2022-04-22,2,1,19,0
8477970,2021-22,2022-04-24,2,1,30,3
8477970,2021-22,2022-04-28,2,1,26,5
8477970,2021-22,2022-05-03,3,1,32,2
8477970,2021-22,2022-05-05,3,1,19,5
8477970,2022-23,2022-10-15,2,1,22,5
8477970,2022-23,2022-10-24,2,0,4,1
8477970,2022-23,2022-10-25,2,1,22,2
8477970,2022-23,2022-10-28,2,1,24,0
8477970,2022-23,2022-10-30,2,1,21,1
8477970,2022-23,2022-11-03,2,0,19,1
8477970,2022-23,2022-11-05,2,1,30,3
8477970,2022-23,2022-11-08,2,1,35,2
8477970,2022-23,2022-11-10,2,1,21,3
8477970,2022-23,2022-11-15,2,1,26,1
8477970,2022-23,2022-11-17,2,1,27,2
8477970,2022-23,2022-11-21,2,1,30,2
8477970,2022-23,2022-11-23,2,1,20,2
8477970,2022-23,2022-11-26,2,1,38,1
8477970,2022-23,2022-11-28,2,1,38,3
8477970,2022-23,2022-12-01,2,1,24,4
8477970,2022-23,2022-12-06,2,1,24,0
8477970,2022-23,2022-12-09,2,1,17,4
8477970,2022-23,2022-12-12,2,1,23,4
8477970,2022-23,2022-12-15,2,1,24,2
8477970,2022-23,2022-12-20,2,1,13,3
8477970,2022-23,2022-12-23,2,0,5,0
8477970,2022-23,2022-12-28,2,1,26,2
8477970,2022-23,2022-12-30,2,1,27,2
8477970,2022-23,2023-01-04,2,1,33,1
8477970,2022-23,2023-01-07,2,1,34,3
8477970,2022-23,2023-01-10,2,1,28,3
8477970,2022-23,2023-01-13,2,1,33,2
8477970,2022-23,2023-01-16,2,1,32,3
8477970,2022-23,2023-01-22,2,1,26,1
8477970,2022-23,2023-01-24,2,1,30,2
8477970,2022-23,2023-01-27,2,1,35,2
8477970,2022-23,2023-02-06,2,1,30,4
8477970,2022-23,2023-02-11,2,1,24,2
8477970,2022-23,2023-02-14,2,1,33,2
8477970,2022-23,2023-02-18,2,1,31,2
8477970,2022-23,2023-02-21,2,1,17,4
8477970,2022-23,2023-02-23,2,1,22,3
8477970,2022-23,2023-03-01,2,1,19,5
8477970,2022-23,2023-03-05,2,1,29,4
8477970,2022-23,2023-03-07,2,1,25,4
8477970,2022-23,2023-03-12,2,1,32,0
8477970,2022-23,2023-03-14,2,1,30,4
8477970,2022-23,2023-03-19,2,1,24,2
8477970,2022-23,2023-03-21,2,1,29,2
8477970,2022-23,2023-03-24,2,0,19,2
8477970,2022-23,2023-03-27,2,1,34,3
8477970,2022-23,2023-03-30,2,1,25,1
8477970,2022-23,2023-04-02,2,1,21,4
8477970,2022-23,2023-04-04,2,1,23,1
8477970,2022-23,2023-04-06,2,1,17,1
8477970,2022-23,2023-04-11,2,1,38,2
8477970,2022-23,2023-04-18,3,1,22,4
8477970,2022-23,2023-04-20,3,1,30,5
8477970,2022-23,2023-04-29,3,0,0,0
8477970,2022-23,2023-05-03,3,0,11,1
8477970,2022-23,2023-05-05,3,0,10,2
8477970,2022-23,2023-05-07,3,1,30,4
8477970,2022-23,2023-05-09,3,1,17,5
8477970,2023-24,2023-10-12,2,1,35,3
8477970,2023-24,2023-10-16,2,1,30,4
8477970,2023-24,2023-10-24,2,1,29,2
8477970,2023-24,2023-10-25,2,0,16,2
8477970,2023-24,2023-10-27,2,1,27,4
8477970,2023-24,2023-10-29,2,1,34,3
8477970,2023-24,2023-11-02,2,1,25,3
8477970,2023-24,2023-11-05,2,1,34,2
8477970,2023-24,2023-11-07,2,1,31,5
8477970,2023-24,2023-11-10,2,1,5,2
8477970,2023-24,2023-11-16,2,1,23,2
8477970,2023-24,2023-11-18,2,1,34,4
8477970,2023-24,2023-11-22,2,1,28,4
8477970,2023-24,2023-11-25,2,1,12,2
8477970,2023-24,2023-11-28,2,1,18,4
8477970,2023-24,2023-12-05,2,1,33,5
8477970,2023-24,2023-12-09,2,1,25,2
8477970,2023-24,2023-12-13,2,1,24,1
8477970,2023-24,2023-12-19,2,1,26,3
8477970,2023-24,2023-12-21,2,0,32,4
8477970,2023-24,2023-12-23,2,1,24,2
8477970,2023-24,2023-12-27,2,1,29,3
8477970,2023-24,2023-12-30,2,1,31,5
8477970,2023-24,2024-01-05,2,1,25,2
8477970,2023-24,2024-01-11,2,1,20,4
8477970,2023-24,2024-01-19,2,1,30,1
8477970,2023-24,2024-01-22,2,1,32,5
8477970,2023-24,2024-01-25,2,0,11,0
8477970,2023-24,2024-01-27,2,1,40,4
8477970,2023-24,2024-02-06,2,1,38,3
8477970,2023-24,2024-02-08,2,1,29,4
8477970,2023-24,2024-02-10,2,1,32,1
8477970,2024-25,2024-10-12,2,1,29,1
8477970,2024-25,2024-10-17,2,1,27,4
8477970,2024-25,2024-10-18,2,0,18,3
8477970,2024-25,2024-10-20,2,1,21,3
8477970,2024-25,2024-10-26,2,1,42,7
8477970,2024-25,2024-10-29,2,1,28,2
8477970,2024-25,2024-11-05,2,1,50,1
8477970,2024-25,2024-11-07,2,1,30,4
8477970,2024-25,2024-11-11,2,1,43,3
8477970,2024-25,2024-11-16,2,1,10,2
8477970,2024-25,2024-11-29,2,1,31,5
8477970,2024-25,2024-12-05,2,1,12,5
8477970,2024-25,2024-12-10,2,1,28,3
8477970,2024-25,2024-12-14,2,1,40,4
8477970,2024-25,2025-02-06,2,1,24,2
8477970,2024-25,2025-02-08,2,1,34,8
8477970,2024-25,2025-02-24,2,1,35,2
8477970,2024-25,2025-03-01,2,1,31,4
8477970,2024-25,2025-03-08,2,1,21,0
8477970,2024-25,2025-03-16,2,1,33,3
8477970,2024-25,2025-03-22,2,1,33,6
8477970,2024-25,2025-04-01,2,1,21,3
8477970,2024-25,2025-04-06,2,1,24,2
8477970,2024-25,2025-04-12,2,1,28,2
8477970,2024-25,2025-04-15,2,1,31,5
8477970,2025-26,2025-10-13,2,1,13,2
8477970,2025-26,2025-10-19,2,1,26,2
8477970,2025-26,2025-10-26,2,1,30,2
8477970,2025-26,2025-11-05,2,1,18,4
8477970,2025-26,2025-11-09,2,1,25,4
8477970,2025-26,2025-11-18,2,1,22,3
8477970,2025-26,2025-11-28,2,1,28,4
8477970,2025-26,2025-12-01,2,0,21,3
8477970,2025-26,2025-12-06,2,1,22,1
8477970,2025-26,2025-12-16,2,1,23,4
8477970,2025-26,2025-12-23,2,1,26,1
8477970,2025-26,2025-12-29,2,1,26,4
8477970,2025-26,2026-01-11,2,1,36,3
8477970,2025-26,2026-01-27,2,1,30,3
8477970,2025-26,2026-03-05,2,1,16,0
8477970,2025-26,2026-03-09,2,1,26,3
8477970,2025-26,2026-03-16,2,1,30,3
8477970,2025-26,2026-03-20,2,1,22,2
8477970,2025-26,2026-03-24,2,0,10,0
8477970,2025-26,2026-03-26,2,1,23,6
8477970,2025-26,2026-04-12,2,1,23,4
8477970,2025-26,2026-04-16,2,0,10,1
8477992,2020-21,2021-01-19,2,0,9,1
8477992,2020-21,2021-02-28,2,1,38,3
8477992,2020-21,2021-03-04,2,1,45,5
8477992,2020-21,2021-03-07,2,1,29,4
8477992,2020-21,2021-03-09,2,1,33,4
8477992,2020-21,2021-03-11,2,1,26,4
8477992,2020-21,2021-03-16,2,1,27,3
8477992,2020-21,2021-03-23,2,1,32,4
8477992,2020-21,2021-04-02,2,1,27,2
8477992,2020-21,2021-04-07,2,0,1,1
8477992,2020-21,2021-04-09,2,1,28,0
8477992,2020-21,2021-04-11,2,1,25,1
8477992,2020-21,2021-04-26,2,1,20,4
8477992,2020-21,2021-05-08,2,1,18,2
8477992,2020-21,2021-05-13,2,1,22,1
8477992,2021-22,2021-10-21,2,1,37,3
8477992,2021-22,2021-11-03,2,1,37,5
8477992,2021-22,2021-11-22,2,0,1,0
8477992,2021-22,2021-11-24,2,0,20,1
8477992,2021-22,2021-11-27,2,1,28,2
8477992,2021-22,2021-12-01,2,1,41,8
8477992,2021-22,2021-12-02,2,1,20,1
8477992,2021-22,2021-12-04,2,1,15,3
8477992,2021-22,2021-12-08,2,0,1,0
8477992,2021-22,2022-02-24,2,1,27,5
8477992,2021-22,2022-04-29,2,1,37,10
8477992,2022-23,2022-12-31,2,0,7,0
8477992,2022-23,2023-03-16,2,1,36,4
8477992,2022-23,2023-03-27,2,1,30,1
8477992,2023-24,2023-10-10,2,1,31,3
8477992,2023-24,2023-10-14,2,1,41,5
8477992,2023-24,2023-10-17,2,1,31,3
8477992,2023-24,2023-10-19,2,1,29,3
8477992,2023-24,2023-10-21,2,1,52,4
8477992,2023-24,2023-10-24,2,1,32,0
8477992,2023-24,2023-10-26,2,1,23,0
8477992,2023-24,2023-10-30,2,1,43,4
8477992,2023-24,2023-11-04,2,1,28,4
8477992,2023-24,2023-11-06,2,1,34,6
8477992,2023-24,2023-11-09,2,1,29,5
8477992,2023-24,2023-11-11,2,1,32,4
8477992,2023-24,2023-11-14,2,1,28,4
8477992,2023-24,2023-11-16,2,1,14,2
8477992,2023-24,2023-11-18,2,1,42,4
8477992,2023-24,2023-11-20,2,1,27,4
8477992,2023-24,2023-11-22,2,1,32,3
8477992,2023-24,2023-11-28,2,1,27,3
8477992,2023-24,2023-12-02,2,0,9,2
8477992,2023-24,2023-12-07,2,1,29,4
8477992,2023-24,2023-12-31,2,1,29,3
8477992,2023-24,2024-01-20,2,1,27,1
8477992,2023-24,2024-02-08,2,1,24,6
8477992,2023-24,2024-02-17,2,0,8,3
8477992,2023-24,2024-02-25,2,1,19,1
8477992,2023-24,2024-03-24,2,1,32,2
8477992,2024-25,2024-10-21,2,0,15,1
8477992,2024-25,2024-10-22,2,1,35,5
8477992,2024-25,2024-11-03,2,1,32,5
8477992,2024-25,2024-11-21,2,1,43,7
8477992,2024-25,2024-11-29,2,1,31,2
8477992,2024-25,2024-12-14,2,1,22,1
8477992,2024-25,2024-12-23,2,1,36,0
8477992,2024-25,2024-12-29,2,1,36,4
8477992,2024-25,2025-01-05,2,1,25,3
8477992,2024-25,2025-01-12,2,1,33,2
8477992,2024-25,2025-01-20,2,1,27,4
8477992,2024-25,2025-01-24,2,1,14,3
8477992,2024-25,2025-01-28,2,1,20,3
8477992,2024-25,2025-03-04,2,1,33,2
8477992,2024-25,2025-03-13,2,1,29,3
8477992,2024-25,2025-03-29,2,1,38,3
8477992,2024-25,2025-04-05,2,1,38,2
8477992,2024-25,2025-04-13,2,1,25,4
8477992,2024-25,2025-04-17,2,1,22,4
8477992,2025-26,2025-10-13,2,1,33,3
8477992,2025-26,2025-10-18,2,1,31,3
8477992,2025-26,2025-10-25,2,1,40,3
8477992,2025-26,2025-11-02,2,1,27,2
8477992,2025-26,2025-11-12,2,0,7,1
8477992,2025-26,2025-11-16,2,1,17,5
8477992,2025-26,2025-11-22,2,1,32,3
8477992,2025-26,2025-11-29,2,1,13,1
8477992,2025-26,2025-12-04,2,1,31,4
8477992,2025-26,2025-12-06,2,1,18,1
8477992,2025-26,2025-12-08,2,1,24,1
8477992,2025-26,2025-12-09,2,1,27,1
8477992,2025-26,2025-12-11,2,1,37,4
8477992,2025-26,2025-12-13,2,1,17,2
8477992,2025-26,2025-12-15,2,1,24,5
8477992,2025-26,2025-12-28,2,1,35,4
8477992,2025-26,2026-01-01,2,1,20,3
8477992,2025-26,2026-01-12,2,1,21,1
8477992,2025-26,2026-01-24,2,1,29,6
8477992,2025-26,2026-02-26,2,1,33,5
8477992,2025-26,2026-02-28,2,0,21,1
8477992,2025-26,2026-03-08,2,1,42,8
8477992,2025-26,2026-03-22,2,1,29,4
8477992,2025-26,2026-03-29,2,1,31,2
8477992,2025-26,2026-04-07,2,1,31,5
8478007,2020-21,2021-01-16,2,1,33,5
8478007,2020-21,2021-01-19,2,1,27,3
8478007,2020-21,2021-01-23,2,1,32,2
8478007,2020-21,2021-01-28,2,1,35,2
8478007,2020-21,2021-01-31,2,1,36,3
8478007,2020-21,2021-02-02,2,0,9,0
8478007,2020-21,2021-02-15,2,0,9,2
8478007,2020-21,2021-02-18,2,1,32,0
8478007,2020-21,2021-02-20,2,1,39,4
8478007,2020-21,2021-03-11,2,1,32,5
8478007,2020-21,2021-03-13,2,1,30,3
8478007,2020-21,2021-03-20,2,1,37,2
8478007,2020-21,2021-03-27,2,1,34,3
8478007,2020-21,2021-03-28,2,1,27,2
8478007,2020-21,2021-03-30,2,1,38,1
8478007,2020-21,2021-04-01,2,1,34,3
8478007,2020-21,2021-04-03,2,1,25,3
8478007,2020-21,2021-04-08,2,0,24,3
8478007,2020-21,2021-04-10,2,1,28,4
8478007,2020-21,2021-04-15,2,1,31,4
8478007,2020-21,2021-04-17,2,0,16,1
8478007,2020-21,2021-04-19,2,1,38,3
8478007,2020-21,2021-04-22,2,1,27,2
8478007,2020-21,2021-04-25,2,0,8,1
8478007,2020-21,2021-04-27,2,1,41,0
8478007,2020-21,2021-05-01,2,1,33,2
8478007,2020-21,2021-05-03,2,1,38,4
8478007,2020-21,2021-05-05,2,1,32,2
8478007,2021-22,2021-10-14,2,1,38,2
8478007,2021-22,2021-10-16,2,1,20,1
8478007,2021-22,2021-10-21,2,1,36,2
8478007,2021-22,2021-10-25,2,1,32,1
8478007,2021-22,2021-10-29,2,1,37,4
8478007,2021-22,2021-11-06,2,1,36,2
8478007,2021-22,2021-11-13,2,1,41,5
8478007,2021-22,2021-11-15,2,1,27,3
8478007,2021-22,2021-11-18,2,1,29,4
8478007,2021-22,2021-11-20,2,1,35,3
8478007,2021-22,2021-11-24,2,1,36,0
8478007,2021-22,2021-11-26,2,1,41,2
8478007,2021-22,2021-11-30,2,1,9,3
8478007,2021-22,2021-12-05,2,1,34,4
8478007,2021-22,2021-12-07,2,1,30,5
8478007,2021-22,2021-12-09,2,1,26,1
8478007,2021-22,2021-12-11,2,1,32,4
8478007,2021-22,2021-12-14,2,1,39,4
8478007,2021-22,2021-12-16,2,1,29,4
8478007,2021-22,2021-12-30,2,1,34,3
8478007,2021-22,2022-01-01,2,0,15,4
8478007,2021-22,2022-01-13,2,1,31,0
8478007,2021-22,2022-01-15,2,1,15,4
8478007,2021-22,2022-01-20,2,1,34,1
8478007,2021-22,2022-01-23,2,1,33,2
8478007,2021-22,2022-01-26,2,1,62,6
8478007,2021-22,2022-01-31,2,1,25,7
8478007,2021-22,2022-02-08,2,1,33,4
8478007,2021-22,2022-02-10,2,1,27,3
8478007,2021-22,2022-02-12,2,1,31,1
8478007,2021-22,2022-02-15,2,1,41,6
8478007,2021-22,2022-02-17,2,1,32,4
8478007,2021-22,2022-02-27,2,1,40,3
8478007,2021-22,2022-03-01,2,1,33,3
8478007,2021-22,2022-03-04,2,1,43,4
8478007,2021-22,2022-03-05,2,1,32,4
8478007,2021-22,2022-03-07,2,1,33,5
8478007,2021-22,2022-03-11,2,1,38,2
8478007,2021-22,2022-03-13,2,1,27,4
8478007,2021-22,2022-03-16,2,1,31,1
8478007,2021-22,2022-03-17,2,0,23,3
8478007,2021-22,2022-03-19,2,1,21,2
8478007,2021-22,2022-03-25,2,1,33,4
8478007,2021-22,2022-03-26,2,1,38,3
8478007,2021-22,2022-03-29,2,1,29,4
8478007,2021-22,2022-03-31,2,1,35,4
8478007,2021-22,2022-04-02,2,1,40,3
8478007,2021-22,2022-04-04,2,1,37,3
8478007,2021-22,2022-04-05,2,1,49,2
8478007,2021-22,2022-04-07,2,1,31,4
8478007,2021-22,2022-04-09,2,1,38,4
8478007,2021-22,2022-04-13,2,1,21,1
8478007,2021-22,2022-04-16,2,1,38,2
8478007,2021-22,2022-04-19,2,1,28,3
8478007,2021-22,2022-04-22,2,1,26,1
8478007,2021-22,2022-04-24,2,1,35,2
8478007,2021-22,2022-04-26,2,1,32,4
8478007,2021-22,2022-04-28,2,1,27,2
8478007,2021-22,2022-04-29,2,0,42,2
8478007,2022-23,2022-10-15,2,1,25,5
8478007,2022-23,2022-10-18,2,1,35,3
8478007,2022-23,2022-10-20,2,1,26,3
8478007,2022-23,2022-10-22,2,1,39,6
8478007,2022-23,2022-10-25,2,0,6,1
8478007,2022-23,2022-10-28,2,1,29,4
8478007,2022-23,2022-10-30,2,1,53,7
8478007,2022-23,2022-11-04,2,1,35,5
8478007,2022-23,2022-11-15,2,1,17,2
8478007,2022-23,2022-12-06,2,1,34,4
8478007,2022-23,2022-12-07,2,0,21,6
8478007,2022-23,2022-12-09,2,0,20,1
8478007,2022-23,2022-12-11,2,1,38,5
8478007,2022-23,2022-12-13,2,1,25,3
8478007,2022-23,2023-01-05,2,1,37,6
8478007,2022-23,2023-01-08,2,1,19,1
8478007,2022-23,2023-01-10,2,1,46,6
8478007,2022-23,2023-01-14,2,1,28,3
8478007,2022-23,2023-01-16,2,1,33,3
8478007,2022-23,2023-01-19,2,1,33,5
8478007,2022-23,2023-01-28,2,1,31,3
8478007,2022-23,2023-02-11,2,1,29,3
8478007,2022-23,2023-02-14,2,1,32,3
8478007,2022-23,2023-02-19,2,1,25,3
8478007,2022-23,2023-02-26,2,1,44,3
8478007,2022-23,2023-02-28,2,1,41,3
8478007,2022-23,2023-03-03,2,1,34,3
8478007,2022-23,2023-03-04,2,1,23,4
8478007,2022-23,2023-03-07,2,1,7,0
8478007,2022-23,2023-03-25,2,1,24,6
8478007,2023-24,2023-10-12,2,1,35,2
8478007,2023-24,2023-10-14,2,1,25,1
8478007,2023-24,2023-10-21,2,1,28,4
8478007,2023-24,2023-10-24,2,1,27,3
8478007,2023-24,2023-10-26,2,1,29,4
8478007,2023-24,2023-10-30,2,1,32,4
8478007,2023-24,2023-11-02,2,1,29,2
8478007,2023-24,2023-11-04,2,1,27,2
8478007,2023-24,2023-11-06,2,1,10,3
8478007,2023-24,2023-11-12,2,1,40,3
8478007,2023-24,2023-11-14,2,1,40,4
8478007,2023-24,2023-11-16,2,1,32,3
8478007,2023-24,2023-11-18,2,1,26,4
8478007,2023-24,2023-11-22,2,1,36,3
8478007,2023-24,2023-11-24,2,1,38,1
8478007,2023-24,2023-11-26,2,1,43,3
8478007,2023-24,2023-11-29,2,1,30,3
8478007,2023-24,2023-12-01,2,1,43,2
8478007,2023-24,2023-12-05,2,1,39,4
8478007,2023-24,2023-12-14,2,1,48,5
8478007,2023-24,2023-12-21,2,1,32,3
8478007,2023-24,2023-12-27,2,1,35,4
8478007,2023-24,2023-12-29,2,1,14,2
8478007,2023-24,2024-01-15,2,1,30,3
8478007,2023-24,2024-01-19,2,1,33,4
8478007,2023-24,2024-01-23,2,1,24,4
8478007,2023-24,2024-01-27,2,1,34,5
8478007,2023-24,2024-01-30,2,1,21,0
8478007,2023-24,2024-02-10,2,1,36,3
8478007,2023-24,2024-02-17,2,1,31,3
8478007,2023-24,2024-02-20,2,1,35,5
8478007,2023-24,2024-02-21,2,0,2,2
8478007,2023-24,2024-02-25,2,1,40,2
8478007,2023-24,2024-02-28,2,1,28,2
8478007,2023-24,2024-03-02,2,1,28,2
8478007,2023-24,2024-03-12,2,1,4,3
8478007,2023-24,2024-03-14,2,1,37,2
8478007,2023-24,2024-03-17,2,1,27,6
8478007,2023-24,2024-03-22,2,1,50,6
8478007,2023-24,2024-03-26,2,1,35,6
8478007,2023-24,2024-03-30,2,1,33,3
8478007,2024-25,2024-10-10,2,1,26,3
8478007,2024-25,2024-10-15,2,1,22,4
8478007,2024-25,2024-10-28,2,1,32,1
8478007,2024-25,2024-10-30,2,1,26,0
8478007,2024-25,2024-11-01,2,1,44,6
8478007,2024-25,2024-11-05,2,1,27,2
8478007,2024-25,2024-11-09,2,1,22,4
8478007,2024-25,2024-11-12,2,1,32,4
8478007,2024-25,2024-11-15,2,1,23,2
8478007,2024-25,2024-11-18,2,1,29,1
8478007,2024-25,2024-11-21,2,1,30,6
8478007,2024-25,2024-11-23,2,1,36,4
8478007,2024-25,2024-11-27,2,1,23,4
8478007,2024-25,2024-11-29,2,1,29,2
8478007,2024-25,2024-12-01,2,1,31,3
8478007,2024-25,2024-12-03,2,1,21,2
8478007,2024-25,2024-12-06,2,1,16,4
8478007,2024-25,2024-12-08,2,1,25,1
8478007,2024-25,2024-12-10,2,1,25,5
8478007,2024-25,2024-12-15,2,1,28,4
8478007,2024-25,2024-12-19,2,1,42,2
8478007,2024-25,2024-12-21,2,1,30,5
8478007,2024-25,2024-12-27,2,1,26,2
8478007,2024-25,2024-12-31,2,1,35,3
8478007,2024-25,2025-01-02,2,1,26,5
8478007,2024-25,2025-01-04,2,1,33,4
8478007,2024-25,2025-01-07,2,1,23,3
8478007,2024-25,2025-01-09,2,1,31,2
8478007,2024-25,2025-01-16,2,1,19,1
8478007,2024-25,2025-01-20,2,1,25,3
8478007,2024-25,2025-01-22,2,1,29,1
8478007,2024-25,2025-01-25,2,1,33,2
8478007,2024-25,2025-01-30,2,1,26,1
8478007,2024-25,2025-02-02,2,1,39,5
8478007,2024-25,2025-02-04,2,1,21,3
8478007,2024-25,2025-02-06,2,1,33,3
8478007,2024-25,2025-02-08,2,1,40,4
8478007,2024-25,2025-02-22,2,1,28,1
8478007,2024-25,2025-02-25,2,1,22,4
8478007,2024-25,2025-03-01,2,1,46,3
8478007,2024-25,2025-03-04,2,1,39,5
8478007,2024-25,2025-03-06,2,1,35,2
8478007,2024-25,2025-03-11,2,1,28,5
8478007,2024-25,2025-03-13,2,1,28,3
8478007,2024-25,2025-03-20,2,1,29,1
8478007,2024-25,2025-03-21,2,1,33,5
8478007,2024-25,2025-03-24,2,1,33,3
8478007,2024-25,2025-03-28,2,1,37,6
8478007,2024-25,2025-04-01,2,1,28,4
8478007,2024-25,2025-04-03,2,1,28,7
8478007,2024-25,2025-04-05,2,1,27,5
8478007,2024-25,2025-04-06,2,0,23,1
8478007,2024-25,2025-04-08,2,1,35,2
8478007,2025-26,2025-10-11,2,1,52,4
8478007,2025-26,2025-10-16,2,1,35,3
8478007,2025-26,2025-10-21,2,1,23,1
8478007,2025-26,2025-10-25,2,1,31,4
8478007,2025-26,2025-10-29,2,1,36,3
8478007,2025-26,2025-11-02,2,1,39,3
8478007,2025-26,2025-11-08,2,1,24,4
8478007,2025-26,2025-11-18,2,1,30,5
8478007,2025-26,2025-11-24,2,1,31,5
8478007,2025-26,2025-12-01,2,1,33,3
8478007,2025-26,2025-12-04,2,1,33,5
8478007,2025-26,2025-12-06,2,1,40,7
8478007,2025-26,2025-12-11,2,1,5,3
8478007,2025-26,2025-12-20,2,1,28,4
8478007,2025-26,2026-01-10,2,1,31,4
8478007,2025-26,2026-01-15,2,1,31,1
8478007,2025-26,2026-01-17,2,1,33,3
8478007,2025-26,2026-01-20,2,1,7,2
8478007,2025-26,2026-01-28,2,1,27,3
8478007,2025-26,2026-01-30,2,1,24,2
8478007,2025-26,2026-02-03,2,1,24,0
8478007,2025-26,2026-02-26,2,1,22,3
8478007,2025-26,2026-03-02,2,1,33,4
8478007,2025-26,2026-03-03,2,0,2,0
8478007,2025-26,2026-03-07,2,1,25,5
8478007,2025-26,2026-03-10,2,1,18,2
8478007,2025-26,2026-03-12,2,1,21,2
8478007,2025-26,2026-03-21,2,1,17,2
8478007,2025-26,2026-03-28,2,1,36,3
8478007,2025-26,2026-04-02,2,1,21,5
8478009,2020-21,2021-01-16,2,1,32,5
8478009,2020-21,2021-01-24,2,1,24,2
8478009,2020-21,2021-01-31,2,1,29,4
8478009,2020-21,2021-02-16,2,1,20,0
8478009,2020-21,2021-02-28,2,1,20,0
8478009,2020-21,2021-03-04,2,1,18,2
8478009,2020-21,2021-03-07,2,1,26,2
8478009,2020-21,2021-03-11,2,1,22,3
8478009,2020-21,2021-03-14,2,1,31,2
8478009,2020-21,2021-03-20,2,1,24,1
8478009,2020-21,2021-03-22,2,1,37,1
8478009,2020-21,2021-03-27,2,1,9,4
8478009,2020-21,2021-04-03,2,1,32,2
8478009,2020-21,2021-04-08,2,1,27,2
8478009,2020-21,2021-04-11,2,1,26,2
8478009,2020-21,2021-04-16,2,1,27,2
8478009,2020-21,2021-04-18,2,1,30,0
8478009,2020-21,2021-04-24,2,1,30,6
8478009,2020-21,2021-04-27,2,1,33,1
8478009,2020-21,2021-05-04,2,1,31,3
8478009,2020-21,2021-05-08,2,1,24,1
8478009,2020-21,2021-05-10,2,0,11,1
8478009,2020-21,2021-05-16,3,1,42,3
8478009,2020-21,2021-05-22,3,1,30,1
8478009,2020-21,2021-05-24,3,1,50,2
8478009,2020-21,2021-05-26,3,1,37,3
8478009,2020-21,2021-05-29,3,1,39,4
8478009,2020-21,2021-06-15,3,0,6,0
8478009,2020-21,2021-06-21,3,0,26,5
8478009,2021-22,2021-10-14,2,1,40,5
8478009,2021-22,2021-10-16,2,1,29,5
8478009,2021-22,2021-10-19,2,1,40,1
8478009,2021-22,2021-10-21,2,1,32,3
8478009,2021-22,2021-10-23,2,1,26,0
8478009,2021-22,2021-10-24,2,1,42,0
8478009,2021-22,2021-10-30,2,1,23,2
8478009,2021-22,2021-11-04,2,1,38,2
8478009,2021-22,2021-11-06,2,1,24,0
8478009,2021-22,2021-11-11,2,1,34,4
8478009,2021-22,2021-11-16,2,1,17,4
8478009,2021-22,2021-11-21,2,1,40,3
8478009,2021-22,2021-11-26,2,1,30,1
8478009,2021-22,2021-12-02,2,1,35,2
8478009,2021-22,2021-12-04,2,1,30,4
8478009,2021-22,2021-12-07,2,1,33,3
8478009,2021-22,2021-12-11,2,1,32,2
8478009,2021-22,2021-12-14,2,1,39,2
8478009,2021-22,2021-12-19,2,1,34,3
8478009,2021-22,2022-01-01,2,1,19,2
8478009,2021-22,2022-01-13,2,1,32,2
8478009,2021-22,2022-01-17,2,1,27,1
8478009,2021-22,2022-01-21,2,1,17,0
8478009,2021-22,2022-01-25,2,1,17,3
8478009,2021-22,2022-01-30,2,1,21,4
8478009,2021-22,2022-02-01,2,1,27,1
8478009,2021-22,2022-02-09,2,1,37,3
8478009,2021-22,2022-02-11,2,1,36,3
8478009,2021-22,2022-02-12,2,1,29,5
8478009,2021-22,2022-02-15,2,1,39,4
8478009,2021-22,2022-02-17,2,1,27,1
8478009,2021-22,2022-02-20,2,1,27,2
8478009,2021-22,2022-02-22,2,1,25,2
8478009,2021-22,2022-02-24,2,1,28,3
8478009,2021-22,2022-02-27,2,1,34,0
8478009,2021-22,2022-03-01,2,1,42,4
8478009,2021-22,2022-03-05,2,1,31,1
8478009,2021-22,2022-03-10,2,1,25,0
8478009,2021-22,2022-03-13,2,1,42,3
8478009,2021-22,2022-03-17,2,1,30,1
8478009,2021-22,2022-03-20,2,1,37,2
8478009,2021-22,2022-03-24,2,1,39,2
8478009,2021-22,2022-03-27,2,1,20,2
8478009,2021-22,2022-04-08,2,1,21,1
8478009,2021-22,2022-04-12,2,1,47,4
8478009,2021-22,2022-04-14,2,1,26,4
8478009,2021-22,2022-04-15,2,1,44,0
8478009,2021-22,2022-04-17,2,1,36,3
8478009,2021-22,2022-04-19,2,1,42,3
8478009,2021-22,2022-04-23,2,1,35,5
8478009,2021-22,2022-04-26,2,1,33,1
8478009,2021-22,2022-04-29,2,1,33,5
8478009,2022-23,2022-10-13,2,1,28,2
8478009,2022-23,2022-10-15,2,1,23,1
8478009,2022-23,2022-10-20,2,1,42,3
8478009,2022-23,2022-10-22,2,1,26,5
8478009,2022-23,2022-10-26,2,1,41,0
8478009,2022-23,2022-10-28,2,1,35,2
8478009,2022-23,2022-11-01,2,1,22,1
8478009,2022-23,2022-11-03,2,1,34,2
8478009,2022-23,2022-11-05,2,0,2,1
8478009,2022-23,2022-11-07,2,1,46,3
8478009,2022-23,2022-11-10,2,1,27,1
8478009,2022-23,2022-11-12,2,1,29,3
8478009,2022-23,2022-11-17,2,1,31,5
8478009,2022-23,2022-11-21,2,1,32,2
8478009,2022-23,2022-11-23,2,1,49,0
8478009,2022-23,2022-11-25,2,1,26,2
8478009,2022-23,2022-11-29,2,1,32,2
8478009,2022-23,2022-12-02,2,1,21,2
8478009,2022-23,2022-12-06,2,1,26,5
8478009,2022-23,2022-12-10,2,1,29,3
8478009,2022-23,2022-12-16,2,1,29,5
8478009,2022-23,2022-12-17,2,0,1,0
8478009,2022-23,2022-12-19,2,1,46,0
8478009,2022-23,2022-12-22,2,1,33,4
8478009,2022-23,2022-12-23,2,1,23,1
8478009,2022-23,2022-12-27,2,1,21,1
8478009,2022-23,2022-12-29,2,1,21,1
8478009,2022-23,2023-01-01,2,1,34,3
8478009,2022-23,2023-01-03,2,1,26,2
8478009,2022-23,2023-01-05,2,1,38,4
8478009,2022-23,2023-01-10,2,1,26,1
8478009,2022-23,2023-01-12,2,1,35,2
8478009,2022-23,2023-01-14,2,1,23,1
8478009,2022-23,2023-01-16,2,1,35,4
8478009,2022-23,2023-01-19,2,1,45,3
8478009,2022-23,2023-01-21,2,1,25,4
8478009,2022-23,2023-01-23,2,1,39,5
8478009,2022-23,2023-01-27,2,1,23,0
8478009,2022-23,2023-02-07,2,1,32,0
8478009,2022-23,2023-02-09,2,1,34,6
8478009,2022-23,2023-02-14,2,1,34,2
8478009,2022-23,2023-02-17,2,1,44,4
8478009,2022-23,2023-02-20,2,1,46,2
8478009,2022-23,2023-02-22,2,1,26,1
8478009,2022-23,2023-02-24,2,1,28,3
8478009,2022-23,2023-02-28,2,1,31,1
8478009,2022-23,2023-03-04,2,1,23,1
8478009,2022-23,2023-03-07,2,1,24,2
8478009,2022-23,2023-03-09,2,1,36,3
8478009,2022-23,2023-03-14,2,1,36,4
8478009,2022-23,2023-03-15,2,1,23,3
8478009,2022-23,2023-03-18,2,1,30,1
8478009,2022-23,2023-03-21,2,1,27,2
8478009,2022-23,2023-03-24,2,1,27,5
8478009,2022-23,2023-03-27,2,1,31,1
8478009,2022-23,2023-03-29,2,1,26,1
8478009,2022-23,2023-04-01,2,1,21,4
8478009,2022-23,2023-04-02,2,1,35,2
8478009,2022-23,2023-04-06,2,1,31,1
8478009,2022-23,2023-04-08,2,1,27,0
8478009,2022-23,2023-04-10,2,1,23,3
8478009,2022-23,2023-04-12,2,1,19,2
8478009,2022-23,2023-04-17,3,1,37,2
8478009,2022-23,2023-04-19,3,1,36,4
8478009,2022-23,2023-04-21,3,1,31,1
8478009,2022-23,2023-04-23,3,1,29,5
8478009,2022-23,2023-04-25,3,1,36,2
8478009,2022-23,2023-04-28,3,1,41,2
8478009,2023-24,2023-10-14,2,1,28,2
8478009,2023-24,2023-10-17,2,1,14,0
8478009,2023-24,2023-10-20,2,1,39,5
8478009,2023-24,2023-10-24,2,1,37,5
8478009,2023-24,2023-10-26,2,1,47,2
8478009,2023-24,2023-10-30,2,1,36,4
8478009,2023-24,2023-11-04,2,1,46,4
8478009,2023-24,2023-11-09,2,1,34,4
8478009,2023-24,2023-11-13,2,1,31,3
8478009,2023-24,2023-11-15,2,1,43,4
8478009,2023-24,2023-11-18,2,1,39,4
8478009,2023-24,2023-11-22,2,1,36,2
8478009,2023-24,2023-11-25,2,1,40,0
8478009,2023-24,2023-11-28,2,1,33,5
8478009,2023-24,2023-12-02,2,1,45,3
8478009,2023-24,2023-12-05,2,1,37,5
8478009,2023-24,2023-12-09,2,1,35,2
8478009,2023-24,2023-12-11,2,1,40,3
8478009,2023-24,2023-12-15,2,1,34,4
8478009,2023-24,2023-12-19,2,1,31,1
8478009,2023-24,2023-12-23,2,1,40,4
8478009,2023-24,2023-12-27,2,1,25,6
8478009,2023-24,2023-12-29,2,1,27,1
8478009,2023-24,2023-12-31,2,1,37,2
8478009,2023-24,2024-01-02,2,0,27,4
8478009,2023-24,2024-01-04,2,1,27,1
8478009,2023-24,2024-01-06,2,1,30,5
8478009,2023-24,2024-01-09,2,1,33,4
8478009,2023-24,2024-01-11,2,1,35,3
8478009,2023-24,2024-01-13,2,1,27,2
8478009,2023-24,2024-01-15,2,1,32,3
8478009,2023-24,2024-01-16,2,1,43,3
8478009,2023-24,2024-01-19,2,1,24,4
8478009,2023-24,2024-01-21,2,1,43,2
8478009,2023-24,2024-01-23,2,1,27,3
8478009,2023-24,2024-02-05,2,1,36,2
8478009,2023-24,2024-02-08,2,1,20,2
8478009,2023-24,2024-02-13,2,1,30,1
8478009,2023-24,2024-02-18,2,1,37,6
8478009,2023-24,2024-02-20,2,1,41,4
8478009,2023-24,2024-02-24,2,1,20,3
8478009,2023-24,2024-02-26,2,1,32,2
8478009,2023-24,2024-02-29,2,1,25,3
8478009,2023-24,2024-03-02,2,1,23,1
8478009,2023-24,2024-03-05,2,1,21,2
8478009,2023-24,2024-03-07,2,1,25,2
8478009,2023-24,2024-03-11,2,1,24,2
8478009,2023-24,2024-03-14,2,1,36,3
8478009,2023-24,2024-03-17,2,1,31,5
8478009,2023-24,2024-03-19,2,1,33,3
8478009,2023-24,2024-03-21,2,1,23,5
8478009,2023-24,2024-03-24,2,1,29,3
8478009,2023-24,2024-04-02,2,1,19,1
8478009,2023-24,2024-04-04,2,1,27,2
8478009,2023-24,2024-04-13,2,1,43,2
8478009,2023-24,2024-04-17,2,1,44,4
8478009,2023-24,2024-04-25,3,1,14,3
8478009,2024-25,2024-10-14,2,1,34,2
8478009,2024-25,2024-10-17,2,1,30,1
8478009,2024-25,2024-10-22,2,1,11,1
8478009,2024-25,2024-10-25,2,1,36,3
8478009,2024-25,2024-10-29,2,1,21,2
8478009,2024-25,2024-11-01,2,1,35,3
8478009,2024-25,2024-11-03,2,1,39,4
8478009,2024-25,2024-11-05,2,1,35,3
8478009,2024-25,2024-11-09,2,1,33,4
8478009,2024-25,2024-11-12,2,1,42,4
8478009,2024-25,2024-11-16,2,1,27,3
8478009,2024-25,2024-11-21,2,1,31,2
8478009,2024-25,2024-11-23,2,1,25,1
8478009,2024-25,2024-11-27,2,1,20,5
8478009,2024-25,2024-11-30,2,1,29,0
8478009,2024-25,2024-12-03,2,1,27,2
8478009,2024-25,2024-12-05,2,1,13,4
8478009,2024-25,2024-12-07,2,1,31,3
8478009,2024-25,2024-12-08,2,1,31,2
8478009,2024-25,2024-12-10,2,1,29,2
8478009,2024-25,2024-12-12,2,1,30,4
8478009,2024-25,2024-12-15,2,1,22,4
8478009,2024-25,2024-12-17,2,1,23,4
8478009,2024-25,2024-12-21,2,1,29,3
8478009,2024-25,2024-12-23,2,1,24,6
8478009,2024-25,2024-12-28,2,1,25,3
8478009,2024-25,2024-12-31,2,1,24,2
8478009,2024-25,2025-01-02,2,1,31,2
8478009,2024-25,2025-01-05,2,1,30,4
8478009,2024-25,2025-01-09,2,1,30,0
8478009,2024-25,2025-01-16,2,1,23,4
8478009,2024-25,2025-01-20,2,1,26,1
8478009,2024-25,2025-01-24,2,1,30,1
8478009,2024-25,2025-01-25,2,0,1,0
8478009,2024-25,2025-01-28,2,1,32,2
8478009,2024-25,2025-01-30,2,1,23,0
8478009,2024-25,2025-02-01,2,1,31,2
8478009,2024-25,2025-02-04,2,1,34,1
8478009,2024-25,2025-02-07,2,1,27,4
8478009,2024-25,2025-02-08,2,1,32,5
8478009,2024-25,2025-02-23,2,1,29,4
8478009,2024-25,2025-02-25,2,1,11,5
8478009,2024-25,2025-02-27,2,1,39,1
8478009,2024-25,2025-03-01,2,1,29,4
8478009,2024-25,2025-03-03,2,1,26,3
8478009,2024-25,2025-03-04,2,1,28,2
8478009,2024-25,2025-03-08,2,1,40,2
8478009,2024-25,2025-03-11,2,1,31,3
8478009,2024-25,2025-03-14,2,1,35,2
8478009,2024-25,2025-03-16,2,1,24,2
8478009,2024-25,2025-03-18,2,1,21,2
8478009,2024-25,2025-03-20,2,1,41,3
8478009,2024-25,2025-03-24,2,1,30,3
8478009,2024-25,2025-03-26,2,1,19,4
8478009,2024-25,2025-03-29,2,1,23,4
8478009,2024-25,2025-04-01,2,1,23,3
8478009,2024-25,2025-04-04,2,1,28,1
8478009,2024-25,2025-04-06,2,1,29,1
8478009,2024-25,2025-04-08,2,1,23,4
8478009,2024-25,2025-04-13,2,1,25,0
8478009,2024-25,2025-04-15,2,1,35,2
8478009,2025-26,2025-10-09,2,1,28,4
8478009,2025-26,2025-10-11,2,1,29,4
8478009,2025-26,2025-10-13,2,1,25,4
8478009,2025-26,2025-10-18,2,1,32,4
8478009,2025-26,2025-10-21,2,1,36,3
8478009,2025-26,2025-10-25,2,1,26,3
8478009,2025-26,2025-10-28,2,1,21,4
8478009,2025-26,2025-10-31,2,1,23,1
8478009,2025-26,2025-11-04,2,1,27,3
8478009,2025-26,2025-11-08,2,1,33,0
8478009,2025-26,2025-11-10,2,1,35,2
8478009,2025-26,2025-11-13,2,1,29,3
8478009,2025-26,2025-11-16,2,1,27,3
8478009,2025-26,2025-11-20,2,1,29,0
8478009,2025-26,2025-11-22,2,1,22,2
8478009,2025-26,2025-11-26,2,1,14,3
8478009,2025-26,2025-11-30,2,1,17,2
8478009,2025-26,2025-12-02,2,1,31,1
8478009,2025-26,2025-12-04,2,1,38,3
8478009,2025-26,2025-12-06,2,1,32,0
8478009,2025-26,2025-12-09,2,1,37,4
8478009,2025-26,2025-12-13,2,1,34,2
8478009,2025-26,2025-12-16,2,1,21,3
8478009,2025-26,2025-12-19,2,1,30,3
8478009,2025-26,2026-01-06,2,1,44,0
8478009,2025-26,2026-01-10,2,1,36,3
8478009,2025-26,2026-01-13,2,1,22,5
8478009,2025-26,2026-01-15,2,1,35,0
8478009,2025-26,2026-01-19,2,1,32,3
8478009,2025-26,2026-01-21,2,1,24,3
8478009,2025-26,2026-01-26,2,1,21,0
8478009,2025-26,2026-01-29,2,1,21,1
8478009,2025-26,2026-01-31,2,1,42,4
8478009,2025-26,2026-02-03,2,1,35,4
8478009,2025-26,2026-02-05,2,1,24,1
8478009,2025-26,2026-02-26,2,1,25,3
8478009,2025-26,2026-02-28,2,1,30,3
8478009,2025-26,2026-03-05,2,1,35,5
8478009,2025-26,2026-03-07,2,1,31,1
8478009,2025-26,2026-03-10,2,1,23,3
8478009,2025-26,2026-03-13,2,1,27,3
8478009,2025-26,2026-03-17,2,1,27,1
8478009,2025-26,2026-03-19,2,1,27,3
8478009,2025-26,2026-03-21,2,1,32,6
8478009,2025-26,2026-03-22,2,1,26,0
8478009,2025-26,2026-03-24,2,0,12,1
8478009,2025-26,2026-03-26,2,1,27,1
8478009,2025-26,2026-03-28,2,1,21,2
8478009,2025-26,2026-03-30,2,1,29,7
8478009,2025-26,2026-03-31,2,1,32,3
8478009,2025-26,2026-04-03,2,1,21,4
8478009,2025-26,2026-04-04,2,1,40,4
8478009,2025-26,2026-04-09,2,1,16,3
8478009,2025-26,2026-04-11,2,1,15,2
8478009,2025-26,2026-04-12,2,1,22,4
8478024,2020-21,2021-01-15,2,0,14,4
8478024,2020-21,2021-01-24,2,1,34,5
8478024,2020-21,2021-01-31,2,1,26,1
8478024,2020-21,2021-02-06,2,1,18,2
8478024,2020-21,2021-02-13,2,1,36,4
8478024,2020-21,2021-02-27,2,0,21,2
8478024,2020-21,2021-03-01,2,1,33,4
8478024,2020-21,2021-03-05,2,1,30,2
8478024,2020-21,2021-03-08,2,1,20,3
8478024,2020-21,2021-03-13,2,1,25,4
8478024,2020-21,2021-03-20,2,1,31,2
8478024,2020-21,2021-04-03,2,1,34,2
8478024,2020-21,2021-04-05,2,1,19,5
8478024,2020-21,2021-04-10,2,1,30,2
8478024,2020-21,2021-04-29,2,1,30,4
8478024,2020-21,2021-05-08,2,1,28,3
8478024,2020-21,2021-05-12,2,1,31,0
8478024,2021-22,2021-10-25,2,1,34,0
8478024,2021-22,2021-11-18,2,1,27,1
8478024,2021-22,2021-11-24,2,1,22,3
8478024,2021-22,2021-11-27,2,1,27,3
8478024,2021-22,2021-12-02,2,1,35,4
8478024,2021-22,2021-12-04,2,1,51,3
8478024,2021-22,2021-12-07,2,1,37,3
8478024,2021-22,2022-01-07,2,1,27,1
8478024,2021-22,2022-01-13,2,1,32,1
8478024,2021-22,2022-01-17,2,1,35,3
8478024,2021-22,2022-01-21,2,1,27,0
8478024,2021-22,2022-01-23,2,1,39,1
8478024,2021-22,2022-01-24,2,0,13,0
8478024,2021-22,2022-01-27,2,1,29,1
8478024,2021-22,2022-01-29,2,1,23,3
8478024,2021-22,2022-02-12,2,1,16,1
8478024,2021-22,2022-02-15,2,1,20,2
8478024,2021-22,2022-02-17,2,1,30,3
8478024,2021-22,2022-02-19,2,1,37,3
8478024,2021-22,2022-02-25,2,1,38,3
8478024,2021-22,2022-03-02,2,1,28,4
8478024,2021-22,2022-03-06,2,1,33,3
8478024,2021-22,2022-03-10,2,1,29,2
8478024,2021-22,2022-03-12,2,1,35,4
8478024,2021-22,2022-03-17,2,1,45,2
8478024,2021-22,2022-03-19,2,1,27,5
8478024,2021-22,2022-03-22,2,1,21,2
8478024,2021-22,2022-03-26,2,1,26,5
8478024,2021-22,2022-03-28,2,1,36,1
8478024,2021-22,2022-03-30,2,1,25,3
8478024,2021-22,2022-04-01,2,0,27,2
8478024,2021-22,2022-04-02,2,1,43,4
8478024,2021-22,2022-04-04,2,1,22,1
8478024,2021-22,2022-04-06,2,1,29,1
8478024,2021-22,2022-04-08,2,1,38,3
8478024,2021-22,2022-04-12,2,1,41,2
8478024,2021-22,2022-04-16,2,1,36,5
8478024,2021-22,2022-04-19,2,1,35,3
8478024,2021-22,2022-04-24,2,1,17,3
8478024,2021-22,2022-04-29,2,1,44,6
8478024,2021-22,2022-05-02,3,1,37,0
8478024,2021-22,2022-05-04,3,1,27,5
8478024,2021-22,2022-05-06,3,1,32,4
8478024,2021-22,2022-05-21,3,0,23,4
8478024,2021-22,2022-05-23,3,1,36,5
8478024,2021-22,2022-05-25,3,1,34,4
8478024,2021-22,2022-05-27,3,1,39,3
8478024,2022-23,2022-10-14,2,1,29,0
8478024,2022-23,2022-10-17,2,1,36,5
8478024,2022-23,2022-10-23,2,1,33,1
8478024,2022-23,2022-10-27,2,1,33,5
8478024,2022-23,2022-10-29,2,1,31,1
8478024,2022-23,2022-11-03,2,1,34,1
8478024,2022-23,2022-11-05,2,1,24,0
8478024,2022-23,2022-11-08,2,1,33,2
8478024,2022-23,2022-11-10,2,1,33,8
8478024,2022-23,2022-11-15,2,1,30,3
8478024,2022-23,2022-11-17,2,1,25,4
8478024,2022-23,2022-11-19,2,1,28,1
8478024,2022-23,2022-11-23,2,1,26,0
8478024,2022-23,2022-11-25,2,1,24,3
8478024,2022-23,2022-11-28,2,1,13,4
8478024,2022-23,2022-12-03,2,1,24,3
8478024,2022-23,2022-12-04,2,1,34,2
8478024,2022-23,2022-12-06,2,1,46,2
8478024,2022-23,2022-12-10,2,1,33,3
8478024,2022-23,2022-12-13,2,1,27,1
8478024,2022-23,2022-12-17,2,1,27,5
8478024,2022-23,2022-12-19,2,1,42,4
8478024,2022-23,2022-12-21,2,1,38,4
8478024,2022-23,2022-12-28,2,1,12,4
8478024,2022-23,2023-01-04,2,1,27,5
8478024,2022-23,2023-01-06,2,1,20,3
8478024,2022-23,2023-01-10,2,1,37,5
8478024,2022-23,2023-01-12,2,1,33,1
8478024,2022-23,2023-01-14,2,1,25,4
8478024,2022-23,2023-01-16,2,1,22,5
8478024,2022-23,2023-01-19,2,1,35,2
8478024,2022-23,2023-01-21,2,1,25,2
8478024,2022-23,2023-01-24,2,1,30,2
8478024,2022-23,2023-01-26,2,1,23,3
8478024,2022-23,2023-02-07,2,1,26,4
8478024,2022-23,2023-02-09,2,1,36,1
8478024,2022-23,2023-02-11,2,1,34,2
8478024,2022-23,2023-02-13,2,1,30,1
8478024,2022-23,2023-02-15,2,1,45,4
8478024,2022-23,2023-02-18,2,1,26,4
8478024,2022-23,2023-02-21,2,1,27,1
8478024,2022-23,2023-02-23,2,1,31,1
8478024,2022-23,2023-02-25,2,1,17,2
8478024,2022-23,2023-02-28,2,1,27,6
8478024,2022-23,2023-03-02,2,1,37,5
8478024,2022-23,2023-03-05,2,1,36,2
8478024,2022-23,2023-03-08,2,1,20,3
8478024,2022-23,2023-03-12,2,1,33,3
8478024,2022-23,2023-03-14,2,1,16,2
8478024,2022-23,2023-03-18,2,1,21,5
8478024,2022-23,2023-03-20,2,1,25,5
8478024,2022-23,2023-04-04,2,1,24,0
8478024,2022-23,2023-04-06,2,1,36,6
8478024,2022-23,2023-04-08,2,1,28,5
8478024,2022-23,2023-04-10,2,1,5,3
8478024,2022-23,2023-04-13,2,1,31,4
8478024,2023-24,2023-10-12,2,1,26,3
8478024,2023-24,2023-10-14,2,1,25,4
8478024,2023-24,2023-10-18,2,1,33,3
8478024,2023-24,2023-10-21,2,1,37,2
8478024,2023-24,2023-10-24,2,1,38,5
8478024,2023-24,2023-10-28,2,1,30,3
8478024,2023-24,2023-10-30,2,1,40,3
8478024,2023-24,2023-11-04,2,1,30,4
8478024,2023-24,2023-11-07,2,1,32,5
8478024,2023-24,2023-11-11,2,1,22,4
8478024,2023-24,2023-11-24,2,1,27,2
8478024,2023-24,2023-11-29,2,1,41,3
8478024,2023-24,2023-12-02,2,1,30,4
8478024,2023-24,2023-12-07,2,1,36,6
8478024,2023-24,2023-12-12,2,1,37,4
8478024,2023-24,2023-12-14,2,1,39,2
8478024,2023-24,2023-12-16,2,0,18,0
8478024,2023-24,2023-12-18,2,1,8,2
8478024,2023-24,2024-02-13,2,1,7,1
8478024,2024-25,2024-10-10,2,1,14,4
8478024,2024-25,2024-11-09,2,1,23,3
8478024,2024-25,2024-12-01,2,0,18,3
8478024,2024-25,2024-12-03,2,1,35,3
8478024,2024-25,2024-12-05,2,1,32,2
8478024,2024-25,2024-12-07,2,1,25,2
8478024,2024-25,2024-12-09,2,1,7,3
8478024,2024-25,2024-12-14,2,1,25,2
8478024,2024-25,2025-01-14,2,1,23,5
8478024,2024-25,2025-03-12,2,1,39,3
8478024,2024-25,2025-03-16,2,0,12,2
8478024,2024-25,2025-04-09,2,1,39,3
8478024,2024-25,2025-04-16,2,1,44,2
8478024,2025-26,2025-11-28,2,1,27,4
8478024,2025-26,2025-11-30,2,0,1,1
8478024,2025-26,2025-12-01,2,1,22,1
8478024,2025-26,2025-12-03,2,1,21,4
8478024,2025-26,2025-12-05,2,1,21,3
8478024,2025-26,2025-12-07,2,1,20,1
8478024,2025-26,2025-12-09,2,1,47,3
8478024,2025-26,2025-12-11,2,1,37,5
8478024,2025-26,2025-12-16,2,1,28,4
8478024,2025-26,2026-01-08,2,1,34,4
8478024,2025-26,2026-01-17,2,1,18,1
8478024,2025-26,2026-01-26,2,1,30,5
8478024,2025-26,2026-03-04,2,1,43,1
8478024,2025-26,2026-03-08,2,1,34,3
8478024,2025-26,2026-03-14,2,1,28,2
8478024,2025-26,2026-03-22,2,1,29,5
8478024,2025-26,2026-03-26,2,1,25,2
8478024,2025-26,2026-03-30,2,1,29,5
8478024,2025-26,2026-04-04,2,1,19,4
8478024,2025-26,2026-04-16,2,1,21,4
8478024,2025-26,2026-04-28,3,0,11,1
8478024,2025-26,2026-05-08,3,0,19,2
8478039,2020-21,2021-01-20,2,1,24,2
8478039,2020-21,2021-01-22,2,0,17,0
8478039,2020-21,2021-01-24,2,1,35,4
8478039,2020-21,2021-01-26,2,1,21,2
8478039,2020-21,2021-01-28,2,1,35,3
8478039,2020-21,2021-01-30,2,1,33,5
8478039,2020-21,2021-02-16,2,1,28,3
8478039,2020-21,2021-02-18,2,1,17,1
8478039,2020-21,2021-02-20,2,1,27,1
8478039,2020-21,2021-02-22,2,1,33,2
8478039,2020-21,2021-02-24,2,1,32,2
8478039,2020-21,2021-02-27,2,1,28,3
8478039,2020-21,2021-03-05,2,1,25,1
8478039,2020-21,2021-03-08,2,1,26,0
8478039,2020-21,2021-03-10,2,1,27,3
8478039,2020-21,2021-03-16,2,1,31,0
8478039,2020-21,2021-03-20,2,1,42,6
8478039,2020-21,2021-03-31,2,1,32,3
8478039,2020-21,2021-04-09,2,1,38,9
8478039,2020-21,2021-04-17,2,1,28,2
8478039,2020-21,2021-04-24,2,1,30,3
8478039,2020-21,2021-05-01,2,1,31,3
8478039,2020-21,2021-05-07,2,1,25,3
8478039,2020-21,2021-05-13,2,1,27,7
8478039,2021-22,2021-10-24,2,1,29,5
8478039,2021-22,2021-11-07,2,1,21,2
8478039,2021-22,2021-11-10,2,1,26,2
8478039,2021-22,2021-11-21,2,1,24,4
8478039,2021-22,2021-11-30,2,1,31,2
8478039,2021-22,2021-12-02,2,1,31,2
8478039,2021-22,2021-12-11,2,1,37,2
8478039,2021-22,2022-01-01,2,0,4,0
8478039,2021-22,2022-01-06,2,1,38,2
8478039,2021-22,2022-01-08,2,1,31,2
8478039,2021-22,2022-01-14,2,1,42,3
8478039,2021-22,2022-01-17,2,1,38,3
8478039,2021-22,2022-01-21,2,1,36,1
8478039,2021-22,2022-01-22,2,1,36,3
8478039,2021-22,2022-01-24,2,0,6,1
8478039,2021-22,2022-01-30,2,1,43,3
8478039,2021-22,2022-02-08,2,1,28,1
8478039,2021-22,2022-02-14,2,1,34,4
8478039,2021-22,2022-02-20,2,1,33,3
8478039,2021-22,2022-02-24,2,1,24,2
8478039,2021-22,2022-02-26,2,1,33,5
8478039,2021-22,2022-03-04,2,1,37,4
8478039,2021-22,2022-03-06,2,1,21,4
8478039,2021-22,2022-03-11,2,1,28,2
8478039,2021-22,2022-03-13,2,1,23,4
8478039,2021-22,2022-03-24,2,1,40,4
8478039,2021-22,2022-03-31,2,1,46,4
8478039,2021-22,2022-04-02,2,1,14,4
8478039,2021-22,2022-04-07,2,0,5,0
8478039,2021-22,2022-04-09,2,1,38,3
8478039,2021-22,2022-04-12,2,1,41,1
8478039,2021-22,2022-04-16,2,1,26,2
8478039,2021-22,2022-04-19,2,1,24,2
8478039,2021-22,2022-04-23,2,1,28,1
8478039,2021-22,2022-04-26,2,1,30,4
8478039,2021-22,2022-04-29,2,1,30,2
8478039,2022-23,2022-10-08,2,1,18,3
8478039,2022-23,2022-10-15,2,1,25,5
8478039,2022-23,2022-10-22,2,1,36,2
8478039,2022-23,2022-10-27,2,1,25,3
8478039,2022-23,2022-11-01,2,1,44,5
8478039,2022-23,2022-11-10,2,1,32,4
8478039,2022-23,2022-11-21,2,1,38,1
8478039,2022-23,2022-11-23,2,1,26,7
8478039,2022-23,2022-11-27,2,1,20,4
8478039,2022-23,2022-11-29,2,1,28,0
8478039,2022-23,2022-12-03,2,1,39,5
8478039,2022-23,2022-12-07,2,1,19,4
8478039,2022-23,2022-12-18,2,1,25,5
8478039,2022-23,2022-12-29,2,1,26,4
8478039,2022-23,2023-01-01,2,1,22,2
8478039,2022-23,2023-01-06,2,1,29,5
8478039,2022-23,2023-01-10,2,1,29,2
8478039,2022-23,2023-01-13,2,1,41,7
8478039,2022-23,2023-01-21,2,1,28,4
8478039,2022-23,2023-01-28,2,1,41,4
8478039,2022-23,2023-02-07,2,1,37,3
8478039,2022-23,2023-02-09,2,1,40,2
8478039,2022-23,2023-02-12,2,1,13,1
8478039,2022-23,2023-02-16,2,1,38,2
8478039,2022-23,2023-02-18,2,1,30,3
8478039,2022-23,2023-02-25,2,1,35,3
8478039,2022-23,2023-02-28,2,1,31,2
8478039,2022-23,2023-03-04,2,1,30,8
8478039,2022-23,2023-03-07,2,1,24,5
8478039,2022-23,2023-03-09,2,1,30,4
8478039,2022-23,2023-03-14,2,1,48,6
8478039,2022-23,2023-03-18,2,1,33,4
8478039,2022-23,2023-03-25,2,1,29,4
8478039,2022-23,2023-04-01,2,1,31,2
8478039,2022-23,2023-04-04,2,1,42,4
8478039,2022-23,2023-04-06,2,1,19,4
8478039,2022-23,2023-04-12,2,1,48,2
8478039,2023-24,2023-10-12,2,1,32,4
8478039,2023-24,2023-10-19,2,1,36,3
8478039,2023-24,2023-10-26,2,0,10,1
8478039,2023-24,2023-10-27,2,1,40,3
8478039,2023-24,2023-11-02,2,1,19,6
8478039,2023-24,2023-11-10,2,1,39,5
8478039,2023-24,2023-11-16,2,1,45,1
8478039,2023-24,2023-11-22,2,1,17,4
8478039,2023-24,2023-11-25,2,1,33,3
8478039,2023-24,2023-12-01,2,1,47,3
8478039,2023-24,2023-12-05,2,1,39,4
8478039,2023-24,2023-12-07,2,0,11,1
8478039,2023-24,2023-12-10,2,1,27,4
8478039,2023-24,2023-12-15,2,1,24,1
8478039,2023-24,2023-12-19,2,1,38,3
8478039,2023-24,2023-12-27,2,1,43,5
8478039,2023-24,2023-12-28,2,0,18,1
8478039,2023-24,2023-12-31,2,1,32,2
8478039,2023-24,2024-01-02,2,1,30,4
8478039,2023-24,2024-01-09,2,1,20,4
8478039,2023-24,2024-01-15,2,1,34,2
8478039,2023-24,2024-01-22,2,1,47,3
8478039,2023-24,2024-01-27,2,1,35,4
8478039,2023-24,2024-01-31,2,1,34,3
8478039,2023-24,2024-02-14,2,1,39,1
8478039,2023-24,2024-02-17,2,1,41,4
8478039,2023-24,2024-02-24,2,1,34,3
8478039,2023-24,2024-02-27,2,0,31,7
8478039,2023-24,2024-02-29,2,1,29,5
8478039,2023-24,2024-03-03,2,1,32,4
8478039,2023-24,2024-03-05,2,1,40,7
8478039,2023-24,2024-03-11,2,1,25,2
8478039,2023-24,2024-03-16,2,1,15,3
8478039,2023-24,2024-03-24,2,1,36,0
8478039,2023-24,2024-04-03,2,1,41,4
8478039,2023-24,2024-04-07,2,1,5,1
8478039,2023-24,2024-04-13,2,1,21,1
8478048,2020-21,2021-01-14,2,1,33,4
8478048,2020-21,2021-01-19,2,0,8,0
8478048,2020-21,2021-01-22,2,1,28,3
8478048,2020-21,2021-01-24,2,1,19,3
8478048,2020-21,2021-01-28,2,1,25,2
8478048,2020-21,2021-02-01,2,1,26,1
8478048,2020-21,2021-02-04,2,1,33,2
8478048,2020-21,2021-02-08,2,1,30,2
8478048,2020-21,2021-02-12,2,1,30,1
8478048,2020-21,2021-02-16,2,1,36,4
8478048,2020-21,2021-02-20,2,1,27,1
8478048,2020-21,2021-02-24,2,1,39,4
8478048,2020-21,2021-02-28,2,0,2,1
8478048,2020-21,2021-03-02,2,1,24,2
8478048,2020-21,2021-03-04,2,1,33,1
8478048,2020-21,2021-03-25,2,1,44,3
8478048,2020-21,2021-03-27,2,1,37,2
8478048,2020-21,2021-03-30,2,1,32,2
8478048,2020-21,2021-04-01,2,1,23,2
8478048,2020-21,2021-04-03,2,1,29,2
8478048,2020-21,2021-04-06,2,1,45,4
8478048,2020-21,2021-04-08,2,1,31,4
8478048,2020-21,2021-04-11,2,1,32,3
8478048,2020-21,2021-04-13,2,1,27,0
8478048,2020-21,2021-04-15,2,1,16,0
8478048,2020-21,2021-04-17,2,1,33,3
8478048,2020-21,2021-04-18,2,0,2,0
8478048,2020-21,2021-04-20,2,1,28,6
8478048,2020-21,2021-04-22,2,1,36,3
8478048,2020-21,2021-04-25,2,1,34,3
8478048,2020-21,2021-04-27,2,1,37,1
8478048,2020-21,2021-04-29,2,1,26,3
8478048,2020-21,2021-05-03,2,1,39,5
8478048,2020-21,2021-05-06,2,1,34,4
8478048,2020-21,2021-05-08,2,0,9,2
8478048,2021-22,2021-10-14,2,1,26,3
8478048,2021-22,2021-10-16,2,1,32,1
8478048,2021-22,2021-10-18,2,1,41,1
8478048,2021-22,2021-10-21,2,1,29,1
8478048,2021-22,2021-10-25,2,1,37,5
8478048,2021-22,2021-10-29,2,1,31,0
8478048,2021-22,2021-10-31,2,1,32,1
8478048,2021-22,2021-11-02,2,1,36,3
8478048,2021-22,2021-11-06,2,1,37,6
8478048,2021-22,2021-11-08,2,1,45,3
8478048,2021-22,2021-11-13,2,1,34,3
8478048,2021-22,2021-11-16,2,1,33,2
8478048,2021-22,2021-11-18,2,1,30,2
8478048,2021-22,2021-11-21,2,0,4,0
8478048,2021-22,2021-11-24,2,1,21,1
8478048,2021-22,2021-11-26,2,1,36,2
8478048,2021-22,2021-12-01,2,1,34,1
8478048,2021-22,2021-12-03,2,1,19,0
8478048,2021-22,2021-12-29,2,1,32,4
8478048,2021-22,2021-12-31,2,1,28,3
8478048,2021-22,2022-01-02,2,1,38,0
8478048,2021-22,2022-01-13,2,1,37,0
8478048,2021-22,2022-01-15,2,1,28,2
8478048,2021-22,2022-01-19,2,1,38,3
8478048,2021-22,2022-01-22,2,1,29,3
8478048,2021-22,2022-01-24,2,1,36,2
8478048,2021-22,2022-01-28,2,1,34,3
8478048,2021-22,2022-01-30,2,1,42,2
8478048,2021-22,2022-02-01,2,1,36,2
8478048,2021-22,2022-02-15,2,1,32,1
8478048,2021-22,2022-02-17,2,1,33,2
8478048,2021-22,2022-02-20,2,1,30,1
8478048,2021-22,2022-02-24,2,1,37,1
8478048,2021-22,2022-02-26,2,1,26,1
8478048,2021-22,2022-03-02,2,1,32,3
8478048,2021-22,2022-03-04,2,1,33,1
8478048,2021-22,2022-03-06,2,1,46,1
8478048,2021-22,2022-03-10,2,1,17,4
8478048,2021-22,2022-03-12,2,1,33,4
8478048,2021-22,2022-03-17,2,1,28,2
8478048,2021-22,2022-03-19,2,1,29,1
8478048,2021-22,2022-03-22,2,1,24,5
8478048,2021-22,2022-03-25,2,1,21,1
8478048,2021-22,2022-03-29,2,1,24,2
8478048,2021-22,2022-04-01,2,1,18,3
8478048,2021-22,2022-04-03,2,1,26,3
8478048,2021-22,2022-04-07,2,1,30,0
8478048,2021-22,2022-04-09,2,1,22,1
8478048,2021-22,2022-04-12,2,1,24,3
8478048,2021-22,2022-04-16,2,1,20,0
8478048,2021-22,2022-04-19,2,1,31,0
8478048,2021-22,2022-04-23,2,1,35,3
8478048,2021-22,2022-04-26,2,1,36,4
8478048,2021-22,2022-05-03,3,1,83,4
8478048,2021-22,2022-05-05,3,1,41,2
8478048,2021-22,2022-05-07,3,1,15,4
8478048,2021-22,2022-05-09,3,1,30,6
8478048,2021-22,2022-05-11,3,1,32,3
8478048,2021-22,2022-05-13,3,1,34,3
8478048,2021-22,2022-05-15,3,1,42,3
8478048,2021-22,2022-05-18,3,1,26,2
8478048,2021-22,2022-05-20,3,1,21,1
8478048,2021-22,2022-05-22,3,1,44,1
8478048,2021-22,2022-05-24,3,1,31,1
8478048,2021-22,2022-05-26,3,1,34,3
8478048,2021-22,2022-05-28,3,1,39,2
8478048,2021-22,2022-05-30,3,1,39,2
8478048,2021-22,2022-06-01,3,1,39,2
8478048,2021-22,2022-06-03,3,1,31,2
8478048,2021-22,2022-06-05,3,1,52,3
8478048,2021-22,2022-06-07,3,1,30,3
8478048,2021-22,2022-06-09,3,1,26,2
8478048,2021-22,2022-06-11,3,1,31,2
8478048,2022-23,2022-10-11,2,1,26,1
8478048,2022-23,2022-10-13,2,1,36,3
8478048,2022-23,2022-10-17,2,1,22,4
8478048,2022-23,2022-10-20,2,1,27,3
8478048,2022-23,2022-10-25,2,1,44,2
8478048,2022-23,2022-10-29,2,1,33,3
8478048,2022-23,2022-10-30,2,1,20,2
8478048,2022-23,2022-11-01,2,1,19,0
8478048,2022-23,2022-11-03,2,1,36,4
8478048,2022-23,2022-11-08,2,1,26,4
8478048,2022-23,2022-11-10,2,1,20,2
8478048,2022-23,2022-11-13,2,1,32,1
8478048,2022-23,2022-11-17,2,1,32,3
8478048,2022-23,2022-11-19,2,1,23,1
8478048,2022-23,2022-11-22,2,1,38,3
8478048,2022-23,2022-11-26,2,1,32,4
8478048,2022-23,2022-11-28,2,1,37,4
8478048,2022-23,2022-12-02,2,1,37,3
8478048,2022-23,2022-12-05,2,1,29,4
8478048,2022-23,2022-12-07,2,1,26,1
8478048,2022-23,2022-12-09,2,1,42,1
8478048,2022-23,2022-12-12,2,1,29,3
8478048,2022-23,2022-12-15,2,1,23,1
8478048,2022-23,2022-12-18,2,1,30,1
8478048,2022-23,2022-12-20,2,1,24,3
8478048,2022-23,2022-12-22,2,1,18,3
8478048,2022-23,2022-12-27,2,1,29,3
8478048,2022-23,2022-12-29,2,1,40,1
8478048,2022-23,2023-01-03,2,1,23,3
8478048,2022-23,2023-01-07,2,1,43,4
8478048,2022-23,2023-01-10,2,1,32,3
8478048,2022-23,2023-01-12,2,1,25,1
8478048,2022-23,2023-01-15,2,1,31,2
8478048,2022-23,2023-01-19,2,1,27,3
8478048,2022-23,2023-01-23,2,1,35,2
8478048,2022-23,2023-01-25,2,1,35,3
8478048,2022-23,2023-02-08,2,1,25,3
8478048,2022-23,2023-02-10,2,1,29,3
8478048,2022-23,2023-02-15,2,1,29,4
8478048,2022-23,2023-02-17,2,1,29,4
8478048,2022-23,2023-02-20,2,1,21,4
8478048,2022-23,2023-02-25,2,1,22,5
8478048,2022-23,2023-02-26,2,1,28,2
8478048,2022-23,2023-03-01,2,1,28,2
8478048,2022-23,2023-03-04,2,1,24,4
8478048,2022-23,2023-03-09,2,1,26,3
8478048,2022-23,2023-03-11,2,1,33,1
8478048,2022-23,2023-03-14,2,1,31,3
8478048,2022-23,2023-03-16,2,1,32,2
8478048,2022-23,2023-03-18,2,1,33,0
8478048,2022-23,2023-03-21,2,1,39,3
8478048,2022-23,2023-03-23,2,1,30,1
8478048,2022-23,2023-03-28,2,1,30,2
8478048,2022-23,2023-03-30,2,1,31,2
8478048,2022-23,2023-04-02,2,1,28,2
8478048,2022-23,2023-04-05,2,1,31,3
8478048,2022-23,2023-04-08,2,1,20,0
8478048,2022-23,2023-04-10,2,1,39,2
8478048,2022-23,2023-04-18,3,1,28,1
8478048,2022-23,2023-04-20,3,1,24,1
8478048,2022-23,2023-04-22,3,1,28,2
8478048,2022-23,2023-04-24,3,1,22,2
8478048,2022-23,2023-04-27,3,1,42,3
8478048,2022-23,2023-04-29,3,1,36,2
8478048,2022-23,2023-05-01,3,1,23,3
8478048,2023-24,2023-10-12,2,1,25,1
8478048,2023-24,2023-10-14,2,1,21,5
8478048,2023-24,2023-10-16,2,1,27,1
8478048,2023-24,2023-10-19,2,1,18,4
8478048,2023-24,2023-10-24,2,1,26,1
8478048,2023-24,2023-10-28,2,1,33,3
8478048,2023-24,2023-10-30,2,1,29,2
8478048,2023-24,2023-11-02,2,1,27,1
8478048,2023-24,2023-11-18,2,1,33,3
8478048,2023-24,2023-11-20,2,1,34,4
8478048,2023-24,2023-11-24,2,1,37,1
8478048,2023-24,2023-11-27,2,1,38,4
8478048,2023-24,2023-11-29,2,1,27,2
8478048,2023-24,2023-12-02,2,1,40,3
8478048,2023-24,2023-12-05,2,1,35,5
8478048,2023-24,2023-12-09,2,1,29,4
8478048,2023-24,2023-12-12,2,1,29,6
8478048,2023-24,2023-12-16,2,1,22,1
8478048,2023-24,2023-12-19,2,1,33,2
8478048,2023-24,2023-12-23,2,1,30,3
8478048,2023-24,2023-12-27,2,1,27,1
8478048,2023-24,2023-12-30,2,1,35,1
8478048,2023-24,2024-01-02,2,1,27,6
8478048,2023-24,2024-01-04,2,1,23,1
8478048,2023-24,2024-01-08,2,1,25,5
8478048,2023-24,2024-01-11,2,1,19,4
8478048,2023-24,2024-01-14,2,1,25,1
8478048,2023-24,2024-01-16,2,1,31,2
8478048,2023-24,2024-01-18,2,1,25,4
8478048,2023-24,2024-01-21,2,1,18,2
8478048,2023-24,2024-01-23,2,1,22,3
8478048,2023-24,2024-01-26,2,1,19,4
8478048,2023-24,2024-02-09,2,1,31,3
8478048,2023-24,2024-02-12,2,1,29,0
8478048,2023-24,2024-02-18,2,1,41,5
8478048,2023-24,2024-02-20,2,1,42,1
8478048,2023-24,2024-02-22,2,1,40,1
8478048,2023-24,2024-02-24,2,1,40,1
8478048,2023-24,2024-02-28,2,1,31,1
8478048,2023-24,2024-03-02,2,1,34,3
8478048,2023-24,2024-03-04,2,1,29,3
8478048,2023-24,2024-03-09,2,1,26,0
8478048,2023-24,2024-03-12,2,1,28,0
8478048,2023-24,2024-03-14,2,1,27,5
8478048,2023-24,2024-03-17,2,1,27,2
8478048,2023-24,2024-03-19,2,1,26,3
8478048,2023-24,2024-03-23,2,1,30,3
8478048,2023-24,2024-03-26,2,1,42,5
8478048,2023-24,2024-03-28,2,1,40,2
8478048,2023-24,2024-04-01,2,1,18,3
8478048,2023-24,2024-04-03,2,1,20,3
8478048,2023-24,2024-04-07,2,1,28,2
8478048,2023-24,2024-04-09,2,1,27,3
8478048,2023-24,2024-04-13,2,1,36,2
8478048,2023-24,2024-04-15,2,1,25,0
8478048,2023-24,2024-04-21,3,1,21,1
8478048,2023-24,2024-04-23,3,1,25,3
8478048,2023-24,2024-04-26,3,1,30,1
8478048,2023-24,2024-04-28,3,1,25,2
8478048,2023-24,2024-05-05,3,1,25,3
8478048,2023-24,2024-05-07,3,1,57,3
8478048,2023-24,2024-05-09,3,1,47,2
8478048,2023-24,2024-05-11,3,1,31,4
8478048,2023-24,2024-05-13,3,1,27,3
8478048,2023-24,2024-05-16,3,1,36,3
8478048,2023-24,2024-05-22,3,1,26,2
8478048,2023-24,2024-05-24,3,1,27,1
8478048,2023-24,2024-05-26,3,1,37,4
8478048,2023-24,2024-05-28,3,1,40,3
8478048,2023-24,2024-05-30,3,1,36,2
8478048,2023-24,2024-06-01,3,1,34,2
8478048,2024-25,2024-10-09,2,1,31,0
8478048,2024-25,2024-10-12,2,1,26,6
8478048,2024-25,2024-10-14,2,1,32,1
8478048,2024-25,2024-10-19,2,1,35,1
8478048,2024-25,2024-10-22,2,1,23,2
8478048,2024-25,2024-10-24,2,1,29,3
8478048,2024-25,2024-10-29,2,1,45,4
8478048,2024-25,2024-11-01,2,1,41,1
8478048,2024-25,2024-11-03,2,1,37,2
8478048,2024-25,2024-11-07,2,1,12,5
8478048,2024-25,2024-11-12,2,1,32,5
8478048,2024-25,2024-11-14,2,1,27,2
8478048,2024-25,2024-11-19,2,1,24,3
8478048,2024-25,2024-11-21,2,1,49,3
8478048,2024-25,2024-11-25,2,1,43,4
8478048,2024-25,2024-11-27,2,1,31,4
8478048,2024-25,2024-11-29,2,1,34,2
8478048,2024-25,2024-12-02,2,1,28,5
8478048,2024-25,2024-12-06,2,1,22,2
8478048,2024-25,2024-12-09,2,1,32,2
8478048,2024-25,2024-12-11,2,1,31,2
8478048,2024-25,2024-12-14,2,1,21,5
8478048,2024-25,2024-12-17,2,1,32,2
8478048,2024-25,2024-12-20,2,1,42,1
8478048,2024-25,2024-12-22,2,1,32,2
8478048,2024-25,2024-12-28,2,1,13,5
8478048,2024-25,2024-12-30,2,1,25,4
8478048,2024-25,2025-01-09,2,1,23,2
8478048,2024-25,2025-01-11,2,1,30,1
8478048,2024-25,2025-01-14,2,1,26,3
8478048,2024-25,2025-01-16,2,1,31,3
8478048,2024-25,2025-01-18,2,1,27,0
8478048,2024-25,2025-01-21,2,1,20,0
8478048,2024-25,2025-01-23,2,1,34,1
8478048,2024-25,2025-01-26,2,1,22,5
8478048,2024-25,2025-01-28,2,1,26,4
8478048,2024-25,2025-02-01,2,1,24,5
8478048,2024-25,2025-02-05,2,1,17,2
8478048,2024-25,2025-02-07,2,1,26,3
8478048,2024-25,2025-02-22,2,1,16,5
8478048,2024-25,2025-02-23,2,1,40,3
8478048,2024-25,2025-02-25,2,1,37,1
8478048,2024-25,2025-02-28,2,1,16,3
8478048,2024-25,2025-03-03,2,1,21,0
8478048,2024-25,2025-03-05,2,1,26,3
8478048,2024-25,2025-03-08,2,1,37,4
8478048,2024-25,2025-03-11,2,1,24,2
8478048,2024-25,2025-03-13,2,1,28,2
8478048,2024-25,2025-03-15,2,1,21,0
8478048,2024-25,2025-03-16,2,1,23,3
8478048,2024-25,2025-03-18,2,1,35,2
8478048,2024-25,2025-03-20,2,1,28,4
8478048,2024-25,2025-03-22,2,1,39,3
8478048,2024-25,2025-03-25,2,1,32,2
8478048,2024-25,2025-03-28,2,1,33,5
8478048,2024-25,2025-04-02,2,1,24,4
8478048,2024-25,2025-04-05,2,1,15,3
8478048,2024-25,2025-04-07,2,1,22,4
8478048,2024-25,2025-04-10,2,1,46,2
8478048,2024-25,2025-04-12,2,1,26,5
8478048,2024-25,2025-04-17,2,1,27,0
8478048,2025-26,2025-10-07,2,1,29,1
8478048,2025-26,2025-10-09,2,1,37,0
8478048,2025-26,2025-10-11,2,1,19,1
8478048,2025-26,2025-10-14,2,1,21,1
8478048,2025-26,2025-10-16,2,1,24,2
8478048,2025-26,2025-10-20,2,1,31,2
8478048,2025-26,2025-10-23,2,1,24,6
8478048,2025-26,2025-10-26,2,1,30,5
8478048,2025-26,2025-10-30,2,1,36,3
8478048,2025-26,2025-11-01,2,1,13,2
8478048,2025-26,2025-11-04,2,1,31,2
8478048,2025-26,2025-11-08,2,1,25,4
8478048,2025-26,2025-11-10,2,1,30,3
8478048,2025-26,2025-11-12,2,1,36,3
8478048,2025-26,2025-11-15,2,1,27,1
8478048,2025-26,2025-11-18,2,1,26,3
8478048,2025-26,2025-11-20,2,1,33,4
8478048,2025-26,2025-11-24,2,1,21,2
8478048,2025-26,2025-11-26,2,1,38,2
8478048,2025-26,2025-11-28,2,1,21,2
8478048,2025-26,2025-11-29,2,1,34,3
8478048,2025-26,2025-12-02,2,1,26,2
8478048,2025-26,2025-12-04,2,1,27,2
8478048,2025-26,2025-12-06,2,1,42,3
8478048,2025-26,2025-12-10,2,1,25,3
8478048,2025-26,2025-12-13,2,1,18,4
8478048,2025-26,2025-12-15,2,1,25,3
8478048,2025-26,2025-12-18,2,1,27,1
8478048,2025-26,2025-12-20,2,1,32,4
8478048,2025-26,2025-12-23,2,1,32,3
8478048,2025-26,2025-12-27,2,1,25,1
8478048,2025-26,2025-12-29,2,1,35,3
8478048,2025-26,2026-01-02,2,1,37,1
8478048,2025-26,2026-01-05,2,1,9,0
8478048,2025-26,2026-02-26,2,1,24,3
8478048,2025-26,2026-02-28,2,1,34,2
8478048,2025-26,2026-03-02,2,1,29,5
8478048,2025-26,2026-03-05,2,1,32,2
8478048,2025-26,2026-03-09,2,1,34,2
8478048,2025-26,2026-03-12,2,1,26,3
8478048,2025-26,2026-03-14,2,1,48,2
8478048,2025-26,2026-03-16,2,1,25,3
8478048,2025-26,2026-03-19,2,1,36,5
8478048,2025-26,2026-03-23,2,1,33,2
8478048,2025-26,2026-03-25,2,1,18,4
8478048,2025-26,2026-03-29,2,1,27,1
8478048,2025-26,2026-03-31,2,1,23,1
8478048,2025-26,2026-04-02,2,1,25,3
8478048,2025-26,2026-04-05,2,1,21,1
8478048,2025-26,2026-04-08,2,1,26,4
8478048,2025-26,2026-04-11,2,1,18,1
8478406,2020-21,2021-01-14,2,1,37,2
8478406,2020-21,2021-01-16,2,1,28,1
8478406,2020-21,2021-01-19,2,1,50,3
8478406,2020-21,2021-02-16,2,1,39,2
8478406,2020-21,2021-02-18,2,1,27,2
8478406,2020-21,2021-02-20,2,1,29,3
8478406,2020-21,2021-02-23,2,1,36,3
8478406,2020-21,2021-02-25,2,1,32,3
8478406,2020-21,2021-02-27,2,1,23,4
8478406,2020-21,2021-02-28,2,1,23,3
8478406,2020-21,2021-03-04,2,1,15,4
8478406,2020-21,2021-03-06,2,1,27,5
8478406,2020-21,2021-03-11,2,1,33,5
8478406,2020-21,2021-03-13,2,1,29,3
8478406,2020-21,2021-03-16,2,1,35,2
8478406,2020-21,2021-03-21,2,1,36,1
8478406,2020-21,2021-03-23,2,1,33,3
8478406,2020-21,2021-03-25,2,1,22,4
8478406,2020-21,2021-03-28,2,1,40,0
8478406,2020-21,2021-03-30,2,1,48,4
8478406,2020-21,2021-04-02,2,1,40,2
8478406,2020-21,2021-04-04,2,1,19,5
8478406,2020-21,2021-04-09,2,1,26,5
8478406,2020-21,2021-04-11,2,1,23,4
8478406,2020-21,2021-04-13,2,1,19,2
8478406,2020-21,2021-04-15,2,1,33,4
8478406,2020-21,2021-04-18,2,1,25,4
8478406,2020-21,2021-04-24,2,1,36,3
8478406,2020-21,2021-04-25,2,1,36,3
8478406,2020-21,2021-04-27,2,1,30,4
8478406,2020-21,2021-04-29,2,1,24,3
8478406,2020-21,2021-05-01,2,1,32,1
8478406,2020-21,2021-05-04,2,1,36,3
8478406,2020-21,2021-05-06,2,1,33,1
8478406,2020-21,2021-05-08,2,1,27,5
8478406,2021-22,2021-11-05,2,1,29,3
8478406,2021-22,2021-11-09,2,1,38,3
8478406,2021-22,2021-11-11,2,1,42,0
8478406,2021-22,2021-11-14,2,1,33,3
8478406,2021-22,2021-11-18,2,1,27,4
8478406,2021-22,2021-11-20,2,1,34,3
8478406,2021-22,2021-11-24,2,1,27,2
8478406,2021-22,2021-11-28,2,1,25,2
8478406,2021-22,2021-11-30,2,1,30,4
8478406,2021-22,2021-12-02,2,1,38,5
8478406,2021-22,2021-12-03,2,0,8,2
8478406,2021-22,2021-12-06,2,1,23,2
8478406,2021-22,2021-12-08,2,1,25,0
8478406,2021-22,2021-12-10,2,1,27,3
8478406,2021-22,2021-12-14,2,1,22,5
8478406,2021-22,2021-12-16,2,1,29,4
8478406,2021-22,2021-12-29,2,1,22,3
8478406,2021-22,2021-12-31,2,1,37,5
8478406,2021-22,2022-01-02,2,1,30,3
8478406,2021-22,2022-01-04,2,1,34,5
8478406,2021-22,2022-01-06,2,1,32,1
8478406,2021-22,2022-01-08,2,1,34,4
8478406,2021-22,2022-01-19,2,1,17,4
8478406,2021-22,2022-04-26,2,1,34,5
8478406,2021-22,2022-04-29,2,1,34,4
8478406,2022-23,2022-10-13,2,1,24,4
8478406,2022-23,2022-10-18,2,1,20,2
8478406,2022-23,2022-10-20,2,1,17,1
8478406,2022-23,2022-10-22,2,1,22,1
8478406,2022-23,2022-10-24,2,1,18,5
8478406,2022-23,2022-11-01,2,1,23,2
8478406,2022-23,2022-11-03,2,1,18,2
8478406,2022-23,2022-12-20,2,0,7,1
8478406,2022-23,2022-12-21,2,1,36,2
8478406,2022-23,2022-12-23,2,1,18,4
8478406,2022-23,2023-01-01,2,1,47,4
8478406,2022-23,2023-01-14,2,1,37,2
8478406,2022-23,2023-01-19,2,1,40,4
8478406,2022-23,2023-01-26,2,1,40,5
8478406,2022-23,2023-02-09,2,1,34,1
8478406,2022-23,2023-02-16,2,1,35,4
8478406,2022-23,2023-02-19,2,1,25,2
8478406,2022-23,2023-03-25,2,1,28,3
8478406,2022-23,2023-04-01,2,1,17,3
8478406,2022-23,2023-04-02,2,0,6,2
8478406,2022-23,2023-04-08,2,1,40,2
8478406,2022-23,2023-04-13,2,1,11,4
8478406,2023-24,2023-10-14,2,1,52,1
8478406,2023-24,2023-10-17,2,1,42,6
8478406,2023-24,2023-10-21,2,1,34,5
8478406,2023-24,2023-10-24,2,1,35,2
8478406,2023-24,2023-10-26,2,1,21,5
8478406,2023-24,2023-10-29,2,1,41,2
8478406,2023-24,2023-11-02,2,0,14,4
8478406,2023-24,2023-11-04,2,1,18,6
8478406,2023-24,2023-11-07,2,1,39,1
8478406,2023-24,2023-11-09,2,1,41,2
8478406,2023-24,2023-11-12,2,1,44,4
8478406,2023-24,2023-11-14,2,1,30,4
8478406,2023-24,2023-11-20,2,1,37,3
8478406,2023-24,2023-11-22,2,0,13,3
8478406,2023-24,2023-11-24,2,1,24,2
8478406,2023-24,2023-11-27,2,1,34,1
8478406,2023-24,2023-11-30,2,1,37,3
8478406,2023-24,2023-12-03,2,1,36,6
8478406,2023-24,2023-12-07,2,1,20,4
8478406,2023-24,2023-12-12,2,1,37,1
8478406,2023-24,2023-12-17,2,1,28,5
8478406,2023-24,2023-12-21,2,1,30,5
8478406,2023-24,2023-12-23,2,1,25,6
8478406,2023-24,2024-01-04,2,1,30,2
8478406,2023-24,2024-01-06,2,1,32,4
8478406,2023-24,2024-01-09,2,0,26,3
8478406,2023-24,2024-01-11,2,1,35,2
8478406,2023-24,2024-01-13,2,1,41,5
8478406,2023-24,2024-01-16,2,1,25,1
8478406,2023-24,2024-01-20,2,1,34,3
8478406,2023-24,2024-01-23,2,1,31,2
8478406,2023-24,2024-01-30,2,1,32,0
8478406,2023-24,2024-02-15,2,1,34,3
8478406,2023-24,2024-02-19,2,1,26,4
8478406,2023-24,2024-02-27,2,1,13,0
8478406,2023-24,2024-03-21,2,1,21,4
8478406,2023-24,2024-03-26,2,1,41,6
8478406,2023-24,2024-03-28,2,1,31,2
8478406,2023-24,2024-03-30,2,1,35,0
8478406,2023-24,2024-04-01,2,1,31,3
8478406,2023-24,2024-04-04,2,1,27,2
8478406,2023-24,2024-04-07,2,1,27,4
8478406,2023-24,2024-04-09,2,1,41,3
8478406,2023-24,2024-04-13,2,1,38,6
8478406,2024-25,2024-10-10,2,1,40,5
8478406,2024-25,2024-10-15,2,1,38,2
8478406,2024-25,2024-10-18,2,1,18,5
8478406,2024-25,2024-10-22,2,1,39,2
8478406,2024-25,2024-10-24,2,1,30,3
8478406,2024-25,2024-10-28,2,1,23,4
8478406,2024-25,2024-10-31,2,1,29,2
8478406,2024-25,2024-11-02,2,1,28,3
8478406,2024-25,2024-11-10,2,1,44,0
8478406,2024-25,2024-11-14,2,1,35,3
8478406,2024-25,2024-11-16,2,0,26,1
8478406,2024-25,2024-11-18,2,1,20,4
8478406,2024-25,2024-11-20,2,1,29,3
8478406,2024-25,2024-11-23,2,1,30,3
8478406,2024-25,2024-11-27,2,1,11,4
8478406,2024-25,2024-11-30,2,1,38,2
8478406,2024-25,2024-12-03,2,1,28,1
8478406,2024-25,2024-12-05,2,0,23,3
8478406,2024-25,2024-12-07,2,1,54,3
8478406,2024-25,2024-12-14,2,1,39,2
8478406,2024-25,2024-12-16,2,1,24,2
8478406,2024-25,2024-12-19,2,1,34,2
8478406,2024-25,2024-12-22,2,1,19,2
8478406,2024-25,2024-12-27,2,1,35,1
8478406,2024-25,2024-12-31,2,1,22,2
8478406,2024-25,2025-01-02,2,0,3,1
8478406,2024-25,2025-01-04,2,1,23,1
8478406,2024-25,2025-01-06,2,1,27,1
8478406,2024-25,2025-01-09,2,1,25,1
8478406,2024-25,2025-01-11,2,1,28,2
8478406,2024-25,2025-01-14,2,1,29,2
8478406,2024-25,2025-01-16,2,1,28,4
8478406,2024-25,2025-01-20,2,1,26,3
8478406,2024-25,2025-01-22,2,1,25,3
8478406,2024-25,2025-01-26,2,1,37,4
8478406,2024-25,2025-01-28,2,1,27,4
8478406,2024-25,2025-01-31,2,1,19,0
8478406,2024-25,2025-02-02,2,1,24,0
8478406,2024-25,2025-02-04,2,1,30,2
8478406,2024-25,2025-02-06,2,1,29,2
8478406,2024-25,2025-02-07,2,1,27,4
8478406,2024-25,2025-02-23,2,1,25,3
8478406,2024-25,2025-02-26,2,1,23,1
8478406,2024-25,2025-02-28,2,1,20,2
8478406,2024-25,2025-03-06,2,1,34,3
8478406,2024-25,2025-03-08,2,1,21,4
8478406,2024-25,2025-03-11,2,1,23,1
8478406,2024-25,2025-03-19,2,1,26,2
8478406,2024-25,2025-03-22,2,1,29,4
8478406,2024-25,2025-03-25,2,1,23,2
8478406,2024-25,2025-03-27,2,1,22,0
8478406,2024-25,2025-03-29,2,1,27,2
8478406,2024-25,2025-04-03,2,1,30,3
8478406,2024-25,2025-04-05,2,1,21,4
8478406,2024-25,2025-04-10,2,1,29,3
8478406,2024-25,2025-04-12,2,1,33,5
8478406,2024-25,2025-04-19,3,1,24,1
8478406,2024-25,2025-04-21,3,1,39,4
8478406,2024-25,2025-04-23,3,1,28,2
8478406,2024-25,2025-04-26,3,1,23,0
8478406,2024-25,2025-04-28,3,1,18,5
8478406,2024-25,2025-05-01,3,1,26,4
8478406,2024-25,2025-05-03,3,1,18,3
8478406,2025-26,2025-11-01,2,1,23,3
8478406,2025-26,2025-11-09,2,1,33,4
8478406,2025-26,2025-11-13,2,1,21,3
8478406,2025-26,2025-11-22,2,1,35,0
8478406,2025-26,2025-11-26,2,1,26,0
8478406,2025-26,2025-11-29,2,1,23,2
8478406,2025-26,2025-12-02,2,0,10,0
8478406,2025-26,2025-12-04,2,1,41,5
8478406,2025-26,2025-12-06,2,1,27,2
8478406,2025-26,2025-12-07,2,1,25,2
8478406,2025-26,2025-12-09,2,0,0,0
8478406,2025-26,2025-12-11,2,1,25,2
8478406,2025-26,2025-12-16,2,1,38,3
8478406,2025-26,2025-12-21,2,1,29,1
8478406,2025-26,2025-12-29,2,1,25,2
8478406,2025-26,2025-12-31,2,1,13,1
8478406,2025-26,2026-01-16,2,1,28,5
8478406,2025-26,2026-01-23,2,1,19,6
8478406,2025-26,2026-01-25,2,1,33,1
8478406,2025-26,2026-01-28,2,1,21,3
8478406,2025-26,2026-01-31,2,1,28,0
8478406,2025-26,2026-02-02,2,1,24,1
8478406,2025-26,2026-02-04,2,1,25,2
8478406,2025-26,2026-02-26,2,1,34,3
8478406,2025-26,2026-02-28,2,1,15,1
8478406,2025-26,2026-03-02,2,1,21,2
8478406,2025-26,2026-03-06,2,1,11,4
8478406,2025-26,2026-03-10,2,1,24,4
8478406,2025-26,2026-03-14,2,1,18,2
8478406,2025-26,2026-03-16,2,0,15,4
8478406,2025-26,2026-03-20,2,1,20,1
8478406,2025-26,2026-03-22,2,1,22,2
8478406,2025-26,2026-03-26,2,1,24,2
8478406,2025-26,2026-03-28,2,1,20,3
8478406,2025-26,2026-04-01,2,1,19,6
8478406,2025-26,2026-04-05,2,1,29,3
8478406,2025-26,2026-04-09,2,1,29,1
8478406,2025-26,2026-04-11,2,1,29,3
8478406,2025-26,2026-04-14,2,1,31,1
8478406,2025-26,2026-05-09,3,0,13,1
8478406,2025-26,2026-05-11,3,1,21,2
8478406,2025-26,2026-05-13,3,1,13,3
8478406,2025-26,2026-05-26,3,1,26,2
8478433,2021-22,2021-12-30,2,1,46,3
8478433,2021-22,2022-04-13,2,1,33,3
8478433,2021-22,2022-04-17,2,1,39,4
8478433,2021-22,2022-04-25,2,1,33,3
8478433,2021-22,2022-04-27,2,1,26,3
8478433,2022-23,2022-10-19,2,1,36,4
8478433,2022-23,2022-10-23,2,1,24,2
8478433,2022-23,2022-11-02,2,1,44,5
8478433,2022-23,2022-11-08,2,1,28,1
8478433,2022-23,2022-11-13,2,1,31,5
8478433,2022-23,2022-11-23,2,1,32,3
8478433,2022-23,2022-11-25,2,0,8,0
8478433,2022-23,2022-11-26,2,1,23,5
8478433,2022-23,2022-12-13,2,1,25,3
8478433,2022-23,2023-01-22,2,1,29,4
8478433,2022-23,2023-02-12,2,1,21,4
8478433,2022-23,2023-03-09,2,1,29,1
8478433,2022-23,2023-03-14,2,1,32,4
8478433,2022-23,2023-03-18,2,1,34,5
8478433,2022-23,2023-03-28,2,1,29,2
8478433,2022-23,2023-03-30,2,1,46,5
8478433,2022-23,2023-04-01,2,1,29,6
8478433,2022-23,2023-04-08,2,0,3,1
8478433,2022-23,2023-04-09,2,1,34,5
8478433,2022-23,2023-04-13,2,1,38,4
8478435,2020-21,2021-03-16,2,1,35,1
8478435,2020-21,2021-03-27,2,1,27,2
8478435,2020-21,2021-04-01,2,1,22,3
8478435,2020-21,2021-04-05,2,1,32,3
8478435,2020-21,2021-04-11,2,1,33,8
8478435,2021-22,2021-10-23,2,1,25,3
8478435,2021-22,2021-10-26,2,1,30,3
8478435,2021-22,2021-11-12,2,1,37,2
8478435,2021-22,2021-11-14,2,1,27,0
8478435,2021-22,2021-11-21,2,1,28,0
8478435,2021-22,2021-12-03,2,1,34,3
8478435,2021-22,2021-12-07,2,1,26,4
8478435,2021-22,2022-01-06,2,1,33,4
8478435,2021-22,2022-01-07,2,1,37,6
8478435,2021-22,2022-02-01,2,0,5,0
8478435,2021-22,2022-02-15,2,1,20,2
8478435,2021-22,2022-02-24,2,0,17,4
8478435,2021-22,2022-03-05,2,1,36,3
8478435,2021-22,2022-03-08,2,1,26,4
8478435,2021-22,2022-03-13,2,1,31,2
8478435,2021-22,2022-03-19,2,1,25,2
8478435,2021-22,2022-04-07,2,1,33,2
8478435,2021-22,2022-04-12,2,0,7,0
8478435,2021-22,2022-04-14,2,0,8,2
8478435,2021-22,2022-04-19,2,1,27,2
8478435,2021-22,2022-04-23,2,1,31,3
8478435,2021-22,2022-04-26,2,1,23,4
8478435,2021-22,2022-04-29,2,1,42,2
8478435,2021-22,2022-05-22,3,0,7,0
8478435,2022-23,2022-10-15,2,1,29,3
8478435,2022-23,2022-10-20,2,0,19,2
8478435,2022-23,2022-11-01,2,1,26,5
8478435,2022-23,2022-11-10,2,1,27,2
8478435,2022-23,2022-11-23,2,1,39,1
8478435,2022-23,2022-11-26,2,1,33,3
8478435,2022-23,2022-11-29,2,1,33,2
8478435,2022-23,2022-12-03,2,1,29,2
8478435,2022-23,2022-12-05,2,1,20,2
8478435,2022-23,2022-12-07,2,1,28,3
8478435,2022-23,2022-12-10,2,1,34,5
8478435,2022-23,2022-12-22,2,1,32,4
8478435,2022-23,2022-12-28,2,1,31,2
8478435,2022-23,2023-01-08,2,0,14,1
8478435,2022-23,2023-01-12,2,1,26,1
8478435,2022-23,2023-01-14,2,1,33,5
8478435,2022-23,2023-01-21,2,1,24,3
8478435,2022-23,2023-01-23,2,1,25,3
8478435,2022-23,2023-01-27,2,1,30,2
8478435,2022-23,2023-02-09,2,1,17,2
8478435,2022-23,2023-02-16,2,1,24,5
8478435,2022-23,2023-02-22,2,1,14,3
8478435,2022-23,2023-02-23,2,1,29,4
8478435,2022-23,2023-02-28,2,1,5,2
8478435,2022-23,2023-03-20,2,0,13,2
8478435,2022-23,2023-03-21,2,1,20,1
8478435,2022-23,2023-04-02,2,0,13,2
8478435,2023-24,2023-10-19,2,1,27,3
8478435,2023-24,2023-10-22,2,1,30,6
8478435,2023-24,2023-11-04,2,1,20,3
8478435,2023-24,2023-11-10,2,1,36,4
8478435,2023-24,2023-11-20,2,1,31,3
8478435,2023-24,2023-11-25,2,1,24,3
8478435,2023-24,2023-11-27,2,1,28,1
8478435,2023-24,2023-12-05,2,1,16,3
8478435,2023-24,2023-12-11,2,1,38,6
8478435,2023-24,2023-12-14,2,1,32,2
8478435,2023-24,2023-12-16,2,1,33,2
8478435,2023-24,2024-01-04,2,1,32,3
8478435,2023-24,2024-01-07,2,1,20,4
8478435,2023-24,2024-01-16,2,1,25,2
8478435,2023-24,2024-01-18,2,1,32,4
8478435,2023-24,2024-01-20,2,1,31,2
8478435,2023-24,2024-02-17,2,0,9,1
8478435,2023-24,2024-02-24,2,1,35,3
8478435,2023-24,2024-03-10,2,1,40,7
8478435,2023-24,2024-03-12,2,1,35,6
8478435,2024-25,2024-10-09,2,1,24,5
8478435,2024-25,2024-10-13,2,1,26,1
8478435,2024-25,2024-10-19,2,1,23,2
8478435,2024-25,2024-10-24,2,1,42,3
8478435,2024-25,2024-10-28,2,1,38,5
8478435,2024-25,2024-11-01,2,1,22,0
8478435,2024-25,2024-11-03,2,1,30,3
8478435,2024-25,2024-11-09,2,1,19,2
8478435,2024-25,2024-11-12,2,1,32,3
8478435,2024-25,2024-11-23,2,1,23,3
8478435,2024-25,2024-11-27,2,1,27,2
8478435,2024-25,2024-11-30,2,1,43,6
8478435,2024-25,2024-12-03,2,1,16,0
8478435,2024-25,2024-12-05,2,1,24,4
8478435,2024-25,2024-12-10,2,1,20,3
8478435,2024-25,2024-12-12,2,1,26,8
8478435,2024-25,2024-12-19,2,1,29,3
8478435,2024-25,2024-12-29,2,1,36,2
8478435,2024-25,2025-01-02,2,1,25,4
8478435,2024-25,2025-01-14,2,1,25,2
8478435,2024-25,2025-01-26,2,1,27,5
8478435,2024-25,2025-02-02,2,1,31,2
8478435,2024-25,2025-02-25,2,1,27,1
8478435,2024-25,2025-03-01,2,1,42,3
8478435,2024-25,2025-03-06,2,1,27,3
8478435,2024-25,2025-03-17,2,0,3,1
8478435,2024-25,2025-03-18,2,1,13,1
8478435,2024-25,2025-03-22,2,1,29,3
8478435,2024-25,2025-03-31,2,1,30,2
8478435,2024-25,2025-04-17,2,1,31,1
8478435,2025-26,2025-10-09,2,1,34,2
8478435,2025-26,2025-10-13,2,1,26,2
8478435,2025-26,2025-10-18,2,1,16,1
8478435,2025-26,2025-10-20,2,1,23,2
8478435,2025-26,2025-10-23,2,1,33,2
8478435,2025-26,2025-10-30,2,1,33,1
8478435,2025-26,2025-11-01,2,1,19,4
8478435,2025-26,2025-11-04,2,1,20,4
8478435,2025-26,2025-11-06,2,1,24,1
8478435,2025-26,2025-11-12,2,1,31,2
8478435,2025-26,2025-11-15,2,1,28,5
8478435,2025-26,2025-11-20,2,1,29,2
8478435,2025-26,2025-11-22,2,1,35,3
8478435,2025-26,2025-11-26,2,1,27,2
8478435,2025-26,2025-11-29,2,1,32,3
8478435,2025-26,2025-12-01,2,1,27,5
8478435,2025-26,2025-12-09,2,1,18,1
8478435,2025-26,2025-12-11,2,1,22,3
8478435,2025-26,2025-12-14,2,1,32,2
8478435,2025-26,2025-12-16,2,1,22,1
8478435,2025-26,2025-12-22,2,1,25,2
8478435,2025-26,2025-12-28,2,1,18,2
8478435,2025-26,2025-12-30,2,1,35,3
8478435,2025-26,2026-01-03,2,1,25,2
8478435,2025-26,2026-01-06,2,1,18,2
8478435,2025-26,2026-01-08,2,1,23,2
8478435,2025-26,2026-01-12,2,1,25,4
8478435,2025-26,2026-01-14,2,1,6,2
8478435,2025-26,2026-01-28,2,1,30,4
8478435,2025-26,2026-01-29,2,0,6,0
8478435,2025-26,2026-01-31,2,1,21,3
8478435,2025-26,2026-02-03,2,1,28,2
8478435,2025-26,2026-02-05,2,1,27,2
8478435,2025-26,2026-02-25,2,1,28,2
8478435,2025-26,2026-02-28,2,1,27,1
8478435,2025-26,2026-03-02,2,1,31,2
8478435,2025-26,2026-03-05,2,1,22,2
8478435,2025-26,2026-03-07,2,1,23,3
8478435,2025-26,2026-03-09,2,1,24,6
8478435,2025-26,2026-03-12,2,1,23,2
8478435,2025-26,2026-03-14,2,1,28,1
8478435,2025-26,2026-03-18,2,1,36,2
8478435,2025-26,2026-03-21,2,1,25,1
8478435,2025-26,2026-03-24,2,1,19,3
8478435,2025-26,2026-03-28,2,1,35,3
8478435,2025-26,2026-03-31,2,1,17,5
8478435,2025-26,2026-04-03,2,1,22,1
8478435,2025-26,2026-04-05,2,1,19,1
8478435,2025-26,2026-04-07,2,1,24,1
8478435,2025-26,2026-04-09,2,1,8,4
8478435,2025-26,2026-04-11,2,1,28,1
8478435,2025-26,2026-04-13,2,1,26,2
8478435,2025-26,2026-04-18,3,1,18,2
8478435,2025-26,2026-04-20,3,1,27,0
8478435,2025-26,2026-04-22,3,1,29,2
8478435,2025-26,2026-04-25,3,1,21,3
8478435,2025-26,2026-04-27,3,1,21,3
8478435,2025-26,2026-04-29,3,1,42,0
8478435,2025-26,2026-05-02,3,1,23,3
8478435,2025-26,2026-05-04,3,1,42,3
8478435,2025-26,2026-05-07,3,1,31,4
8478435,2025-26,2026-05-09,3,1,40,3
8478470,2021-22,2021-10-14,2,1,36,5
8478470,2021-22,2021-10-31,2,1,25,3
8478470,2021-22,2021-11-04,2,0,10,0
8478470,2021-22,2021-11-13,2,0,25,3
8478470,2021-22,2021-11-14,2,1,40,4
8478470,2021-22,2021-11-18,2,0,12,1
8478470,2021-22,2021-11-20,2,1,36,3
8478470,2021-22,2021-11-26,2,1,39,4
8478470,2021-22,2021-12-28,2,1,37,5
8478470,2021-22,2021-12-30,2,1,38,4
8478470,2021-22,2022-01-01,2,1,48,5
8478470,2021-22,2022-01-12,2,0,34,3
8478470,2021-22,2022-01-13,2,1,31,3
8478470,2021-22,2022-01-17,2,0,6,0
8478470,2021-22,2022-01-18,2,1,51,3
8478470,2021-22,2022-01-20,2,1,53,4
8478470,2021-22,2022-01-27,2,0,15,2
8478470,2021-22,2022-01-29,2,1,16,6
8478470,2021-22,2022-01-30,2,1,7,3
8478470,2021-22,2022-02-10,2,0,8,0
8478470,2021-22,2022-02-12,2,1,42,2
8478470,2021-22,2022-02-13,2,1,32,5
8478470,2021-22,2022-02-17,2,1,27,2
8478470,2021-22,2022-02-21,2,1,37,2
8478470,2021-22,2022-02-23,2,1,32,0
8478470,2021-22,2022-03-01,2,1,23,7
8478470,2021-22,2022-03-05,2,1,30,2
8478470,2021-22,2022-03-09,2,1,32,4
8478470,2021-22,2022-03-12,2,1,34,3
8478470,2021-22,2022-03-13,2,1,30,3
8478470,2021-22,2022-03-15,2,1,7,4
8478470,2021-22,2022-03-27,2,1,32,2
8478470,2021-22,2022-04-09,2,0,25,2
8478470,2021-22,2022-04-11,2,1,34,3
8478470,2021-22,2022-04-13,2,1,31,5
8478470,2021-22,2022-04-16,2,1,41,8
8478470,2021-22,2022-04-24,2,1,41,4
8478470,2021-22,2022-04-27,2,1,27,3
8478470,2022-23,2022-10-15,2,1,29,3
8478470,2022-23,2022-10-17,2,1,28,2
8478470,2022-23,2022-10-27,2,1,45,2
8478470,2022-23,2022-11-03,2,1,36,3
8478470,2022-23,2022-11-09,2,1,33,2
8478470,2022-23,2022-11-17,2,1,28,5
8478470,2022-23,2022-11-23,2,1,31,1
8478470,2022-23,2022-11-25,2,1,32,2
8478470,2022-23,2022-12-05,2,1,32,7
8478470,2022-23,2022-12-14,2,1,31,3
8478470,2022-23,2022-12-19,2,1,39,2
8478470,2022-23,2022-12-29,2,1,41,7
8478470,2022-23,2023-01-03,2,1,34,6
8478470,2022-23,2023-01-09,2,1,40,3
8478470,2022-23,2023-01-12,2,1,42,3
8478470,2022-23,2023-01-14,2,1,38,2
8478470,2022-23,2023-01-15,2,1,39,1
8478470,2022-23,2023-01-17,2,1,26,1
8478470,2022-23,2023-01-19,2,1,33,5
8478470,2022-23,2023-01-21,2,1,38,2
8478470,2022-23,2023-01-24,2,1,28,3
8478470,2022-23,2023-01-28,2,1,35,4
8478470,2022-23,2023-02-11,2,1,30,3
8478470,2022-23,2023-02-16,2,1,41,6
8478470,2022-23,2023-02-21,2,1,40,2
8478470,2022-23,2023-02-25,2,1,22,5
8478470,2022-23,2023-03-03,2,1,33,3
8478470,2022-23,2023-03-09,2,1,33,3
8478470,2022-23,2023-03-13,2,0,18,2
8478470,2022-23,2023-03-14,2,1,43,4
8478470,2022-23,2023-03-16,2,1,24,3
8478470,2022-23,2023-03-18,2,1,40,4
8478470,2022-23,2023-03-21,2,1,33,2
8478470,2022-23,2023-03-25,2,1,23,2
8478470,2022-23,2023-03-30,2,1,29,4
8478470,2022-23,2023-04-01,2,1,50,3
8478470,2022-23,2023-04-06,2,1,26,2
8478470,2022-23,2023-04-08,2,1,46,7
8478470,2022-23,2023-04-12,2,1,35,4
8478470,2022-23,2023-04-13,2,1,21,5
8478470,2023-24,2023-10-14,2,1,30,2
8478470,2023-24,2023-10-17,2,1,35,5
8478470,2023-24,2023-10-26,2,1,36,3
8478470,2023-24,2023-10-30,2,1,25,2
8478470,2023-24,2023-11-04,2,1,34,5
8478470,2023-24,2023-11-07,2,0,23,1
8478470,2023-24,2023-11-11,2,1,28,2
8478470,2023-24,2023-11-14,2,1,29,2
8478470,2023-24,2023-11-22,2,1,33,3
8478470,2023-24,2023-11-29,2,1,28,2
8478470,2023-24,2023-12-04,2,1,33,2
8478470,2023-24,2023-12-07,2,1,42,4
8478470,2023-24,2023-12-13,2,1,30,3
8478470,2023-24,2023-12-16,2,1,33,3
8478470,2023-24,2023-12-21,2,1,24,4
8478470,2023-24,2023-12-31,2,1,20,4
8478470,2023-24,2024-01-02,2,1,33,3
8478470,2023-24,2024-01-06,2,1,48,3
8478470,2023-24,2024-01-11,2,1,35,3
8478470,2023-24,2024-01-13,2,1,41,2
8478470,2023-24,2024-01-17,2,1,30,2
8478470,2023-24,2024-01-20,2,1,30,8
8478470,2023-24,2024-01-25,2,1,46,3
8478470,2023-24,2024-02-06,2,1,39,2
8478470,2023-24,2024-02-10,2,1,38,3
8478470,2023-24,2024-02-15,2,1,31,7
8478470,2023-24,2024-02-21,2,1,23,3
8478470,2023-24,2024-02-27,2,1,38,2
8478470,2023-24,2024-02-29,2,1,35,3
8478470,2023-24,2024-03-07,2,1,38,3
8478470,2023-24,2024-03-09,2,1,27,3
8478470,2023-24,2024-03-14,2,1,24,2
8478470,2023-24,2024-03-19,2,1,32,3
8478470,2023-24,2024-03-21,2,1,25,4
8478470,2023-24,2024-03-26,2,1,28,1
8478470,2023-24,2024-03-30,2,1,29,2
8478470,2023-24,2024-04-02,2,1,40,3
8478470,2023-24,2024-04-06,2,1,12,4
8478470,2023-24,2024-04-09,2,1,36,3
8478470,2023-24,2024-04-11,2,1,31,3
8478470,2023-24,2024-04-15,2,1,35,5
8478470,2024-25,2024-10-09,2,1,48,0
8478470,2024-25,2024-10-12,2,1,25,1
8478470,2024-25,2024-10-14,2,1,29,5
8478470,2024-25,2024-10-17,2,1,31,3
8478470,2024-25,2024-10-22,2,1,10,4
8478470,2024-25,2024-10-26,2,1,31,2
8478470,2024-25,2024-10-29,2,1,10,5
8478470,2024-25,2024-11-02,2,1,23,2
8478470,2024-25,2024-11-05,2,1,35,3
8478470,2024-25,2024-11-07,2,1,26,4
8478470,2024-25,2024-11-09,2,1,27,4
8478470,2024-25,2024-11-11,2,0,4,0
8478470,2024-25,2024-11-14,2,1,27,2
8478470,2024-25,2024-11-16,2,1,26,1
8478470,2024-25,2024-11-18,2,1,30,0
8478470,2024-25,2024-11-23,2,1,25,5
8478470,2024-25,2024-11-26,2,1,29,3
8478470,2024-25,2024-11-30,2,1,28,4
8478470,2024-25,2024-12-03,2,1,31,1
8478470,2024-25,2024-12-05,2,1,29,0
8478470,2024-25,2024-12-07,2,1,35,4
8478470,2024-25,2024-12-09,2,1,29,2
8478470,2024-25,2024-12-12,2,1,26,6
8478470,2024-25,2024-12-14,2,1,26,3
8478470,2024-25,2024-12-17,2,1,21,1
8478470,2024-25,2024-12-20,2,1,28,3
8478470,2024-25,2024-12-21,2,1,21,1
8478470,2024-25,2024-12-23,2,1,32,5
8478470,2024-25,2024-12-29,2,1,23,2
8478470,2024-25,2024-12-31,2,1,29,2
8478470,2024-25,2025-01-03,2,1,26,4
8478470,2024-25,2025-01-06,2,1,20,4
8478470,2024-25,2025-01-11,2,1,36,1
8478470,2024-25,2025-01-14,2,1,25,3
8478470,2024-25,2025-01-18,2,1,33,6
8478470,2024-25,2025-01-21,2,1,35,2
8478470,2024-25,2025-01-23,2,1,45,4
8478470,2024-25,2025-01-28,2,1,23,3
8478470,2024-25,2025-02-02,2,1,22,3
8478470,2024-25,2025-02-04,2,1,30,3
8478470,2024-25,2025-02-08,2,1,22,4
8478470,2024-25,2025-02-09,2,0,12,1
8478470,2024-25,2025-02-22,2,1,27,2
8478470,2024-25,2025-02-25,2,1,20,0
8478470,2024-25,2025-02-27,2,1,26,3
8478470,2024-25,2025-03-03,2,1,36,3
8478470,2024-25,2025-03-06,2,1,32,3
8478470,2024-25,2025-03-11,2,1,31,2
8478470,2024-25,2025-03-15,2,1,22,1
8478470,2024-25,2025-03-18,2,1,25,3
8478470,2024-25,2025-03-20,2,1,25,4
8478470,2024-25,2025-03-22,2,1,37,4
8478470,2024-25,2025-03-25,2,1,32,5
8478470,2024-25,2025-03-28,2,1,23,3
8478470,2024-25,2025-03-30,2,1,26,2
8478470,2024-25,2025-04-01,2,1,27,2
8478470,2024-25,2025-04-03,2,1,19,1
8478470,2024-25,2025-04-05,2,1,24,2
8478470,2024-25,2025-04-08,2,1,36,1
8478470,2024-25,2025-04-11,2,1,33,4
8478470,2024-25,2025-04-14,2,1,25,3
8478470,2024-25,2025-04-16,2,1,29,2
8478470,2024-25,2025-04-21,3,1,32,3
8478470,2024-25,2025-04-23,3,1,31,2
8478470,2024-25,2025-04-25,3,1,13,2
8478470,2025-26,2025-10-08,2,1,25,3
8478470,2025-26,2025-10-11,2,1,22,2
8478470,2025-26,2025-10-14,2,1,22,4
8478470,2025-26,2025-10-18,2,1,22,4
8478470,2025-26,2025-10-23,2,1,29,6
8478470,2025-26,2025-11-01,2,1,17,3
8478470,2025-26,2025-11-04,2,1,42,4
8478470,2025-26,2025-11-08,2,1,27,2
8478470,2025-26,2025-11-11,2,1,25,4
8478470,2025-26,2025-11-13,2,0,6,2
8478470,2025-26,2025-11-15,2,1,23,3
8478470,2025-26,2025-11-20,2,1,10,3
8478470,2025-26,2025-11-28,2,1,31,1
8478470,2025-26,2025-12-02,2,1,29,5
8478470,2025-26,2025-12-09,2,0,13,3
8478470,2025-26,2025-12-30,2,1,30,2
8478470,2025-26,2026-01-04,2,1,27,3
8478470,2025-26,2026-01-08,2,1,27,2
8478470,2025-26,2026-01-13,2,1,42,3
8478470,2025-26,2026-01-17,2,1,34,5
8478470,2025-26,2026-01-22,2,1,16,3
8478470,2025-26,2026-01-24,2,1,20,4
8478470,2025-26,2026-02-04,2,1,37,1
8478470,2025-26,2026-02-26,2,1,26,4
8478470,2025-26,2026-03-06,2,1,33,5
8478492,2020-21,2021-01-14,2,1,26,4
8478492,2020-21,2021-01-17,2,1,27,3
8478492,2020-21,2021-02-28,2,1,21,2
8478492,2020-21,2021-03-05,2,0,7,1
8478492,2020-21,2021-03-07,2,1,37,1
8478492,2020-21,2021-03-11,2,1,33,3
8478492,2020-21,2021-03-13,2,1,32,4
8478492,2020-21,2021-03-16,2,1,22,1
8478492,2020-21,2021-03-20,2,1,24,2
8478492,2020-21,2021-03-26,2,1,24,0
8478492,2020-21,2021-03-28,2,1,20,4
8478492,2020-21,2021-04-01,2,1,24,6
8478492,2020-21,2021-04-04,2,1,39,4
8478492,2020-21,2021-04-08,2,1,32,4
8478492,2020-21,2021-04-13,2,1,30,1
8478492,2020-21,2021-04-17,2,1,25,3
8478492,2020-21,2021-04-22,2,1,26,0
8478492,2020-21,2021-04-24,2,1,24,3
8478492,2020-21,2021-05-01,2,1,26,3
8478492,2020-21,2021-05-19,3,1,43,3
8478492,2020-21,2021-05-21,3,1,37,4
8478492,2020-21,2021-05-23,3,1,19,3
8478492,2021-22,2021-10-19,2,1,27,3
8478492,2021-22,2021-10-23,2,0,14,1
8478492,2021-22,2021-10-25,2,1,37,5
8478492,2021-22,2021-10-29,2,1,16,0
8478492,2021-22,2021-11-04,2,0,18,3
8478492,2021-22,2021-11-12,2,1,29,3
8478492,2021-22,2021-11-17,2,1,34,0
8478492,2021-22,2021-11-20,2,1,22,0
8478492,2021-22,2021-11-24,2,1,28,3
8478492,2021-22,2021-11-26,2,1,22,3
8478492,2021-22,2021-11-28,2,1,32,2
8478492,2021-22,2021-11-30,2,1,51,5
8478492,2021-22,2021-12-04,2,1,18,1
8478492,2021-22,2021-12-06,2,1,34,3
8478492,2021-22,2021-12-10,2,1,32,3
8478492,2021-22,2021-12-15,2,1,28,5
8478492,2021-22,2021-12-29,2,1,20,3
8478492,2021-22,2021-12-31,2,1,20,1
8478492,2021-22,2022-01-02,2,1,37,4
8478492,2021-22,2022-01-07,2,1,16,4
8478492,2021-22,2022-01-16,2,1,31,3
8478492,2021-22,2022-01-26,2,1,29,3
8478492,2021-22,2022-02-01,2,0,45,2
8478492,2021-22,2022-02-02,2,1,4,3
8478492,2021-22,2022-02-08,2,0,7,1
8478492,2021-22,2022-02-10,2,1,44,2
8478492,2021-22,2022-02-13,2,1,26,4
8478492,2021-22,2022-02-15,2,1,34,1
8478492,2021-22,2022-02-17,2,1,33,3
8478492,2021-22,2022-02-24,2,1,21,4
8478492,2021-22,2022-02-26,2,1,22,2
8478492,2021-22,2022-02-28,2,1,10,3
8478492,2021-22,2022-03-09,2,1,40,4
8478492,2021-22,2022-03-18,2,1,20,3
8478492,2021-22,2022-03-25,2,1,23,3
8478492,2021-22,2022-03-28,2,0,6,1
8478492,2021-22,2022-04-06,2,1,28,3
8478492,2021-22,2022-04-09,2,1,32,3
8478492,2021-22,2022-04-12,2,1,21,2
8478492,2021-22,2022-04-14,2,1,19,4
8478492,2021-22,2022-04-18,2,1,26,2
8478492,2021-22,2022-04-20,2,1,30,4
8478492,2021-22,2022-04-26,2,1,26,4
8478492,2021-22,2022-04-29,2,1,33,3
8478492,2021-22,2022-05-05,3,0,17,0
8478492,2021-22,2022-05-07,3,1,30,1
8478492,2021-22,2022-05-09,3,1,32,3
8478492,2021-22,2022-05-11,3,1,38,5
8478492,2021-22,2022-05-13,3,1,31,4
8478492,2022-23,2022-10-13,2,1,26,2
8478492,2022-23,2022-10-15,2,1,28,2
8478492,2022-23,2022-10-20,2,1,28,2
8478492,2022-23,2022-10-22,2,1,31,1
8478492,2022-23,2022-10-24,2,1,33,3
8478492,2022-23,2022-10-29,2,1,29,4
8478492,2022-23,2022-11-02,2,1,25,2
8478492,2022-23,2022-11-05,2,1,14,1
8478492,2022-23,2022-11-30,2,1,24,1
8478492,2022-23,2022-12-08,2,1,29,0
8478492,2022-23,2022-12-13,2,1,28,0
8478492,2022-23,2022-12-17,2,1,28,5
8478492,2022-23,2022-12-22,2,1,19,3
8478492,2022-23,2022-12-27,2,1,34,4
8478492,2022-23,2023-01-03,2,1,32,5
8478492,2022-23,2023-01-07,2,1,23,1
8478492,2022-23,2023-01-12,2,1,22,3
8478492,2022-23,2023-01-17,2,0,11,0
8478492,2022-23,2023-01-19,2,1,38,1
8478492,2022-23,2023-01-21,2,1,31,3
8478492,2022-23,2023-01-23,2,1,33,2
8478492,2022-23,2023-01-25,2,1,29,2
8478492,2022-23,2023-01-27,2,1,34,6
8478492,2022-23,2023-01-29,2,1,24,1
8478492,2022-23,2023-02-01,2,1,29,5
8478492,2022-23,2023-02-10,2,1,30,0
8478492,2022-23,2023-02-15,2,1,29,2
8478492,2022-23,2023-02-19,2,1,27,4
8478492,2022-23,2023-02-21,2,1,32,3
8478492,2022-23,2023-02-24,2,1,25,1
8478492,2022-23,2023-02-26,2,1,27,1
8478492,2022-23,2023-03-01,2,1,32,5
8478492,2022-23,2023-03-07,2,1,33,3
8478492,2022-23,2023-03-15,2,1,29,1
8478492,2022-23,2023-03-17,2,1,34,2
8478492,2022-23,2023-03-21,2,1,28,6
8478492,2022-23,2023-03-29,2,1,29,3
8478492,2022-23,2023-04-01,2,1,31,0
8478492,2022-23,2023-04-02,2,0,16,2
8478492,2022-23,2023-04-06,2,1,33,2
8478492,2022-23,2023-04-08,2,1,21,1
8478492,2022-23,2023-04-10,2,1,46,1
8478492,2022-23,2023-04-18,3,1,29,6
8478492,2022-23,2023-04-20,3,1,22,2
8478492,2022-23,2023-04-22,3,1,39,3
8478492,2022-23,2023-04-24,3,1,31,4
8478492,2022-23,2023-04-27,3,1,37,3
8478492,2022-23,2023-04-29,3,1,32,1
8478492,2022-23,2023-05-02,3,1,28,4
8478492,2022-23,2023-05-04,3,1,29,3
8478492,2022-23,2023-05-07,3,1,8,0
8478492,2023-24,2023-10-11,2,1,24,5
8478492,2023-24,2023-10-14,2,1,32,4
8478492,2023-24,2023-10-19,2,1,23,2
8478492,2023-24,2023-10-21,2,1,4,3
8478492,2023-24,2023-10-28,2,1,24,3
8478492,2023-24,2023-11-02,2,1,40,2
8478492,2023-24,2023-11-06,2,1,12,4
8478492,2023-24,2023-11-11,2,1,33,2
8478492,2023-24,2023-11-17,2,1,29,2
8478492,2023-24,2023-11-24,2,1,34,4
8478492,2023-24,2023-12-09,2,1,18,0
8478492,2023-24,2023-12-11,2,1,29,4
8478492,2023-24,2023-12-14,2,1,35,6
8478492,2023-24,2023-12-21,2,1,19,5
8478492,2023-24,2023-12-29,2,1,21,6
8478492,2023-24,2024-01-14,2,1,23,3
8478492,2023-24,2024-01-21,2,1,17,1
8478492,2023-24,2024-01-24,2,1,32,0
8478492,2023-24,2024-01-27,2,1,26,2
8478492,2023-24,2024-02-05,2,1,29,3
8478492,2023-24,2024-02-07,2,1,31,4
8478492,2023-24,2024-02-13,2,1,15,1
8478492,2023-24,2024-02-15,2,1,32,3
8478492,2023-24,2024-02-19,2,1,21,2
8478492,2023-24,2024-02-21,2,1,26,3
8478492,2023-24,2024-02-24,2,1,29,3
8478492,2023-24,2024-02-27,2,1,31,5
8478492,2023-24,2024-03-02,2,1,35,3
8478492,2023-24,2024-03-06,2,1,25,1
8478492,2023-24,2024-03-09,2,1,31,2
8478492,2023-24,2024-03-14,2,1,28,2
8478492,2023-24,2024-03-16,2,1,40,4
8478492,2023-24,2024-03-19,2,1,30,4
8478492,2023-24,2024-03-23,2,1,34,3
8478492,2023-24,2024-03-30,2,1,34,0
8478492,2023-24,2024-04-01,2,1,30,4
8478492,2023-24,2024-04-06,2,1,26,2
8478492,2023-24,2024-04-08,2,1,33,2
8478492,2023-24,2024-04-11,2,1,20,6
8478492,2023-24,2024-04-13,2,1,32,5
8478492,2023-24,2024-04-20,3,1,24,4
8478492,2023-24,2024-04-22,3,1,29,2
8478492,2023-24,2024-04-24,3,1,33,3
8478492,2023-24,2024-04-27,3,1,17,3
8478492,2023-24,2024-05-04,3,1,32,2
8478492,2024-25,2024-10-13,2,1,23,1
8478492,2024-25,2024-10-19,2,1,49,4
8478492,2024-25,2024-10-22,2,1,35,1
8478492,2024-25,2024-10-26,2,1,26,3
8478492,2024-25,2024-10-30,2,1,27,6
8478492,2024-25,2024-11-17,2,1,24,4
8478492,2024-25,2024-11-21,2,1,40,2
8478492,2024-25,2024-11-25,2,1,36,4
8478492,2024-25,2024-11-30,2,1,28,6
8478492,2024-25,2024-12-04,2,1,20,1
8478492,2024-25,2024-12-15,2,1,22,2
8478492,2024-25,2024-12-21,2,1,23,2
8478492,2024-25,2024-12-29,2,1,31,0
8478492,2024-25,2025-01-02,2,1,25,2
8478492,2024-25,2025-01-07,2,1,21,2
8478492,2024-25,2025-01-11,2,1,26,2
8478492,2024-25,2025-01-14,2,1,22,4
8478492,2024-25,2025-01-18,2,1,23,5
8478492,2024-25,2025-01-23,2,1,17,2
8478492,2024-25,2025-01-30,2,1,24,2
8478492,2024-25,2025-02-04,2,1,14,2
8478492,2024-25,2025-02-08,2,1,24,3
8478492,2024-25,2025-02-24,2,1,19,5
8478492,2024-25,2025-02-27,2,1,22,5
8478492,2024-25,2025-03-07,2,1,22,0
8478492,2024-25,2025-03-11,2,1,17,3
8478492,2024-25,2025-03-16,2,1,27,3
8478492,2024-25,2025-03-23,2,1,37,2
8478492,2024-25,2025-04-15,2,1,28,4
8478499,2020-21,2021-02-24,2,0,14,0
8478499,2020-21,2021-02-26,2,1,29,3
8478499,2020-21,2021-03-12,2,1,31,3
8478499,2020-21,2021-03-16,2,1,26,3
8478499,2020-21,2021-03-18,2,1,31,3
8478499,2020-21,2021-03-23,2,1,39,4
8478499,2020-21,2021-03-26,2,1,22,2
8478499,2020-21,2021-03-27,2,1,34,0
8478499,2020-21,2021-03-31,2,1,10,4
8478499,2020-21,2021-04-02,2,1,29,2
8478499,2020-21,2021-04-04,2,1,20,2
8478499,2020-21,2021-04-05,2,1,38,2
8478499,2020-21,2021-04-07,2,1,30,4
8478499,2020-21,2021-04-09,2,1,32,5
8478499,2020-21,2021-04-11,2,1,29,1
8478499,2020-21,2021-04-26,2,0,22,1
8478499,2020-21,2021-04-30,2,1,25,0
8478499,2020-21,2021-05-05,2,1,21,3
8478499,2020-21,2021-05-08,2,1,48,4
8478499,2021-22,2021-10-16,2,1,23,3
8478499,2021-22,2021-10-19,2,1,21,0
8478499,2021-22,2021-10-22,2,1,33,3
8478499,2021-22,2021-10-24,2,1,14,4
8478499,2021-22,2021-10-28,2,1,31,3
8478499,2021-22,2021-11-04,2,1,27,4
8478499,2021-22,2021-11-09,2,1,38,1
8478499,2021-22,2021-11-13,2,1,30,5
8478499,2021-22,2021-11-20,2,1,20,3
8478499,2021-22,2021-11-26,2,0,16,0
8478499,2021-22,2021-12-02,2,1,25,1
8478499,2021-22,2021-12-03,2,1,27,1
8478499,2021-22,2021-12-05,2,1,29,5
8478499,2021-22,2021-12-07,2,1,43,3
8478499,2021-22,2021-12-09,2,1,25,3
8478499,2021-22,2021-12-16,2,1,29,4
8478499,2021-22,2022-01-04,2,0,7,2
8478499,2021-22,2022-01-06,2,1,39,2
8478499,2021-22,2022-01-08,2,1,31,2
8478499,2021-22,2022-01-11,2,1,19,2
8478499,2021-22,2022-01-13,2,1,30,2
8478499,2021-22,2022-01-15,2,1,27,2
8478499,2021-22,2022-01-20,2,1,17,3
8478499,2021-22,2022-01-22,2,0,18,3
8478499,2021-22,2022-03-12,2,1,29,0
8478499,2022-23,2022-10-15,2,1,33,2
8478499,2022-23,2022-10-20,2,1,28,2
8478499,2022-23,2022-10-25,2,1,31,2
8478499,2022-23,2022-10-30,2,1,24,1
8478499,2022-23,2022-11-05,2,1,31,4
8478499,2022-23,2022-11-12,2,1,28,3
8478499,2022-23,2022-11-19,2,1,23,4
8478499,2022-23,2022-11-25,2,1,28,4
8478499,2022-23,2022-12-03,2,1,25,1
8478499,2022-23,2022-12-09,2,1,28,1
8478499,2022-23,2022-12-13,2,1,34,5
8478499,2022-23,2022-12-19,2,1,18,3
8478499,2022-23,2022-12-28,2,1,5,2
8478499,2022-23,2023-01-05,2,1,40,2
8478499,2022-23,2023-01-07,2,0,3,1
8478499,2022-23,2023-01-12,2,1,39,2
8478499,2022-23,2023-01-19,2,1,25,3
8478499,2022-23,2023-01-27,2,1,39,3
8478499,2022-23,2023-02-07,2,1,17,1
8478499,2022-23,2023-02-09,2,0,4,0
8478499,2022-23,2023-02-12,2,1,25,2
8478499,2022-23,2023-02-16,2,1,26,1
8478499,2022-23,2023-02-18,2,1,24,4
8478499,2022-23,2023-02-27,2,1,33,2
8478499,2022-23,2023-03-01,2,1,26,2
8478499,2022-23,2023-03-03,2,1,50,3
8478499,2022-23,2023-03-07,2,1,34,2
8478499,2022-23,2023-05-06,3,0,4,0
8478499,2022-23,2023-05-08,3,0,24,0
8478499,2022-23,2023-05-10,3,1,33,4
8478499,2022-23,2023-05-12,3,1,35,3
8478499,2022-23,2023-05-14,3,1,40,2
8478499,2022-23,2023-05-19,3,1,36,3
8478499,2022-23,2023-05-21,3,1,28,2
8478499,2022-23,2023-05-23,3,1,34,0
8478499,2022-23,2023-05-25,3,1,42,3
8478499,2022-23,2023-05-27,3,1,34,4
8478499,2022-23,2023-05-29,3,1,23,0
8478499,2022-23,2023-06-03,3,1,35,2
8478499,2022-23,2023-06-05,3,1,31,2
8478499,2022-23,2023-06-08,3,1,23,3
8478499,2022-23,2023-06-10,3,1,31,2
8478499,2022-23,2023-06-13,3,1,35,3
8478499,2023-24,2023-10-10,2,1,33,1
8478499,2023-24,2023-10-14,2,1,23,1
8478499,2023-24,2023-10-17,2,1,26,2
8478499,2023-24,2023-10-21,2,1,24,3
8478499,2023-24,2023-10-27,2,1,24,4
8478499,2023-24,2023-10-30,2,1,39,2
8478499,2023-24,2023-11-04,2,1,41,0
8478499,2023-24,2023-11-08,2,1,32,3
8478499,2023-24,2023-11-10,2,1,20,0
8478499,2023-24,2023-11-16,2,1,28,5
8478499,2023-24,2023-11-19,2,1,31,2
8478499,2023-24,2023-11-22,2,1,32,1
8478499,2023-24,2023-11-27,2,1,34,2
8478499,2023-24,2023-11-30,2,1,16,0
8478499,2023-24,2023-12-17,2,1,3,1
8478499,2023-24,2024-01-23,2,1,42,2
8478499,2023-24,2024-01-26,2,1,38,2
8478499,2023-24,2024-02-06,2,1,31,1
8478499,2023-24,2024-02-08,2,1,22,2
8478499,2023-24,2024-02-12,2,1,28,4
8478499,2023-24,2024-02-17,2,1,28,3
8478499,2023-24,2024-02-20,2,1,39,4
8478499,2023-24,2024-02-22,2,1,20,3
8478499,2023-24,2024-02-27,2,1,30,2
8478499,2023-24,2024-02-29,2,1,32,5
8478499,2023-24,2024-03-04,2,1,32,5
8478499,2023-24,2024-03-07,2,1,35,3
8478499,2023-24,2024-03-09,2,1,26,3
8478499,2023-24,2024-03-12,2,1,30,4
8478499,2023-24,2024-03-14,2,1,36,3
8478499,2023-24,2024-03-19,2,1,20,4
8478499,2023-24,2024-03-23,2,1,13,1
8478499,2023-24,2024-04-10,2,1,25,5
8478499,2023-24,2024-04-14,2,1,24,3
8478499,2023-24,2024-04-18,2,1,22,3
8478499,2023-24,2024-05-01,3,1,25,3
8478499,2023-24,2024-05-03,3,1,23,0
8478499,2023-24,2024-05-05,3,1,24,2
8478499,2024-25,2024-10-09,2,1,32,4
8478499,2024-25,2024-10-11,2,1,22,3
8478499,2024-25,2024-10-15,2,1,22,4
8478499,2024-25,2024-10-17,2,1,25,4
8478499,2024-25,2024-10-25,2,1,39,4
8478499,2024-25,2024-10-28,2,1,16,0
8478499,2024-25,2024-11-02,2,1,19,3
8478499,2024-25,2024-11-06,2,1,29,2
8478499,2024-25,2024-11-08,2,1,32,4
8478499,2024-25,2024-11-11,2,1,21,4
8478499,2024-25,2024-11-13,2,1,24,2
8478499,2024-25,2024-11-15,2,1,32,2
8478499,2024-25,2024-11-20,2,1,25,2
8478499,2024-25,2024-11-23,2,1,17,2
8478499,2024-25,2024-11-27,2,1,34,1
8478499,2024-25,2024-11-29,2,1,25,3
8478499,2024-25,2024-12-03,2,1,28,0
8478499,2024-25,2024-12-06,2,1,40,2
8478499,2024-25,2024-12-12,2,1,20,2
8478499,2024-25,2024-12-14,2,1,34,6
8478499,2024-25,2024-12-19,2,1,20,1
8478499,2024-25,2024-12-23,2,1,32,1
8478499,2024-25,2024-12-27,2,1,25,3
8478499,2024-25,2024-12-31,2,1,22,3
8478499,2024-25,2025-01-04,2,1,24,1
8478499,2024-25,2025-01-09,2,1,20,3
8478499,2024-25,2025-01-12,2,1,16,1
8478499,2024-25,2025-01-17,2,1,28,3
8478499,2024-25,2025-01-20,2,1,28,4
8478499,2024-25,2025-01-24,2,1,27,4
8478499,2024-25,2025-01-26,2,1,34,1
8478499,2024-25,2025-01-28,2,1,28,4
8478499,2024-25,2025-02-02,2,1,28,4
8478499,2024-25,2025-02-06,2,1,15,1
8478499,2024-25,2025-02-22,2,1,34,1
8478499,2024-25,2025-03-02,2,1,25,0
8478499,2024-25,2025-03-05,2,1,31,2
8478499,2024-25,2025-03-09,2,1,35,6
8478499,2024-25,2025-03-13,2,1,27,0
8478499,2024-25,2025-03-15,2,1,37,3
8478499,2024-25,2025-03-20,2,1,19,1
8478499,2024-25,2025-03-22,2,1,31,3
8478499,2024-25,2025-03-25,2,1,24,1
8478499,2024-25,2025-03-28,2,1,21,3
8478499,2024-25,2025-03-29,2,1,24,1
8478499,2024-25,2025-04-01,2,1,20,3
8478499,2024-25,2025-04-03,2,1,19,3
8478499,2024-25,2025-04-06,2,1,21,2
8478499,2024-25,2025-04-10,2,1,25,1
8478499,2024-25,2025-04-12,2,1,17,3
8478499,2024-25,2025-04-20,3,1,20,2
8478499,2024-25,2025-04-22,3,1,16,4
8478499,2024-25,2025-04-24,3,1,21,4
8478499,2024-25,2025-04-26,3,1,32,3
8478499,2024-25,2025-04-29,3,1,22,2
8478499,2024-25,2025-05-01,3,1,31,2
8478499,2024-25,2025-05-06,3,1,28,4
8478499,2024-25,2025-05-08,3,1,37,5
8478499,2024-25,2025-05-10,3,1,20,3
8478499,2024-25,2025-05-12,3,1,32,3
8478499,2024-25,2025-05-14,3,1,33,1
8478499,2025-26,2025-10-08,2,1,26,5
8478499,2025-26,2025-10-11,2,1,22,2
8478499,2025-26,2025-10-14,2,1,10,2
8478499,2025-26,2025-10-18,2,1,27,1
8478499,2025-26,2025-10-20,2,1,4,0
8478499,2025-26,2026-01-15,2,1,28,5
8478499,2025-26,2026-01-19,2,1,17,2
8478499,2025-26,2026-01-23,2,1,21,3
8478499,2025-26,2026-01-25,2,1,32,7
8478499,2025-26,2026-01-29,2,1,27,4
8478499,2025-26,2026-02-01,2,1,22,3
8478499,2025-26,2026-02-05,2,1,33,1
8478499,2025-26,2026-02-25,2,1,19,4
8478499,2025-26,2026-03-01,2,1,22,5
8478499,2025-26,2026-03-04,2,1,26,3
8478499,2025-26,2026-03-08,2,1,18,3
8478499,2025-26,2026-03-10,2,1,16,2
8478499,2025-26,2026-03-12,2,1,26,2
8478499,2025-26,2026-03-14,2,1,21,0
8478499,2025-26,2026-03-17,2,1,24,1
8478499,2025-26,2026-03-19,2,1,3,3
8478499,2025-26,2026-03-22,2,1,15,2
8478499,2025-26,2026-03-24,2,1,20,3
8478499,2025-26,2026-03-26,2,1,29,4
8478499,2025-26,2026-03-28,2,1,22,4
8478499,2025-26,2026-03-30,2,1,24,2
8478499,2025-26,2026-04-09,2,1,33,3
8478872,2021-22,2021-10-16,2,1,33,1
8478872,2021-22,2021-10-18,2,0,12,1
8478872,2021-22,2021-10-21,2,1,31,5
8478872,2021-22,2021-10-23,2,1,24,3
8478872,2021-22,2021-10-25,2,0,29,3
8478872,2021-22,2021-10-29,2,1,31,1
8478872,2021-22,2021-10-31,2,1,39,2
8478872,2021-22,2021-11-02,2,1,33,2
8478872,2021-22,2021-11-05,2,1,31,3
8478872,2021-22,2021-11-06,2,1,2,2
8478872,2021-22,2021-11-10,2,1,22,5
8478872,2021-22,2021-11-13,2,1,24,4
8478872,2021-22,2021-11-21,2,1,38,1
8478872,2021-22,2021-11-29,2,1,46,0
8478872,2021-22,2021-12-03,2,1,32,7
8478872,2021-22,2021-12-11,2,1,34,5
8478872,2021-22,2022-01-04,2,1,48,2
8478872,2021-22,2022-01-06,2,1,36,4
8478872,2021-22,2022-01-08,2,1,29,4
8478872,2021-22,2022-01-12,2,1,46,1
8478872,2021-22,2022-01-15,2,1,32,5
8478872,2021-22,2022-01-17,2,1,26,2
8478872,2021-22,2022-01-19,2,1,36,1
8478872,2021-22,2022-01-22,2,1,20,6
8478872,2021-22,2022-01-25,2,1,36,6
8478872,2021-22,2022-01-29,2,1,35,3
8478872,2021-22,2022-02-02,2,1,50,4
8478872,2021-22,2022-02-08,2,1,29,5
8478872,2021-22,2022-02-09,2,1,36,2
8478872,2021-22,2022-02-11,2,1,32,4
8478872,2021-22,2022-02-19,2,1,39,5
8478872,2021-22,2022-03-03,2,1,43,1
8478872,2021-22,2022-03-08,2,1,28,2
8478872,2021-22,2022-03-12,2,1,40,3
8478872,2021-22,2022-03-15,2,1,39,3
8478872,2021-22,2022-03-20,2,1,28,3
8478872,2021-22,2022-03-22,2,1,39,4
8478872,2021-22,2022-03-25,2,1,33,4
8478872,2021-22,2022-03-27,2,1,40,2
8478872,2021-22,2022-03-28,2,1,35,5
8478872,2021-22,2022-03-30,2,1,41,2
8478872,2021-22,2022-04-01,2,1,9,3
8478872,2021-22,2022-04-03,2,1,31,2
8478872,2021-22,2022-04-09,2,1,39,6
8478872,2021-22,2022-04-12,2,1,38,6
8478872,2021-22,2022-04-14,2,1,22,6
8478872,2021-22,2022-04-16,2,0,10,2
8478872,2021-22,2022-04-18,2,1,51,5
8478872,2021-22,2022-04-20,2,1,40,4
8478872,2021-22,2022-04-22,2,1,28,1
8478872,2021-22,2022-04-26,2,1,38,3
8478872,2021-22,2022-04-29,2,1,6,4
8478872,2022-23,2022-10-13,2,1,53,6
8478872,2022-23,2022-10-15,2,1,42,5
8478872,2022-23,2022-10-17,2,1,28,2
8478872,2022-23,2022-10-22,2,1,32,6
8478872,2022-23,2022-10-28,2,1,35,3
8478872,2022-23,2022-11-01,2,1,42,1
8478872,2022-23,2022-11-03,2,0,26,4
8478872,2022-23,2022-11-05,2,1,36,2
8478872,2022-23,2022-11-08,2,1,33,1
8478872,2022-23,2022-11-10,2,1,24,0
8478872,2022-23,2022-11-12,2,1,26,4
8478872,2022-23,2022-11-17,2,1,39,4
8478872,2022-23,2022-11-23,2,1,36,0
8478872,2022-23,2022-11-25,2,1,36,3
8478872,2022-23,2022-12-01,2,1,31,4
8478872,2022-23,2022-12-03,2,1,32,3
8478872,2022-23,2022-12-05,2,1,27,3
8478872,2022-23,2022-12-09,2,1,46,3
8478872,2022-23,2022-12-11,2,1,41,4
8478872,2022-23,2022-12-13,2,1,33,3
8478872,2022-23,2022-12-16,2,1,34,4
8478872,2022-23,2022-12-19,2,1,26,3
8478872,2022-23,2022-12-21,2,1,34,5
8478872,2022-23,2022-12-23,2,1,27,1
8478872,2022-23,2022-12-29,2,1,32,3
8478872,2022-23,2022-12-31,2,1,35,5
8478872,2022-23,2023-01-03,2,1,37,5
8478872,2022-23,2023-01-05,2,1,34,6
8478872,2022-23,2023-01-08,2,1,27,3
8478872,2022-23,2023-01-10,2,1,33,4
8478872,2022-23,2023-01-12,2,1,46,4
8478872,2022-23,2023-01-15,2,1,24,2
8478872,2022-23,2023-01-19,2,1,33,4
8478872,2022-23,2023-01-22,2,1,36,1
8478872,2022-23,2023-01-26,2,1,33,0
8478872,2022-23,2023-02-06,2,1,35,2
8478872,2022-23,2023-02-11,2,1,37,6
8478872,2022-23,2023-02-13,2,1,31,2
8478872,2022-23,2023-02-18,2,1,14,5
8478872,2022-23,2023-02-22,2,1,51,6
8478872,2022-23,2023-02-28,2,1,24,1
8478872,2022-23,2023-03-03,2,1,42,6
8478872,2022-23,2023-03-07,2,1,42,2
8478872,2022-23,2023-03-12,2,1,34,4
8478872,2022-23,2023-03-21,2,1,25,2
8478872,2022-23,2023-03-24,2,1,30,3
8478872,2022-23,2023-03-27,2,1,29,5
8478872,2022-23,2023-03-31,2,1,30,4
8478872,2022-23,2023-04-06,2,1,33,4
8478872,2022-23,2023-04-13,2,1,24,5
8478872,2023-24,2023-10-13,2,1,36,3
8478872,2023-24,2023-10-17,2,1,34,1
8478872,2023-24,2023-10-21,2,1,33,1
8478872,2023-24,2023-10-24,2,0,18,2
8478872,2023-24,2023-10-27,2,1,41,5
8478872,2023-24,2023-11-01,2,1,29,4
8478872,2023-24,2023-11-04,2,1,27,5
8478872,2023-24,2023-11-09,2,1,33,2
8478872,2023-24,2023-11-14,2,1,36,4
8478872,2023-24,2023-11-18,2,1,25,4
8478872,2023-24,2023-11-22,2,1,11,4
8478872,2023-24,2023-12-11,2,1,37,4
8478872,2023-24,2023-12-16,2,1,28,0
8478872,2023-24,2023-12-19,2,0,16,0
8478872,2023-24,2023-12-21,2,1,31,2
8478872,2023-24,2023-12-27,2,1,24,4
8478872,2023-24,2024-01-02,2,1,37,3
8478872,2023-24,2024-01-07,2,1,35,5
8478872,2023-24,2024-01-11,2,1,12,4
8478872,2023-24,2024-01-24,2,1,42,6
8478872,2023-24,2024-02-08,2,0,28,0
8478872,2023-24,2024-02-12,2,1,33,4
8478872,2023-24,2024-02-14,2,0,13,1
8478872,2023-24,2024-02-16,2,1,26,5
8478872,2023-24,2024-02-18,2,1,37,4
8478872,2023-24,2024-02-21,2,1,36,6
8478872,2023-24,2024-03-01,2,1,37,3
8478872,2023-24,2024-03-03,2,1,26,2
8478872,2023-24,2024-03-07,2,1,26,3
8478872,2023-24,2024-03-12,2,1,29,2
8478872,2023-24,2024-03-16,2,1,38,1
8478872,2023-24,2024-03-22,2,1,28,1
8478872,2023-24,2024-03-26,2,1,27,2
8478872,2023-24,2024-03-30,2,1,30,6
8478872,2023-24,2024-04-05,2,1,24,4
8478872,2023-24,2024-04-09,2,1,25,5
8478872,2023-24,2024-04-12,2,1,41,2
8478872,2023-24,2024-04-14,2,0,0,0
8478872,2024-25,2024-10-14,2,1,32,3
8478872,2024-25,2024-10-22,2,0,14,0
8478872,2024-25,2024-10-24,2,1,26,5
8478872,2024-25,2024-11-05,2,1,27,2
8478872,2024-25,2024-11-13,2,1,50,1
8478872,2024-25,2024-11-15,2,1,28,3
8478872,2024-25,2024-11-18,2,0,11,2
8478872,2024-25,2024-11-21,2,1,31,1
8478872,2024-25,2024-11-23,2,1,28,1
8478872,2024-25,2024-11-24,2,1,35,3
8478872,2024-25,2024-11-26,2,1,13,2
8478872,2024-25,2024-11-29,2,1,32,4
8478872,2024-25,2024-12-02,2,1,21,2
8478872,2024-25,2024-12-07,2,1,25,2
8478872,2024-25,2024-12-10,2,1,38,4
8478872,2024-25,2024-12-12,2,1,24,1
8478872,2024-25,2024-12-14,2,1,22,3
8478872,2024-25,2024-12-18,2,1,26,2
8478872,2024-25,2024-12-20,2,1,29,1
8478872,2024-25,2024-12-23,2,1,29,3
8478872,2024-25,2024-12-27,2,1,35,2
8478872,2024-25,2024-12-30,2,1,32,4
8478872,2024-25,2025-01-02,2,1,26,3
8478872,2024-25,2025-01-04,2,1,29,3
8478872,2024-25,2025-01-08,2,1,31,2
8478872,2024-25,2025-01-10,2,1,19,1
8478872,2024-25,2025-01-14,2,1,27,5
8478872,2024-25,2025-01-16,2,1,24,4
8478872,2024-25,2025-01-23,2,1,26,0
8478872,2024-25,2025-01-26,2,1,27,3
8478872,2024-25,2025-01-31,2,1,23,3
8478872,2024-25,2025-02-04,2,1,20,2
8478872,2024-25,2025-02-08,2,1,37,6
8478872,2024-25,2025-02-09,2,0,32,2
8478872,2024-25,2025-02-23,2,1,16,1
8478872,2024-25,2025-02-25,2,1,22,1
8478872,2024-25,2025-02-27,2,1,16,1
8478872,2024-25,2025-03-01,2,1,29,3
8478872,2024-25,2025-03-06,2,1,40,2
8478872,2024-25,2025-03-07,2,1,25,4
8478872,2024-25,2025-03-10,2,1,26,3
8478872,2024-25,2025-03-12,2,1,21,2
8478872,2024-25,2025-03-14,2,1,22,3
8478872,2024-25,2025-03-16,2,1,19,1
8478872,2024-25,2025-03-18,2,1,15,3
8478872,2024-25,2025-03-20,2,1,27,2
8478872,2024-25,2025-03-22,2,1,27,4
8478872,2024-25,2025-03-24,2,1,13,4
8478872,2024-25,2025-03-27,2,1,12,4
8478872,2024-25,2025-03-28,2,1,32,2
8478872,2024-25,2025-03-30,2,1,29,2
8478872,2024-25,2025-04-01,2,1,34,1
8478872,2024-25,2025-04-03,2,1,19,3
8478872,2024-25,2025-04-05,2,1,33,1
8478872,2024-25,2025-04-08,2,1,19,1
8478872,2024-25,2025-04-10,2,1,31,3
8478872,2024-25,2025-04-12,2,1,24,3
8478872,2024-25,2025-04-15,2,1,29,6
8478872,2025-26,2025-10-09,2,1,27,2
8478872,2025-26,2025-10-11,2,1,23,2
8478872,2025-26,2025-10-15,2,1,20,1
8478872,2025-26,2025-10-17,2,1,21,3
8478872,2025-26,2025-10-21,2,1,33,3
8478872,2025-26,2025-10-23,2,1,20,4
8478872,2025-26,2025-10-25,2,1,35,2
8478872,2025-26,2025-10-28,2,1,23,5
8478872,2025-26,2025-11-02,2,1,25,3
8478872,2025-26,2025-11-04,2,1,18,1
8478872,2025-26,2025-11-08,2,1,23,6
8478872,2025-26,2025-11-12,2,1,19,2
8478872,2025-26,2025-11-14,2,1,21,3
8478872,2025-26,2025-11-17,2,1,26,3
8478872,2025-26,2025-11-20,2,1,33,4
8478872,2025-26,2025-11-22,2,1,22,2
8478872,2025-26,2025-11-24,2,1,34,1
8478872,2025-26,2025-11-26,2,1,17,4
8478872,2025-26,2025-11-29,2,1,19,1
8478872,2025-26,2025-12-01,2,1,9,3
8478872,2025-26,2025-12-03,2,1,27,0
8478872,2025-26,2025-12-05,2,1,33,1
8478872,2025-26,2025-12-08,2,1,26,3
8478872,2025-26,2025-12-10,2,1,36,4
8478872,2025-26,2025-12-12,2,1,37,3
8478872,2025-26,2025-12-14,2,1,16,4
8478872,2025-26,2025-12-17,2,1,28,1
8478872,2025-26,2025-12-19,2,1,22,2
8478872,2025-26,2025-12-21,2,1,26,3
8478872,2025-26,2026-01-01,2,1,22,2
8478872,2025-26,2026-01-03,2,1,30,4
8478872,2025-26,2026-01-05,2,1,24,2
8478872,2025-26,2026-01-07,2,1,33,1
8478872,2025-26,2026-01-09,2,1,28,2
8478872,2025-26,2026-01-13,2,1,20,1
8478872,2025-26,2026-01-15,2,1,27,1
8478872,2025-26,2026-01-17,2,1,21,3
8478872,2025-26,2026-01-21,2,1,29,4
8478872,2025-26,2026-01-24,2,1,29,2
8478872,2025-26,2026-01-26,2,1,29,2
8478872,2025-26,2026-01-29,2,1,33,5
8478872,2025-26,2026-01-31,2,1,32,3
8478872,2025-26,2026-02-02,2,1,24,2
8478872,2025-26,2026-02-04,2,1,30,1
8478872,2025-26,2026-02-25,2,1,26,4
8478872,2025-26,2026-02-27,2,1,23,2
8478872,2025-26,2026-03-01,2,1,28,4
8478872,2025-26,2026-03-03,2,1,25,2
8478872,2025-26,2026-03-07,2,1,31,4
8478872,2025-26,2026-03-10,2,1,30,5
8478872,2025-26,2026-03-12,2,1,23,3
8478872,2025-26,2026-03-14,2,1,23,4
8478872,2025-26,2026-03-19,2,1,28,0
8478872,2025-26,2026-03-22,2,1,36,3
8478872,2025-26,2026-03-24,2,1,15,4
8478872,2025-26,2026-03-26,2,0,1,0
8478872,2025-26,2026-03-28,2,1,31,2
8478872,2025-26,2026-04-02,2,1,27,2
8478872,2025-26,2026-04-04,2,1,23,4
8478872,2025-26,2026-04-07,2,1,26,5
8478872,2025-26,2026-04-09,2,1,30,1
8478872,2025-26,2026-04-11,2,1,28,3
8478872,2025-26,2026-04-14,2,1,24,3
8478872,2025-26,2026-04-16,2,1,18,3
8478872,2025-26,2026-04-19,3,1,30,3
8478872,2025-26,2026-04-21,3,1,21,2
8478872,2025-26,2026-04-24,3,1,32,2
8478872,2025-26,2026-04-27,3,1,36,5
8478872,2025-26,2026-04-29,3,1,38,5
8478872,2025-26,2026-05-01,3,1,25,4
8478902,2021-22,2022-03-10,2,0,11,1
8478902,2021-22,2022-03-15,2,1,35,0
8478902,2021-22,2022-03-17,2,1,36,2
8478902,2021-22,2022-03-19,2,1,33,5
8478902,2021-22,2022-03-26,2,1,17,3
8478902,2021-22,2022-03-29,2,0,26,3
8478902,2021-22,2022-03-31,2,1,23,3
8478902,2021-22,2022-04-05,2,1,23,3
8478902,2021-22,2022-04-09,2,1,26,2
8478902,2021-22,2022-04-12,2,1,27,4
8478902,2021-22,2022-04-16,2,1,29,4
8478902,2021-22,2022-04-21,2,1,36,8
8478902,2021-22,2022-04-24,2,1,37,3
8478902,2021-22,2022-04-29,2,1,26,2
8478902,2021-22,2022-05-08,3,0,10,0
8478902,2022-23,2022-10-17,2,1,18,3
8478902,2022-23,2022-10-27,2,1,31,4
8478902,2022-23,2022-10-30,2,1,39,4
8478902,2022-23,2022-11-05,2,0,7,0
8478902,2022-23,2022-11-06,2,1,30,1
8478902,2022-23,2022-11-08,2,1,20,4
8478902,2022-23,2022-11-11,2,1,22,3
8478902,2022-23,2022-11-12,2,1,29,2
8478902,2022-23,2022-11-21,2,1,24,3
8478902,2022-23,2022-11-26,2,1,26,1
8478903,2021-22,2021-12-08,2,1,39,7
8478905,2023-24,2024-04-01,2,0,21,2
8478905,2023-24,2024-04-05,2,1,19,4
8478905,2023-24,2024-04-09,2,0,13,4
8478905,2024-25,2024-10-12,2,1,31,5
8478905,2024-25,2024-10-17,2,1,24,5
8478905,2024-25,2024-10-23,2,1,23,4
8478905,2024-25,2024-11-07,2,1,23,1
8478905,2024-25,2024-11-14,2,1,37,4
8478905,2024-25,2024-11-16,2,1,25,2
8478905,2024-25,2024-11-20,2,1,37,4
8478905,2024-25,2024-11-25,2,1,30,4
8478905,2024-25,2024-11-29,2,1,23,1
8478905,2024-25,2024-12-05,2,1,7,2
8478905,2024-25,2025-01-05,2,1,25,3
8478905,2024-25,2025-01-07,2,1,17,3
8478905,2024-25,2025-01-14,2,1,28,2
8478905,2024-25,2025-01-24,2,1,27,3
8478905,2024-25,2025-01-29,2,0,10,1
8478905,2024-25,2025-01-30,2,1,28,3
8478905,2024-25,2025-02-06,2,1,18,4
8478905,2024-25,2025-03-01,2,1,30,1
8478905,2024-25,2025-03-04,2,0,28,2
8478905,2024-25,2025-03-09,2,1,22,2
8478905,2024-25,2025-03-11,2,1,23,4
8478905,2024-25,2025-03-17,2,1,22,1
8478905,2024-25,2025-03-22,2,1,3,2
8478905,2024-25,2025-03-23,2,1,29,7
8478905,2024-25,2025-03-31,2,1,29,1
8478905,2024-25,2025-04-13,2,1,25,4
8478916,2020-21,2021-02-27,2,0,5,0
8478916,2020-21,2021-03-02,2,1,32,2
8478916,2020-21,2021-03-04,2,0,18,3
8478916,2020-21,2021-03-08,2,1,37,3
8478916,2020-21,2021-03-12,2,1,37,6
8478916,2020-21,2021-03-14,2,1,36,3
8478916,2020-21,2021-03-15,2,1,28,3
8478916,2020-21,2021-03-17,2,1,21,2
8478916,2021-22,2021-10-19,2,1,32,3
8478916,2021-22,2021-11-01,2,1,23,5
8478916,2021-22,2021-12-06,2,0,27,3
8478916,2021-22,2022-01-21,2,1,31,5
8478916,2021-22,2022-04-26,2,1,27,5
8478916,2022-23,2022-11-01,2,1,40,4
8478916,2022-23,2023-03-21,2,1,29,4
8478916,2022-23,2023-03-23,2,1,24,1
8478916,2022-23,2023-04-10,2,0,0,0
8478916,2022-23,2023-04-11,2,1,37,4
8478916,2023-24,2023-10-14,2,1,25,1
8478916,2023-24,2023-10-19,2,1,36,4
8478916,2023-24,2023-10-24,2,1,27,4
8478916,2023-24,2023-10-26,2,1,45,3
8478916,2023-24,2023-10-28,2,1,37,3
8478916,2023-24,2023-11-07,2,1,27,3
8478916,2023-24,2023-11-11,2,0,9,0
8478916,2023-24,2023-11-13,2,1,31,5
8478916,2023-24,2023-11-15,2,1,31,4
8478916,2023-24,2023-11-20,2,0,24,2
8478916,2023-24,2023-11-22,2,1,14,1
8478916,2023-24,2023-11-24,2,1,27,5
8478916,2023-24,2023-12-02,2,1,28,2
8478916,2023-24,2023-12-09,2,0,7,2
8478916,2023-24,2023-12-10,2,1,25,2
8478916,2023-24,2023-12-12,2,1,24,0
8478916,2023-24,2023-12-14,2,1,22,1
8478916,2023-24,2023-12-16,2,1,38,2
8478916,2023-24,2023-12-18,2,1,28,4
8478916,2023-24,2023-12-20,2,1,43,1
8478916,2023-24,2023-12-23,2,1,34,2
8478916,2023-24,2023-12-29,2,1,28,1
8478916,2023-24,2024-01-01,2,1,35,0
8478916,2023-24,2024-01-04,2,1,33,1
8478916,2023-24,2024-01-09,2,1,38,2
8478916,2023-24,2024-01-11,2,1,26,1
8478916,2023-24,2024-01-13,2,1,34,4
8478916,2023-24,2024-01-15,2,1,32,2
8478916,2023-24,2024-01-18,2,1,36,4
8478916,2023-24,2024-01-21,2,1,25,2
8478916,2023-24,2024-01-24,2,1,34,2
8478916,2023-24,2024-01-26,2,1,18,4
8478916,2023-24,2024-01-28,2,1,32,2
8478916,2023-24,2024-01-30,2,1,21,1
8478916,2023-24,2024-02-10,2,1,38,3
8478916,2023-24,2024-02-12,2,1,37,3
8478916,2023-24,2024-02-15,2,1,37,1
8478916,2023-24,2024-02-19,2,1,32,4
8478916,2023-24,2024-02-24,2,1,13,4
8478916,2023-24,2024-03-05,2,1,33,3
8478916,2023-24,2024-03-08,2,1,31,2
8478916,2023-24,2024-03-14,2,1,23,2
8478916,2023-24,2024-03-18,2,1,4,3
8478916,2023-24,2024-03-22,2,1,26,2
8478916,2023-24,2024-03-24,2,0,11,1
8478916,2023-24,2024-03-26,2,1,12,0
8478916,2023-24,2024-03-30,2,1,29,2
8478916,2023-24,2024-04-11,2,1,23,3
8478916,2023-24,2024-04-14,2,1,27,3
8478916,2023-24,2024-04-18,2,1,24,3
8478916,2024-25,2024-10-12,2,1,38,4
8478916,2024-25,2024-10-15,2,1,33,3
8478916,2024-25,2024-10-19,2,1,22,1
8478916,2024-25,2024-10-24,2,1,36,4
8478916,2024-25,2024-10-26,2,1,38,3
8478916,2024-25,2024-10-29,2,1,30,2
8478916,2024-25,2024-10-31,2,1,29,3
8478916,2024-25,2024-11-03,2,1,33,2
8478916,2024-25,2024-11-08,2,1,24,3
8478916,2024-25,2024-11-12,2,1,40,2
8478916,2024-25,2024-11-14,2,1,19,1
8478916,2024-25,2024-11-16,2,1,24,2
8478916,2024-25,2024-11-20,2,1,24,0
8478916,2024-25,2024-11-23,2,1,21,2
8478916,2024-25,2024-11-25,2,1,23,2
8478916,2024-25,2024-11-27,2,1,33,5
8478916,2024-25,2024-11-30,2,1,23,4
8478916,2024-25,2024-12-03,2,1,19,2
8478916,2024-25,2024-12-05,2,1,29,2
8478916,2024-25,2024-12-10,2,1,33,1
8478916,2024-25,2024-12-17,2,1,27,3
8478916,2024-25,2024-12-19,2,1,24,3
8478916,2024-25,2024-12-22,2,1,27,3
8478916,2024-25,2025-01-09,2,0,4,0
8478916,2024-25,2025-01-11,2,1,35,2
8478916,2024-25,2025-01-12,2,0,19,3
8478916,2024-25,2025-01-14,2,1,33,2
8478916,2024-25,2025-01-16,2,1,36,2
8478916,2024-25,2025-01-18,2,1,30,2
8478916,2024-25,2025-01-20,2,1,29,4
8478916,2024-25,2025-01-23,2,1,31,2
8478916,2024-25,2025-01-25,2,1,29,1
8478916,2024-25,2025-01-27,2,1,30,3
8478916,2024-25,2025-01-30,2,1,28,2
8478916,2024-25,2025-02-02,2,1,35,3
8478916,2024-25,2025-02-04,2,1,40,4
8478916,2024-25,2025-02-06,2,1,30,3
8478916,2024-25,2025-02-08,2,1,29,2
8478916,2024-25,2025-02-22,2,1,27,1
8478916,2024-25,2025-02-25,2,1,21,5
8478916,2024-25,2025-03-01,2,1,31,3
8478916,2024-25,2025-03-04,2,1,20,4
8478916,2024-25,2025-03-06,2,1,33,4
8478916,2024-25,2025-03-09,2,1,23,3
8478916,2024-25,2025-03-12,2,1,25,4
8478916,2024-25,2025-03-16,2,1,26,3
8478916,2024-25,2025-03-18,2,1,29,2
8478916,2024-25,2025-03-22,2,1,28,4
8478916,2024-25,2025-03-25,2,1,37,4
8478916,2024-25,2025-03-27,2,1,37,1
8478916,2024-25,2025-03-29,2,1,20,4
8478916,2024-25,2025-04-02,2,1,24,0
8478916,2024-25,2025-04-05,2,1,24,1
8478916,2024-25,2025-04-07,2,1,29,1
8478916,2024-25,2025-04-08,2,1,29,7
8478916,2024-25,2025-04-10,2,1,25,2
8478916,2024-25,2025-04-15,2,1,24,6
8478916,2025-26,2025-10-09,2,1,36,1
8478916,2025-26,2025-10-11,2,1,27,1
8478916,2025-26,2025-10-14,2,1,22,5
8478916,2025-26,2025-10-18,2,1,30,3
8478916,2025-26,2025-10-20,2,1,21,5
8478916,2025-26,2025-10-23,2,1,32,0
8478916,2025-26,2025-10-25,2,1,33,2
8478916,2025-26,2025-10-28,2,1,21,4
8478916,2025-26,2025-11-01,2,1,27,3
8478916,2025-26,2025-11-03,2,1,30,1
8478916,2025-26,2025-11-05,2,1,20,5
8478916,2025-26,2025-11-18,2,1,26,3
8478916,2025-26,2025-11-20,2,1,24,2
8478916,2025-26,2025-11-23,2,1,34,0
8478916,2025-26,2025-11-26,2,1,21,3
8478916,2025-26,2025-11-29,2,1,25,4
8478916,2025-26,2025-12-04,2,1,14,5
8478916,2025-26,2025-12-06,2,1,25,4
8478916,2025-26,2025-12-10,2,1,26,2
8478916,2025-26,2025-12-14,2,1,22,2
8478916,2025-26,2025-12-18,2,1,45,3
8478916,2025-26,2025-12-20,2,1,36,2
8478916,2025-26,2025-12-23,2,1,37,2
8478916,2025-26,2025-12-29,2,1,24,2
8478916,2025-26,2026-01-02,2,1,24,3
8478916,2025-26,2026-01-06,2,1,36,4
8478916,2025-26,2026-01-10,2,1,36,3
8478916,2025-26,2026-01-15,2,1,23,3
8478916,2025-26,2026-01-19,2,1,31,5
8478916,2025-26,2026-01-25,2,1,29,2
8478916,2025-26,2026-01-29,2,1,31,2
8478916,2025-26,2026-01-31,2,1,29,2
8478916,2025-26,2026-02-04,2,1,27,2
8478916,2025-26,2026-02-25,2,1,32,4
8478916,2025-26,2026-02-28,2,1,28,1
8478916,2025-26,2026-03-02,2,1,36,1
8478916,2025-26,2026-03-07,2,1,37,7
8478916,2025-26,2026-03-10,2,1,26,3
8478916,2025-26,2026-03-12,2,1,15,3
8478916,2025-26,2026-03-15,2,1,25,2
8478916,2025-26,2026-03-19,2,1,27,2
8478916,2025-26,2026-03-21,2,1,27,4
8478916,2025-26,2026-03-24,2,1,24,4
8478916,2025-26,2026-04-02,2,1,31,6
8478916,2025-26,2026-04-06,2,0,12,2
8478916,2025-26,2026-04-07,2,1,28,4
8478916,2025-26,2026-04-09,2,1,35,3
8478971,2021-22,2021-10-24,2,1,35,2
8478971,2021-22,2021-11-03,2,1,29,4
8478971,2021-22,2022-04-29,2,1,27,5
8478971,2021-22,2022-05-03,3,0,32,2
8478971,2021-22,2022-05-05,3,1,51,2
8478971,2021-22,2022-05-07,3,1,41,6
8478971,2021-22,2022-05-09,3,1,37,4
8478971,2022-23,2022-10-20,2,1,29,5
8478971,2022-23,2022-10-25,2,1,33,3
8478971,2022-23,2022-10-30,2,1,39,3
8478971,2022-23,2022-11-03,2,1,10,3
8478971,2022-23,2022-11-13,2,1,27,4
8478971,2022-23,2022-11-21,2,1,45,3
8478971,2022-23,2022-11-27,2,1,29,4
8478971,2022-23,2022-12-07,2,1,35,8
8478971,2022-23,2022-12-17,2,1,41,3
8478971,2022-23,2022-12-27,2,1,31,3
8478971,2022-23,2023-01-06,2,1,31,1
8478971,2022-23,2023-01-14,2,1,27,2
8478971,2022-23,2023-01-17,2,1,40,3
8478971,2022-23,2023-01-21,2,1,39,4
8478971,2022-23,2023-01-24,2,1,42,4
8478971,2022-23,2023-01-28,2,1,45,2
8478971,2022-23,2023-02-10,2,1,44,4
8478971,2022-23,2023-02-15,2,1,47,0
8478971,2022-23,2023-02-18,2,0,23,0
8478971,2022-23,2023-02-19,2,1,36,2
8478971,2022-23,2023-02-26,2,1,34,6
8478971,2022-23,2023-03-01,2,1,41,4
8478971,2022-23,2023-03-05,2,1,40,5
8478971,2022-23,2023-03-11,2,1,44,3
8478971,2022-23,2023-03-14,2,1,45,3
8478971,2022-23,2023-03-22,2,1,31,4
8478971,2022-23,2023-03-26,2,1,32,3
8478971,2023-24,2023-10-16,2,1,28,2
8478971,2023-24,2023-10-19,2,1,26,2
8478971,2023-24,2023-10-24,2,1,9,3
8478971,2023-24,2023-10-30,2,1,30,1
8478971,2023-24,2023-11-02,2,1,30,2
8478971,2023-24,2023-11-07,2,1,38,3
8478971,2023-24,2023-11-11,2,1,42,5
8478971,2023-24,2023-11-16,2,1,41,2
8478971,2023-24,2023-11-20,2,1,25,4
8478971,2023-24,2023-11-22,2,0,20,2
8478971,2023-24,2023-11-25,2,1,34,0
8478971,2023-24,2023-11-28,2,1,31,1
8478971,2023-24,2023-11-30,2,1,31,3
8478971,2023-24,2023-12-02,2,1,32,1
8478971,2023-24,2023-12-04,2,1,26,0
8478971,2023-24,2023-12-07,2,1,26,4
8478971,2023-24,2023-12-09,2,1,29,5
8478971,2023-24,2023-12-12,2,1,42,3
8478971,2023-24,2023-12-15,2,1,21,0
8478971,2023-24,2023-12-19,2,1,6,3
8478971,2023-24,2023-12-23,2,1,26,4
8478971,2023-24,2023-12-29,2,1,28,0
8478971,2023-24,2024-01-04,2,1,31,5
8478971,2023-24,2024-01-09,2,1,33,3
8478971,2023-24,2024-01-11,2,0,18,2
8478971,2023-24,2024-01-13,2,1,38,0
8478971,2023-24,2024-01-16,2,1,30,3
8478971,2023-24,2024-01-18,2,1,26,2
8478971,2023-24,2024-01-20,2,1,32,2
8478971,2023-24,2024-01-22,2,1,27,2
8478971,2023-24,2024-01-25,2,1,37,6
8478971,2023-24,2024-01-27,2,1,39,3
8478971,2023-24,2024-02-08,2,1,6,3
8478971,2023-24,2024-02-10,2,1,37,5
8478971,2023-24,2024-02-14,2,1,30,2
8478971,2023-24,2024-02-25,2,1,32,4
8478971,2023-24,2024-02-27,2,1,20,3
8478971,2023-24,2024-02-29,2,1,25,3
8478971,2023-24,2024-03-05,2,1,31,4
8478971,2023-24,2024-03-08,2,1,28,0
8478971,2023-24,2024-03-10,2,1,40,6
8478971,2023-24,2024-03-14,2,1,29,1
8478971,2023-24,2024-03-20,2,1,33,5
8478971,2023-24,2024-03-24,2,1,34,3
8478971,2023-24,2024-03-28,2,1,37,4
8478971,2023-24,2024-04-03,2,1,33,2
8478971,2023-24,2024-04-07,2,1,27,2
8478971,2023-24,2024-04-10,2,1,26,3
8478971,2023-24,2024-04-14,2,1,31,6
8478971,2023-24,2024-04-17,2,1,30,2
8478971,2024-25,2024-10-08,2,1,26,2
8478971,2024-25,2024-10-10,2,1,27,4
8478971,2024-25,2024-10-12,2,1,34,5
8478971,2024-25,2024-10-16,2,1,34,5
8478971,2024-25,2024-10-19,2,1,22,1
8478971,2024-25,2024-10-22,2,1,8,4
8478971,2024-25,2024-10-26,2,1,23,3
8478971,2024-25,2024-10-28,2,1,46,5
8478971,2024-25,2024-10-30,2,1,31,1
8478971,2024-25,2024-11-02,2,1,35,4
8478971,2024-25,2024-11-07,2,1,15,2
8478971,2024-25,2024-11-09,2,1,20,3
8478971,2024-25,2024-11-18,2,1,13,4
8478971,2024-25,2025-01-11,2,1,32,2
8478971,2024-25,2025-01-18,2,1,24,2
8478971,2024-25,2025-01-20,2,1,25,2
8478971,2024-25,2025-01-24,2,1,28,4
8478971,2024-25,2025-01-29,2,1,29,3
8478971,2024-25,2025-02-02,2,1,29,2
8478971,2024-25,2025-02-06,2,1,22,2
8478971,2024-25,2025-02-09,2,1,10,2
8478971,2024-25,2025-02-22,2,1,25,4
8478971,2025-26,2025-12-21,2,1,31,3
8478971,2025-26,2025-12-23,2,1,19,1
8478971,2025-26,2025-12-27,2,1,32,3
8478971,2025-26,2025-12-31,2,1,29,6
8478971,2025-26,2026-01-06,2,1,26,2
8478971,2025-26,2026-01-10,2,1,30,3
8478971,2025-26,2026-01-12,2,1,30,1
8478971,2025-26,2026-01-15,2,1,18,1
8478971,2025-26,2026-01-18,2,1,27,0
8478971,2025-26,2026-01-24,2,1,12,3
8478971,2025-26,2026-01-29,2,1,21,3
8478971,2025-26,2026-01-31,2,0,9,2
8478971,2025-26,2026-02-03,2,1,26,4
8478971,2025-26,2026-02-25,2,0,4,1
8478971,2025-26,2026-02-26,2,1,22,1
8478971,2025-26,2026-02-28,2,1,33,5
8478971,2025-26,2026-03-03,2,1,21,4
8478971,2025-26,2026-03-08,2,1,26,2
8478971,2025-26,2026-03-10,2,1,18,2
8478971,2025-26,2026-03-13,2,1,25,3
8478971,2025-26,2026-03-15,2,1,27,1
8478971,2025-26,2026-03-17,2,1,30,3
8478971,2025-26,2026-03-19,2,1,23,4
8478971,2025-26,2026-03-21,2,1,27,4
8478971,2025-26,2026-03-26,2,1,29,3
8478971,2025-26,2026-03-28,2,1,33,2
8478971,2025-26,2026-03-31,2,1,27,0
8478971,2025-26,2026-04-04,2,1,33,5
8478971,2025-26,2026-04-08,2,1,10,2
8478971,2025-26,2026-04-11,2,1,21,1
8478971,2025-26,2026-04-13,2,1,32,1
8478971,2025-26,2026-04-16,2,1,12,1
8478971,2025-26,2026-04-20,3,1,28,3
8478971,2025-26,2026-04-22,3,1,27,5
8478971,2025-26,2026-04-24,3,1,38,6
8478971,2025-26,2026-04-28,3,1,30,1
8478971,2025-26,2026-04-30,3,1,30,4
8479193,2020-21,2021-01-15,2,0,13,1
8479193,2020-21,2021-01-17,2,1,23,3
8479193,2020-21,2021-01-19,2,1,26,4
8479193,2020-21,2021-01-30,2,1,34,4
8479193,2020-21,2021-02-01,2,1,23,2
8479193,2020-21,2021-02-11,2,1,29,3
8479193,2020-21,2021-02-28,2,1,30,2
8479193,2020-21,2021-03-07,2,1,24,1
8479193,2020-21,2021-03-13,2,1,24,0
8479193,2020-21,2021-03-16,2,1,33,2
8479193,2020-21,2021-03-20,2,1,25,1
8479193,2020-21,2021-03-25,2,1,36,0
8479193,2020-21,2021-03-29,2,0,20,1
8479193,2020-21,2021-04-01,2,1,31,1
8479193,2020-21,2021-04-03,2,1,27,6
8479193,2020-21,2021-04-06,2,0,14,4
8479193,2020-21,2021-04-09,2,1,30,4
8479193,2020-21,2021-04-18,2,1,28,3
8479193,2020-21,2021-04-24,2,1,36,2
8479193,2020-21,2021-05-03,2,1,37,4
8479193,2021-22,2021-10-14,2,1,39,5
8479193,2021-22,2021-10-28,2,1,35,4
8479193,2021-22,2021-11-13,2,1,23,5
8479193,2021-22,2021-11-27,2,1,31,3
8479193,2021-22,2021-12-06,2,1,29,1
8479193,2021-22,2021-12-11,2,1,33,0
8479193,2021-22,2022-01-02,2,1,27,5
8479193,2021-22,2022-01-05,2,1,16,3
8479193,2021-22,2022-01-21,2,1,12,2
8479193,2021-22,2022-01-28,2,1,32,2
8479193,2021-22,2022-02-10,2,1,26,0
8479193,2021-22,2022-02-15,2,1,27,4
8479193,2021-22,2022-02-24,2,0,17,1
8479193,2021-22,2022-02-27,2,1,34,2
8479193,2021-22,2022-03-04,2,1,42,3
8479193,2021-22,2022-03-15,2,1,24,3
8479193,2021-22,2022-03-23,2,1,33,3
8479193,2021-22,2022-03-25,2,0,3,0
8479193,2021-22,2022-03-31,2,1,31,3
8479193,2021-22,2022-04-10,2,1,35,2
8479193,2021-22,2022-04-12,2,1,37,4
8479193,2021-22,2022-04-16,2,1,29,2
8479193,2021-22,2022-04-21,2,1,52,0
8479193,2021-22,2022-04-23,2,1,25,2
8479193,2021-22,2022-04-26,2,1,41,4
8479193,2021-22,2022-04-29,2,1,36,3
8479193,2021-22,2022-05-03,3,1,51,3
8479193,2022-23,2022-10-17,2,1,39,3
8479193,2022-23,2022-10-25,2,1,36,4
8479193,2022-23,2022-10-29,2,1,29,2
8479193,2022-23,2022-11-02,2,1,31,4
8479193,2022-23,2022-11-09,2,1,25,1
8479193,2022-23,2022-11-11,2,1,30,2
8479193,2022-23,2022-11-15,2,1,32,4
8479193,2022-23,2022-11-20,2,1,32,3
8479193,2022-23,2022-11-26,2,1,41,4
8479193,2022-23,2022-12-10,2,1,38,1
8479193,2022-23,2022-12-18,2,1,29,3
8479193,2022-23,2022-12-28,2,1,46,5
8479193,2022-23,2023-01-02,2,0,21,2
8479193,2022-23,2023-01-05,2,1,31,5
8479193,2022-23,2023-01-08,2,1,24,1
8479193,2022-23,2023-01-10,2,1,5,3
8479193,2022-23,2023-01-14,2,1,36,2
8479193,2022-23,2023-01-16,2,1,29,3
8479193,2022-23,2023-01-18,2,1,40,5
8479193,2022-23,2023-01-24,2,1,39,6
8479193,2022-23,2023-01-26,2,1,45,2
8479193,2022-23,2023-01-28,2,1,31,5
8479193,2022-23,2023-02-07,2,1,42,1
8479193,2022-23,2023-02-10,2,1,31,3
8479193,2022-23,2023-02-11,2,1,15,3
8479193,2022-23,2023-02-14,2,1,39,1
8479193,2022-23,2023-02-17,2,1,28,5
8479193,2022-23,2023-02-23,2,0,15,1
8479193,2022-23,2023-02-26,2,1,29,3
8479193,2022-23,2023-03-04,2,1,42,4
8479193,2022-23,2023-03-07,2,0,15,0
8479193,2022-23,2023-03-11,2,1,32,1
8479193,2022-23,2023-03-14,2,0,14,1
8479193,2022-23,2023-03-18,2,0,7,2
8479193,2022-23,2023-03-23,2,1,33,3
8479193,2022-23,2023-03-25,2,1,34,3
8479193,2022-23,2023-03-28,2,1,24,6
8479193,2022-23,2023-04-02,2,1,33,2
8479193,2023-24,2023-10-11,2,0,5,0
8479193,2023-24,2023-10-14,2,1,40,3
8479193,2023-24,2023-10-21,2,1,36,3
8479193,2023-24,2023-10-28,2,1,24,4
8479193,2023-24,2023-11-09,2,1,30,2
8479193,2023-24,2023-11-12,2,1,32,2
8479193,2023-24,2023-11-16,2,1,38,4
8479193,2023-24,2023-11-25,2,1,22,4
8479193,2023-24,2023-12-07,2,1,26,0
8479193,2023-24,2023-12-16,2,1,31,1
8479193,2023-24,2023-12-19,2,1,28,2
8479193,2023-24,2023-12-28,2,1,25,4
8479193,2023-24,2024-01-09,2,1,20,2
8479193,2023-24,2024-01-15,2,1,43,3
8479193,2023-24,2024-01-24,2,1,18,4
8479193,2023-24,2024-02-10,2,1,28,4
8479193,2023-24,2024-02-19,2,1,25,8
8479193,2023-24,2024-03-03,2,1,18,1
8479193,2023-24,2024-03-09,2,0,10,0
8479193,2023-24,2024-03-13,2,1,34,4
8479193,2023-24,2024-03-16,2,1,24,2
8479193,2023-24,2024-03-19,2,1,17,2
8479193,2023-24,2024-03-21,2,1,17,1
8479193,2023-24,2024-03-23,2,1,24,2
8479193,2023-24,2024-03-25,2,1,19,3
8479193,2023-24,2024-03-28,2,1,33,2
8479193,2023-24,2024-04-02,2,1,30,6
8479193,2023-24,2024-04-06,2,1,29,6
8479193,2023-24,2024-04-13,2,1,33,1
8479193,2023-24,2024-04-23,3,1,15,3
8479193,2023-24,2024-04-26,3,1,30,1
8479193,2024-25,2024-10-13,2,1,25,0
8479193,2024-25,2024-10-17,2,1,26,3
8479193,2024-25,2024-10-24,2,1,27,2
8479193,2024-25,2024-11-02,2,1,24,3
8479193,2024-25,2024-11-09,2,0,10,0
8479193,2024-25,2024-11-18,2,1,27,4
8479193,2024-25,2024-11-27,2,1,26,6
8479193,2024-25,2024-12-02,2,1,37,1
8479193,2024-25,2024-12-18,2,0,6,0
8479193,2024-25,2024-12-23,2,1,26,2
8479193,2024-25,2024-12-31,2,1,23,2
8479193,2024-25,2025-01-09,2,1,28,1
8479193,2024-25,2025-01-12,2,1,27,3
8479193,2024-25,2025-01-18,2,1,36,6
8479193,2024-25,2025-01-25,2,1,33,0
8479193,2024-25,2025-02-02,2,1,30,3
8479193,2024-25,2025-02-08,2,1,27,3
8479193,2024-25,2025-02-22,2,1,33,2
8479193,2024-25,2025-03-04,2,1,28,3
8479193,2024-25,2025-03-09,2,1,23,1
8479193,2024-25,2025-03-20,2,1,38,2
8479193,2024-25,2025-03-27,2,1,48,2
8479193,2024-25,2025-03-31,2,1,36,1
8479193,2024-25,2025-04-05,2,1,39,4
8479193,2024-25,2025-04-08,2,1,32,6
8479193,2024-25,2025-04-12,2,1,34,5
8479193,2024-25,2025-04-16,2,0,12,0
8479193,2024-25,2025-04-26,3,0,14,1
8479193,2024-25,2025-05-29,3,0,20,3
8479193,2025-26,2025-10-16,2,1,26,5
8479193,2025-26,2025-10-26,2,1,25,2
8479193,2025-26,2025-11-01,2,1,28,3
8479193,2025-26,2025-11-04,2,1,26,3
8479193,2025-26,2025-11-09,2,1,31,1
8479193,2025-26,2025-11-13,2,1,24,0
8479193,2025-26,2025-11-22,2,1,33,2
8479193,2025-26,2025-11-26,2,1,28,2
8479193,2025-26,2025-11-30,2,1,16,1
8479193,2025-26,2025-12-02,2,1,41,3
8479193,2025-26,2025-12-09,2,1,33,3
8479193,2025-26,2025-12-15,2,1,28,1
8479193,2025-26,2025-12-19,2,1,25,3
8479193,2025-26,2025-12-23,2,1,25,4
8479193,2025-26,2025-12-31,2,1,31,4
8479193,2025-26,2026-01-06,2,0,18,1
8479193,2025-26,2026-01-07,2,1,24,1
8479193,2025-26,2026-01-10,2,1,31,5
8479193,2025-26,2026-01-13,2,1,24,2
8479193,2025-26,2026-01-22,2,1,22,1
8479193,2025-26,2026-01-31,2,1,14,2
8479193,2025-26,2026-02-25,2,1,19,1
8479193,2025-26,2026-03-03,2,1,21,1
8479193,2025-26,2026-03-08,2,1,19,3
8479193,2025-26,2026-03-16,2,1,21,5
8479193,2025-26,2026-03-22,2,1,33,3
8479193,2025-26,2026-03-24,2,0,16,1
8479193,2025-26,2026-03-29,2,1,30,2
8479193,2025-26,2026-04-04,2,1,21,1
8479193,2025-26,2026-04-13,2,1,27,5
8479292,2021-22,2021-12-07,2,0,3,0
8479292,2021-22,2021-12-09,2,1,31,2
8479292,2021-22,2021-12-11,2,1,23,1
8479292,2021-22,2021-12-14,2,1,34,1
8479292,2021-22,2021-12-17,2,1,27,1
8479292,2022-23,2022-10-13,2,1,39,3
8479292,2022-23,2022-10-24,2,1,41,3
8479292,2022-23,2022-11-01,2,1,31,3
8479292,2022-23,2022-11-07,2,1,29,4
8479292,2022-23,2022-11-13,2,0,25,1
8479292,2022-23,2022-11-17,2,1,24,4
8479292,2022-23,2022-11-26,2,1,29,5
8479292,2022-23,2022-12-03,2,0,9,2
8479292,2022-23,2022-12-05,2,1,30,2
8479292,2022-23,2022-12-07,2,1,30,1
8479292,2022-23,2022-12-09,2,1,26,1
8479292,2022-23,2022-12-11,2,1,31,2
8479292,2022-23,2022-12-13,2,1,29,3
8479292,2022-23,2022-12-15,2,1,26,2
8479292,2022-23,2022-12-17,2,1,36,2
8479292,2022-23,2022-12-19,2,1,19,3
8479292,2022-23,2022-12-23,2,1,26,1
8479292,2022-23,2022-12-31,2,1,33,2
8479292,2022-23,2023-01-06,2,1,21,3
8479292,2022-23,2023-01-17,2,1,21,3
8479292,2022-23,2023-01-21,2,0,9,2
8479292,2022-23,2023-01-29,2,0,7,1
8479292,2022-23,2023-01-31,2,1,34,3
8479292,2022-23,2023-02-12,2,1,32,3
8479292,2022-23,2023-02-23,2,1,20,3
8479292,2022-23,2023-02-26,2,0,18,2
8479292,2022-23,2023-03-15,2,1,27,4
8479292,2022-23,2023-03-19,2,1,40,5
8479292,2022-23,2023-03-21,2,1,39,7
8479292,2022-23,2023-04-08,2,1,36,3
8479292,2022-23,2023-04-11,2,1,36,3
8479292,2023-24,2023-10-13,2,1,35,4
8479292,2023-24,2023-11-04,2,1,35,1
8479292,2023-24,2023-11-10,2,1,26,2
8479292,2023-24,2023-11-14,2,1,35,0
8479292,2023-24,2023-11-18,2,1,36,3
8479292,2023-24,2023-11-24,2,1,35,5
8479292,2023-24,2023-11-29,2,1,39,1
8479292,2023-24,2023-12-04,2,0,22,3
8479292,2023-24,2023-12-07,2,1,38,4
8479292,2023-24,2023-12-09,2,1,31,0
8479292,2023-24,2023-12-14,2,1,32,3
8479292,2023-24,2023-12-16,2,1,23,3
8479292,2023-24,2023-12-21,2,1,36,2
8479292,2023-24,2023-12-23,2,1,20,1
8479292,2023-24,2023-12-29,2,1,3,0
8479292,2023-24,2024-01-13,2,1,27,2
8479292,2023-24,2024-01-14,2,1,31,2
8479292,2023-24,2024-01-18,2,1,20,2
8479292,2023-24,2024-01-20,2,1,29,3
8479292,2023-24,2024-01-24,2,1,31,6
8479292,2023-24,2024-01-27,2,1,35,5
8479292,2023-24,2024-02-06,2,1,9,3
8479292,2023-24,2024-02-10,2,1,18,0
8479292,2023-24,2024-02-13,2,1,35,4
8479292,2023-24,2024-02-20,2,1,39,2
8479292,2023-24,2024-02-22,2,1,32,3
8479292,2023-24,2024-02-24,2,1,29,3
8479292,2023-24,2024-02-27,2,1,31,8
8479292,2023-24,2024-03-01,2,1,23,2
8479292,2023-24,2024-03-03,2,1,27,4
8479292,2023-24,2024-03-07,2,1,39,0
8479292,2023-24,2024-03-09,2,1,32,1
8479292,2023-24,2024-03-11,2,1,29,3
8479292,2023-24,2024-03-14,2,1,24,1
8479292,2023-24,2024-03-16,2,1,22,1
8479292,2023-24,2024-03-18,2,1,36,2
8479292,2023-24,2024-03-20,2,1,29,7
8479292,2023-24,2024-03-22,2,0,9,2
8479292,2023-24,2024-03-24,2,1,27,0
8479292,2023-24,2024-03-26,2,1,33,3
8479292,2023-24,2024-03-28,2,1,48,5
8479292,2023-24,2024-03-30,2,1,29,2
8479292,2023-24,2024-04-02,2,1,31,6
8479292,2023-24,2024-04-04,2,1,23,3
8479292,2023-24,2024-04-07,2,1,21,3
8479292,2023-24,2024-04-09,2,1,43,1
8479292,2023-24,2024-04-11,2,1,16,3
8479292,2023-24,2024-04-13,2,1,34,2
8479292,2023-24,2024-04-15,2,1,16,0
8479292,2023-24,2024-04-16,2,1,28,1
8479292,2023-24,2024-04-21,3,1,31,4
8479292,2023-24,2024-04-23,3,1,28,4
8479292,2023-24,2024-04-26,3,1,22,3
8479292,2023-24,2024-04-28,3,1,22,3
8479292,2024-25,2024-10-12,2,1,32,4
8479292,2024-25,2024-10-17,2,1,24,2
8479292,2024-25,2024-10-22,2,1,18,1
8479292,2024-25,2024-10-26,2,1,21,3
8479292,2024-25,2024-10-31,2,1,15,3
8479292,2024-25,2024-11-03,2,1,44,3
8479292,2024-25,2024-11-08,2,1,31,3
8479292,2024-25,2024-11-15,2,1,19,2
8479292,2024-25,2024-11-18,2,1,26,2
8479292,2024-25,2024-11-23,2,1,33,3
8479292,2024-25,2024-11-27,2,1,28,4
8479292,2024-25,2024-11-30,2,1,27,5
8479292,2024-25,2024-12-06,2,1,21,1
8479292,2024-25,2024-12-12,2,1,33,1
8479292,2024-25,2024-12-16,2,1,24,3
8479292,2024-25,2024-12-20,2,1,25,1
8479292,2024-25,2024-12-23,2,1,21,3
8479292,2024-25,2024-12-29,2,1,27,4
8479292,2024-25,2025-01-02,2,1,33,3
8479292,2024-25,2025-01-06,2,1,27,3
8479292,2024-25,2025-01-10,2,1,9,0
8479292,2024-25,2025-01-23,2,1,22,0
8479292,2024-25,2025-01-25,2,1,25,2
8479292,2024-25,2025-01-30,2,1,34,5
8479292,2024-25,2025-02-06,2,1,22,3
8479292,2024-25,2025-02-23,2,1,25,3
8479292,2024-25,2025-02-27,2,1,18,4
8479292,2024-25,2025-03-05,2,1,17,2
8479292,2024-25,2025-03-09,2,1,32,2
8479292,2024-25,2025-03-13,2,1,27,3
8479292,2024-25,2025-03-20,2,1,28,2
8479292,2024-25,2025-03-27,2,1,20,3
8479292,2024-25,2025-04-01,2,1,24,3
8479292,2024-25,2025-04-02,2,0,19,2
8479292,2024-25,2025-04-04,2,1,22,3
8479292,2024-25,2025-04-06,2,1,22,4
8479292,2024-25,2025-04-10,2,1,34,4
8479292,2024-25,2025-04-13,2,1,23,4
8479292,2024-25,2025-04-15,2,1,33,1
8479292,2024-25,2025-04-25,3,0,5,1
8479292,2025-26,2025-10-12,2,1,35,0
8479292,2025-26,2025-10-19,2,1,24,4
8479292,2025-26,2025-10-25,2,1,34,7
8479292,2025-26,2025-11-01,2,1,24,3
8479292,2025-26,2025-11-06,2,1,30,4
8479292,2025-26,2025-11-17,2,1,31,1
8479292,2025-26,2025-11-20,2,1,28,4
8479292,2025-26,2025-11-22,2,0,10,1
8479292,2025-26,2025-11-26,2,1,21,3
8479292,2025-26,2025-12-03,2,1,24,1
8479292,2025-26,2025-12-16,2,1,32,5
8479292,2025-26,2025-12-21,2,1,27,3
8479292,2025-26,2025-12-31,2,1,25,3
8479292,2025-26,2026-01-05,2,1,45,4
8479292,2025-26,2026-01-11,2,1,21,3
8479292,2025-26,2026-01-19,2,1,44,5
8479292,2025-26,2026-01-24,2,1,40,6
8479292,2025-26,2026-01-29,2,1,21,3
8479292,2025-26,2026-02-28,2,1,23,4
8479292,2025-26,2026-03-12,2,1,30,1
8479292,2025-26,2026-04-05,2,1,33,8
8479312,2021-22,2021-11-13,2,1,29,2
8479312,2021-22,2022-01-08,2,1,36,4
8479312,2022-23,2023-01-19,2,0,25,2
8479312,2022-23,2023-01-21,2,1,32,3
8479312,2022-23,2023-01-23,2,1,25,5
8479312,2022-23,2023-01-24,2,1,49,7
8479312,2022-23,2023-01-27,2,1,32,3
8479312,2022-23,2023-01-28,2,1,40,3
8479312,2022-23,2023-03-21,2,1,23,5
8479312,2022-23,2023-03-29,2,1,40,2
8479312,2022-23,2023-03-30,2,1,20,2
8479312,2022-23,2023-04-01,2,1,21,0
8479312,2022-23,2023-04-04,2,1,40,1
8479312,2022-23,2023-04-06,2,1,58,2
8479312,2022-23,2023-04-08,2,1,24,2
8479312,2022-23,2023-04-10,2,1,25,2
8479312,2022-23,2023-04-13,2,1,34,4
8479312,2022-23,2023-04-17,3,1,29,3
8479312,2022-23,2023-04-19,3,1,37,3
8479312,2022-23,2023-04-21,3,1,26,3
8479312,2022-23,2023-06-05,3,0,15,3
8479312,2023-24,2023-11-17,2,1,29,3
8479312,2023-24,2023-11-22,2,1,16,0
8479312,2023-24,2023-11-26,2,1,38,1
8479312,2023-24,2023-11-30,2,1,35,1
8479312,2023-24,2023-12-05,2,1,32,3
8479312,2023-24,2023-12-09,2,1,25,4
8479312,2023-24,2023-12-16,2,1,16,1
8479312,2023-24,2023-12-29,2,1,37,4
8479312,2023-24,2023-12-31,2,1,22,3
8479312,2023-24,2024-01-02,2,1,27,3
8479312,2023-24,2024-01-04,2,1,43,3
8479312,2023-24,2024-01-07,2,1,31,2
8479312,2023-24,2024-01-11,2,1,47,3
8479312,2023-24,2024-01-13,2,1,36,3
8479312,2023-24,2024-01-17,2,1,34,2
8479312,2023-24,2024-01-19,2,1,29,3
8479312,2023-24,2024-01-21,2,1,28,1
8479312,2023-24,2024-01-23,2,1,32,5
8479312,2023-24,2024-01-25,2,1,30,0
8479312,2023-24,2024-01-27,2,1,30,2
8479312,2023-24,2024-01-31,2,1,25,3
8479312,2023-24,2024-02-10,2,1,31,3
8479312,2023-24,2024-02-13,2,0,29,7
8479312,2023-24,2024-02-15,2,1,21,4
8479312,2023-24,2024-02-19,2,1,41,3
8479312,2023-24,2024-02-22,2,1,31,1
8479312,2023-24,2024-02-24,2,1,23,1
8479312,2023-24,2024-02-27,2,1,21,3
8479312,2023-24,2024-02-29,2,1,26,4
8479312,2023-24,2024-03-02,2,1,37,4
8479312,2023-24,2024-03-06,2,1,40,5
8479312,2023-24,2024-03-08,2,1,24,4
8479312,2023-24,2024-03-12,2,1,13,4
8479312,2023-24,2024-03-14,2,1,26,3
8479312,2023-24,2024-03-17,2,1,37,5
8479312,2023-24,2024-03-23,2,1,32,1
8479312,2023-24,2024-03-26,2,1,30,4
8479312,2023-24,2024-03-30,2,1,38,2
8479312,2023-24,2024-04-01,2,1,36,2
8479312,2023-24,2024-04-05,2,1,38,4
8479312,2023-24,2024-04-07,2,1,38,1
8479312,2023-24,2024-04-09,2,1,23,2
8479312,2023-24,2024-04-11,2,1,27,6
8479312,2023-24,2024-04-15,2,1,21,4
8479312,2024-25,2024-10-14,2,1,27,3
8479312,2024-25,2024-10-17,2,0,15,0
8479312,2024-25,2024-10-19,2,1,39,2
8479312,2024-25,2024-10-22,2,1,30,0
8479312,2024-25,2024-10-26,2,1,38,4
8479312,2024-25,2024-10-30,2,1,29,6
8479312,2024-25,2024-11-15,2,1,28,5
8479312,2024-25,2024-11-21,2,1,23,1
8479312,2024-25,2024-11-25,2,1,29,2
8479312,2024-25,2024-12-18,2,1,19,4
8479312,2024-25,2024-12-21,2,1,24,5
8479312,2024-25,2024-12-27,2,0,2,0
8479312,2024-25,2024-12-29,2,1,27,2
8479312,2024-25,2024-12-31,2,1,25,2
8479312,2024-25,2025-01-04,2,1,23,2
8479312,2024-25,2025-01-07,2,1,10,0
8479312,2024-25,2025-01-18,2,0,6,0
8479312,2024-25,2025-01-19,2,1,25,4
8479312,2024-25,2025-01-21,2,1,26,2
8479312,2024-25,2025-01-30,2,1,47,2
8479312,2024-25,2025-02-02,2,1,27,2
8479312,2024-25,2025-02-08,2,1,3,2
8479312,2024-25,2025-02-23,2,1,28,4
8479312,2024-25,2025-03-04,2,1,30,2
8479312,2024-25,2025-03-06,2,1,19,4
8479312,2024-25,2025-03-24,2,0,18,1
8479312,2024-25,2025-03-25,2,1,27,4
8479312,2024-25,2025-03-27,2,1,10,3
8479312,2024-25,2025-04-11,2,1,21,3
8479312,2024-25,2025-04-16,2,1,30,2
8479312,2025-26,2025-10-09,2,1,32,3
8479312,2025-26,2025-10-11,2,1,30,2
8479312,2025-26,2025-10-13,2,1,37,3
8479312,2025-26,2025-10-15,2,1,37,4
8479312,2025-26,2025-10-18,2,1,32,0
8479312,2025-26,2025-10-20,2,1,31,3
8479312,2025-26,2025-10-24,2,1,34,3
8479312,2025-26,2025-10-28,2,1,39,4
8479312,2025-26,2025-10-30,2,1,22,4
8479312,2025-26,2025-11-04,2,1,35,2
8479312,2025-26,2025-11-08,2,1,33,4
8479312,2025-26,2025-11-13,2,1,3,2
8479312,2025-26,2025-11-28,2,1,23,5
8479312,2025-26,2025-12-08,2,0,4,0
8479312,2025-26,2025-12-09,2,0,24,3
8479312,2025-26,2025-12-11,2,1,32,2
8479312,2025-26,2025-12-14,2,1,24,1
8479312,2025-26,2025-12-18,2,1,27,3
8479312,2025-26,2025-12-20,2,1,34,2
8479312,2025-26,2025-12-23,2,1,26,2
8479312,2025-26,2025-12-29,2,1,18,2
8479312,2025-26,2026-01-20,2,1,34,3
8479312,2025-26,2026-01-24,2,1,26,0
8479312,2025-26,2026-01-29,2,1,38,1
8479312,2025-26,2026-01-31,2,1,30,3
8479312,2025-26,2026-02-02,2,1,42,3
8479312,2025-26,2026-02-05,2,1,31,4
8479312,2025-26,2026-02-27,2,1,29,2
8479312,2025-26,2026-03-03,2,1,29,2
8479312,2025-26,2026-03-07,2,1,25,2
8479312,2025-26,2026-03-10,2,1,20,3
8479312,2025-26,2026-03-14,2,1,18,2
8479312,2025-26,2026-03-19,2,1,23,0
8479312,2025-26,2026-03-22,2,1,33,6
8479312,2025-26,2026-03-27,2,1,19,4
8479312,2025-26,2026-04-04,2,1,5,3
8479312,2025-26,2026-04-21,3,0,7,0
8479312,2025-26,2026-04-23,3,1,25,1
8479312,2025-26,2026-04-26,3,1,24,1
8479312,2025-26,2026-04-28,3,1,29,2
8479312,2025-26,2026-05-01,3,1,26,1
8479312,2025-26,2026-05-06,3,1,28,2
8479312,2025-26,2026-05-08,3,1,27,4
8479312,2025-26,2026-05-10,3,1,36,5
8479312,2025-26,2026-05-14,3,0,3,1
8479312,2025-26,2026-05-16,3,1,4,3
8479313,2021-22,2022-01-02,2,0,21,1
8479313,2021-22,2022-02-14,2,0,2,0
8479313,2021-22,2022-03-01,2,0,20,2
8479313,2021-22,2022-03-05,2,0,8,2
8479313,2021-22,2022-03-06,2,1,36,3
8479313,2021-22,2022-03-10,2,1,36,3
8479313,2021-22,2022-03-18,2,1,28,4
8479361,2022-23,2023-02-11,2,1,40,4
8479361,2022-23,2023-02-18,2,1,30,1
8479361,2022-23,2023-03-02,2,1,26,1
8479361,2022-23,2023-03-26,2,1,25,2
8479361,2022-23,2023-04-04,2,1,26,2
8479361,2022-23,2023-04-11,2,1,48,3
8479361,2022-23,2023-04-13,2,1,24,2
8479361,2022-23,2023-04-18,3,0,5,1
8479361,2022-23,2023-05-07,3,0,21,3
8479361,2022-23,2023-05-10,3,1,25,1
8479361,2022-23,2023-05-12,3,1,43,3
8479361,2023-24,2023-10-16,2,1,30,3
8479361,2023-24,2023-10-21,2,0,27,0
8479361,2023-24,2023-10-24,2,1,38,1
8479361,2023-24,2023-10-26,2,1,32,1
8479361,2023-24,2023-10-31,2,1,27,4
8479361,2023-24,2023-11-04,2,1,40,5
8479361,2023-24,2023-11-06,2,0,19,1
8479361,2023-24,2023-11-08,2,1,31,6
8479361,2023-24,2023-11-10,2,1,28,4
8479361,2023-24,2023-11-19,2,1,36,3
8479361,2023-24,2023-11-25,2,1,35,3
8479361,2023-24,2023-11-28,2,1,39,1
8479361,2023-24,2023-11-30,2,1,40,3
8479361,2023-24,2023-12-02,2,1,37,4
8479361,2023-24,2023-12-07,2,1,31,2
8479361,2023-24,2024-02-29,2,1,32,2
8479361,2023-24,2024-03-04,2,1,27,4
8479361,2023-24,2024-03-07,2,1,25,4
8479361,2023-24,2024-03-20,2,1,21,3
8479361,2023-24,2024-03-24,2,1,43,2
8479361,2023-24,2024-03-26,2,1,24,5
8479361,2023-24,2024-03-28,2,1,24,1
8479361,2023-24,2024-04-03,2,1,25,4
8479361,2023-24,2024-04-09,2,1,20,2
8479361,2023-24,2024-04-16,2,1,41,4
8479361,2023-24,2024-04-27,3,0,5,0
8479361,2023-24,2024-04-30,3,1,28,1
8479361,2023-24,2024-05-02,3,1,23,1
8479361,2024-25,2024-10-24,2,1,26,4
8479361,2024-25,2024-10-31,2,1,25,1
8479361,2024-25,2024-11-02,2,1,23,3
8479361,2024-25,2024-11-09,2,1,21,1
8479361,2024-25,2024-11-13,2,1,27,3
8479361,2024-25,2024-11-20,2,1,31,0
8479361,2024-25,2024-11-24,2,1,26,2
8479361,2024-25,2024-11-30,2,1,41,3
8479361,2024-25,2024-12-04,2,1,24,2
8479361,2024-25,2024-12-07,2,1,27,3
8479361,2024-25,2024-12-12,2,0,20,1
8479361,2024-25,2024-12-14,2,1,25,3
8479361,2024-25,2024-12-18,2,1,39,3
8479361,2024-25,2024-12-21,2,1,33,5
8479361,2024-25,2024-12-23,2,1,26,4
8479361,2024-25,2024-12-27,2,1,25,2
8479361,2024-25,2024-12-31,2,1,31,1
8479361,2024-25,2025-01-02,2,1,33,1
8479361,2024-25,2025-01-04,2,1,31,4
8479361,2024-25,2025-01-07,2,1,32,2
8479361,2024-25,2025-01-09,2,1,33,5
8479361,2024-25,2025-01-14,2,1,23,4
8479361,2024-25,2025-01-16,2,1,24,3
8479361,2024-25,2025-01-18,2,1,35,3
8479361,2024-25,2025-01-20,2,1,30,3
8479361,2024-25,2025-01-25,2,1,23,2
8479361,2024-25,2025-01-29,2,1,24,2
8479361,2024-25,2025-02-01,2,1,48,3
8479361,2024-25,2025-02-04,2,1,26,3
8479361,2024-25,2025-02-08,2,1,25,2
8479361,2024-25,2025-02-23,2,1,27,2
8479361,2024-25,2025-03-02,2,1,34,5
8479361,2024-25,2025-03-05,2,1,7,3
8479361,2024-25,2025-03-10,2,1,33,3
8479361,2024-25,2025-03-17,2,1,26,2
8479361,2024-25,2025-03-19,2,1,39,1
8479361,2024-25,2025-03-22,2,1,31,4
8479361,2024-25,2025-03-27,2,1,35,5
8479361,2024-25,2025-03-30,2,1,31,2
8479361,2024-25,2025-04-08,2,1,36,2
8479361,2024-25,2025-04-13,2,1,26,1
8479361,2024-25,2025-04-17,2,1,34,3
8479361,2024-25,2025-05-05,3,0,20,3
8479361,2024-25,2025-05-07,3,1,28,3
8479361,2024-25,2025-05-09,3,1,36,5
8479361,2024-25,2025-05-11,3,1,37,2
8479361,2024-25,2025-05-14,3,1,25,5
8479361,2024-25,2025-05-16,3,1,22,0
8479361,2024-25,2025-05-18,3,1,33,5
8479361,2025-26,2025-11-15,2,1,32,3
8479361,2025-26,2025-11-18,2,1,29,2
8479361,2025-26,2025-11-20,2,1,30,3
8479361,2025-26,2025-11-22,2,1,25,4
8479361,2025-26,2025-11-26,2,1,36,1
8479361,2025-26,2025-11-28,2,1,33,3
8479361,2025-26,2025-12-02,2,1,26,1
8479361,2025-26,2025-12-04,2,1,24,1
8479361,2025-26,2025-12-16,2,1,25,2
8479361,2025-26,2025-12-20,2,1,32,3
8479361,2025-26,2025-12-23,2,1,32,3
8479361,2025-26,2025-12-27,2,1,31,5
8479361,2025-26,2025-12-30,2,1,33,0
8479361,2025-26,2026-01-01,2,1,17,4
8479361,2025-26,2026-01-03,2,1,25,4
8479361,2025-26,2026-01-06,2,1,32,1
8479361,2025-26,2026-01-10,2,1,29,0
8479361,2025-26,2026-01-12,2,1,34,3
8479361,2025-26,2026-01-15,2,1,33,6
8479361,2025-26,2026-01-19,2,1,29,5
8479361,2025-26,2026-01-21,2,1,41,2
8479361,2025-26,2026-01-25,2,1,36,3
8479361,2025-26,2026-01-27,2,1,30,6
8479361,2025-26,2026-01-31,2,1,30,2
8479361,2025-26,2026-02-02,2,1,30,2
8479361,2025-26,2026-02-26,2,1,35,3
8479361,2025-26,2026-02-28,2,1,28,5
8479361,2025-26,2026-03-05,2,1,23,5
8479361,2025-26,2026-03-10,2,1,32,2
8479361,2025-26,2026-03-12,2,1,40,4
8479361,2025-26,2026-03-14,2,1,33,2
8479361,2025-26,2026-03-17,2,1,34,3
8479361,2025-26,2026-03-20,2,1,36,4
8479361,2025-26,2026-03-21,2,1,44,5
8479361,2025-26,2026-03-25,2,1,43,3
8479361,2025-26,2026-03-28,2,1,38,5
8479361,2025-26,2026-04-04,2,1,40,7
8479361,2025-26,2026-04-08,2,0,17,3
8479361,2025-26,2026-04-11,2,1,23,4
8479394,2020-21,2021-01-13,2,1,34,3
8479394,2020-21,2021-01-15,2,1,33,2
8479394,2020-21,2021-01-18,2,1,22,4
8479394,2020-21,2021-01-21,2,1,43,4
8479394,2020-21,2021-01-23,2,1,26,6
8479394,2020-21,2021-01-28,2,1,34,1
8479394,2020-21,2021-01-30,2,1,28,2
8479394,2020-21,2021-02-03,2,1,35,4
8479394,2020-21,2021-02-07,2,1,37,4
8479394,2020-21,2021-02-18,2,1,33,2
8479394,2020-21,2021-02-21,2,1,23,6
8479394,2020-21,2021-02-28,2,1,28,0
8479394,2020-21,2021-03-02,2,1,27,5
8479394,2020-21,2021-03-07,2,1,27,3
8479394,2020-21,2021-03-09,2,1,8,3
8479394,2020-21,2021-03-13,2,0,13,2
8479394,2020-21,2021-03-15,2,1,24,4
8479394,2020-21,2021-03-17,2,0,16,4
8479394,2020-21,2021-03-18,2,1,25,3
8479394,2020-21,2021-03-20,2,1,28,6
8479394,2020-21,2021-03-23,2,1,32,4
8479394,2020-21,2021-03-25,2,1,11,5
8479394,2020-21,2021-04-03,2,1,24,2
8479394,2020-21,2021-04-06,2,1,25,3
8479394,2020-21,2021-04-08,2,1,23,2
8479394,2020-21,2021-04-11,2,1,30,4
8479394,2020-21,2021-04-15,2,1,32,1
8479394,2021-22,2021-10-15,2,1,39,4
8479394,2021-22,2021-10-18,2,1,24,1
8479394,2021-22,2021-10-23,2,1,30,3
8479394,2021-22,2021-10-27,2,1,37,3
8479394,2021-22,2021-10-30,2,1,35,3
8479394,2021-22,2021-11-02,2,1,29,0
8479394,2021-22,2021-11-04,2,1,36,3
8479394,2021-22,2021-11-10,2,1,33,3
8479394,2021-22,2021-11-12,2,1,40,1
8479394,2021-22,2021-11-16,2,1,34,1
8479394,2021-22,2021-11-18,2,1,32,3
8479394,2021-22,2021-11-23,2,1,35,4
8479394,2021-22,2021-11-26,2,1,36,6
8479394,2021-22,2021-12-01,2,1,27,3
8479394,2021-22,2021-12-05,2,1,15,5
8479394,2021-22,2021-12-08,2,1,26,2
8479394,2021-22,2021-12-10,2,1,44,3
8479394,2021-22,2021-12-14,2,1,27,1
8479394,2021-22,2021-12-16,2,1,40,2
8479394,2021-22,2022-01-04,2,1,29,3
8479394,2021-22,2022-01-06,2,1,32,6
8479394,2021-22,2022-01-13,2,1,36,3
8479394,2021-22,2022-01-15,2,1,27,3
8479394,2021-22,2022-01-18,2,1,31,3
8479394,2021-22,2022-01-20,2,1,29,2
8479394,2021-22,2022-01-22,2,0,16,2
8479394,2021-22,2022-01-24,2,1,35,2
8479394,2021-22,2022-01-29,2,1,40,3
8479394,2021-22,2022-02-01,2,1,33,1
8479394,2021-22,2022-02-09,2,1,33,5
8479394,2021-22,2022-02-12,2,1,23,3
8479394,2021-22,2022-02-15,2,1,34,5
8479394,2021-22,2022-02-26,2,1,28,1
8479394,2021-22,2022-03-01,2,1,31,2
8479394,2021-22,2022-03-03,2,1,38,5
8479394,2021-22,2022-03-08,2,1,48,1
8479394,2021-22,2022-03-10,2,1,36,5
8479394,2021-22,2022-03-13,2,1,35,4
8479394,2021-22,2022-03-17,2,1,34,4
8479394,2021-22,2022-03-20,2,1,27,1
8479394,2021-22,2022-03-22,2,1,29,4
8479394,2021-22,2022-03-25,2,1,51,6
8479394,2021-22,2022-04-02,2,1,28,6
8479394,2021-22,2022-04-05,2,1,29,3
8479394,2021-22,2022-04-12,2,1,10,3
8479394,2022-23,2022-10-13,2,1,37,2
8479394,2022-23,2022-10-15,2,1,30,2
8479394,2022-23,2022-10-18,2,1,38,2
8479394,2022-23,2022-10-22,2,1,32,1
8479394,2022-23,2022-10-27,2,1,51,3
8479394,2022-23,2022-10-29,2,1,38,4
8479394,2022-23,2022-11-01,2,1,36,1
8479394,2022-23,2022-11-05,2,1,34,1
8479394,2022-23,2022-11-10,2,1,27,3
8479394,2022-23,2022-11-12,2,1,26,3
8479394,2022-23,2022-11-15,2,1,33,5
8479394,2022-23,2022-11-17,2,1,32,4
8479394,2022-23,2022-11-19,2,1,32,4
8479394,2022-23,2022-11-21,2,1,28,3
8479394,2022-23,2022-11-25,2,1,21,4
8479394,2022-23,2022-11-29,2,1,24,1
8479394,2022-23,2022-12-01,2,1,27,4
8479394,2022-23,2022-12-03,2,1,18,3
8479394,2022-23,2022-12-05,2,1,32,3
8479394,2022-23,2022-12-07,2,1,25,2
8479394,2022-23,2022-12-09,2,1,34,2
8479394,2022-23,2022-12-11,2,1,29,5
8479394,2022-23,2022-12-15,2,1,49,1
8479394,2022-23,2022-12-17,2,1,33,4
8479394,2022-23,2022-12-20,2,1,33,3
8479394,2022-23,2022-12-22,2,1,34,4
8479394,2022-23,2022-12-23,2,0,7,1
8479394,2022-23,2023-01-05,2,1,23,2
8479394,2022-23,2023-01-08,2,1,35,6
8479394,2022-23,2023-01-11,2,1,29,3
8479394,2022-23,2023-01-14,2,1,40,1
8479394,2022-23,2023-01-16,2,1,16,4
8479394,2022-23,2023-01-19,2,1,28,3
8479394,2022-23,2023-01-21,2,1,31,1
8479394,2022-23,2023-01-24,2,1,38,4
8479394,2022-23,2023-01-26,2,1,23,3
8479394,2022-23,2023-01-28,2,1,40,0
8479394,2022-23,2023-02-06,2,1,30,2
8479394,2022-23,2023-02-09,2,1,35,1
8479394,2022-23,2023-02-11,2,1,25,2
8479394,2022-23,2023-02-16,2,1,19,4
8479394,2022-23,2023-02-18,2,1,21,4
8479394,2022-23,2023-02-21,2,1,26,3
8479394,2022-23,2023-02-24,2,1,31,5
8479394,2022-23,2023-03-01,2,1,25,3
8479394,2022-23,2023-03-05,2,1,26,1
8479394,2022-23,2023-03-07,2,1,39,5
8479394,2022-23,2023-03-11,2,1,31,4
8479394,2022-23,2023-03-17,2,1,38,2
8479394,2022-23,2023-03-21,2,1,44,3
8479394,2022-23,2023-03-23,2,1,24,4
8479394,2022-23,2023-03-25,2,1,29,0
8479394,2022-23,2023-04-06,2,1,30,4
8479394,2022-23,2023-04-08,2,1,18,3
8479394,2022-23,2023-04-11,2,1,31,3
8479394,2023-24,2023-10-12,2,1,33,2
8479394,2023-24,2023-10-14,2,1,31,5
8479394,2023-24,2023-10-17,2,1,26,0
8479394,2023-24,2023-10-19,2,1,23,1
8479394,2023-24,2023-10-24,2,1,29,3
8479394,2023-24,2023-10-26,2,1,28,2
8479394,2023-24,2023-10-30,2,1,32,3
8479394,2023-24,2023-11-01,2,1,5,2
8479394,2023-24,2023-11-15,2,1,32,1
8479394,2023-24,2023-11-18,2,1,31,3
8479394,2023-24,2023-11-22,2,1,25,3
8479394,2023-24,2023-11-24,2,1,19,3
8479394,2023-24,2023-11-28,2,1,35,3
8479394,2023-24,2023-11-30,2,1,35,4
8479394,2023-24,2023-12-04,2,1,32,1
8479394,2023-24,2023-12-07,2,1,26,1
8479394,2023-24,2023-12-09,2,1,38,2
8479394,2023-24,2023-12-22,2,1,37,6
8479394,2023-24,2023-12-28,2,0,8,0
8479394,2023-24,2023-12-29,2,1,29,2
8479394,2023-24,2024-01-02,2,1,36,5
8479394,2023-24,2024-01-06,2,1,24,2
8479394,2023-24,2024-01-08,2,1,39,4
8479394,2023-24,2024-01-12,2,1,29,3
8479394,2023-24,2024-01-15,2,1,30,2
8479394,2023-24,2024-01-20,2,1,15,5
8479394,2025-26,2025-12-02,2,1,30,3
8479394,2025-26,2025-12-07,2,1,24,2
8479394,2025-26,2025-12-09,2,1,27,4
8479394,2025-26,2025-12-13,2,1,30,2
8479394,2025-26,2025-12-17,2,1,33,1
8479394,2025-26,2025-12-21,2,1,21,4
8479394,2025-26,2025-12-23,2,1,23,2
8479394,2025-26,2025-12-27,2,1,39,5
8479394,2025-26,2025-12-29,2,1,12,5
8479394,2025-26,2026-01-02,2,1,19,4
8479394,2025-26,2026-01-06,2,1,20,3
8479394,2025-26,2026-01-08,2,1,1,1
8479394,2025-26,2026-04-02,2,1,22,3
8479394,2025-26,2026-04-04,2,1,32,1
8479394,2025-26,2026-04-07,2,1,11,1
8479394,2025-26,2026-04-11,2,1,32,2
8479394,2025-26,2026-04-13,2,1,23,2
8479394,2025-26,2026-04-15,2,1,23,1
8479394,2025-26,2026-04-19,3,1,33,2
8479394,2025-26,2026-04-21,3,1,29,3
8479394,2025-26,2026-04-24,3,1,12,4
8479394,2025-26,2026-04-27,3,1,31,4
8479394,2025-26,2026-04-29,3,1,38,4
8479394,2025-26,2026-05-01,3,1,23,1
8479394,2025-26,2026-05-04,3,1,34,1
8479394,2025-26,2026-05-06,3,1,27,2
8479394,2025-26,2026-05-08,3,1,33,2
8479394,2025-26,2026-05-10,3,1,23,4
8479394,2025-26,2026-05-12,3,1,36,2
8479394,2025-26,2026-05-14,3,1,32,1
8479394,2025-26,2026-05-20,3,1,38,2
8479394,2025-26,2026-05-22,3,1,31,1
8479394,2025-26,2026-05-24,3,1,35,3
8479394,2025-26,2026-05-26,3,1,21,1
8479394,2025-26,2026-06-02,3,1,29,4
8479394,2025-26,2026-06-04,3,1,26,4
8479394,2025-26,2026-06-06,3,1,33,4
8479394,2025-26,2026-06-09,3,1,27,4
8479394,2025-26,2026-06-11,3,1,24,4
8479394,2025-26,2026-06-14,3,1,22,2
8479406,2021-22,2021-10-17,2,1,34,2
8479406,2021-22,2021-10-25,2,0,15,3
8479406,2021-22,2021-10-29,2,1,39,1
8479406,2021-22,2021-11-02,2,1,43,5
8479406,2021-22,2021-11-04,2,1,38,4
8479406,2021-22,2021-11-11,2,1,36,2
8479406,2021-22,2021-11-13,2,1,31,3
8479406,2021-22,2021-11-22,2,1,39,6
8479406,2021-22,2021-11-27,2,1,36,3
8479406,2021-22,2021-12-01,2,1,35,6
8479406,2021-22,2021-12-07,2,1,27,5
8479406,2021-22,2022-01-20,2,0,26,3
8479406,2021-22,2022-02-20,2,1,33,2
8479406,2021-22,2022-03-14,2,1,14,4
8479406,2021-22,2022-03-19,2,1,27,5
8479406,2021-22,2022-04-19,2,1,37,3
8479406,2021-22,2022-04-22,2,1,34,1
8479406,2021-22,2022-04-28,2,1,30,4
8479406,2022-23,2022-10-15,2,0,20,3
8479406,2022-23,2022-10-17,2,1,37,5
8479406,2022-23,2022-10-29,2,1,25,2
8479406,2022-23,2022-11-09,2,1,32,1
8479406,2022-23,2022-11-13,2,1,37,2
8479406,2022-23,2022-11-17,2,1,31,5
8479406,2022-23,2022-11-19,2,1,21,1
8479406,2022-23,2022-11-23,2,1,29,1
8479406,2022-23,2022-12-03,2,1,33,4
8479406,2022-23,2022-12-10,2,1,35,0
8479406,2022-23,2022-12-14,2,1,17,1
8479406,2022-23,2022-12-18,2,1,28,2
8479406,2022-23,2022-12-22,2,1,24,4
8479406,2022-23,2022-12-27,2,1,32,1
8479406,2022-23,2023-01-04,2,1,35,1
8479406,2022-23,2023-01-08,2,1,23,2
8479406,2022-23,2023-01-12,2,1,20,1
8479406,2022-23,2023-01-17,2,1,36,2
8479406,2022-23,2023-01-21,2,1,26,4
8479406,2022-23,2023-02-08,2,1,36,3
8479406,2022-23,2023-02-09,2,0,8,0
8479406,2022-23,2023-02-11,2,1,29,2
8479406,2022-23,2023-02-13,2,1,34,1
8479406,2022-23,2023-02-17,2,1,30,1
8479406,2022-23,2023-02-19,2,1,26,3
8479406,2022-23,2023-02-21,2,1,34,1
8479406,2022-23,2023-02-24,2,1,24,2
8479406,2022-23,2023-02-28,2,1,40,1
8479406,2022-23,2023-03-04,2,1,31,0
8479406,2022-23,2023-03-07,2,1,26,0
8479406,2022-23,2023-03-12,2,1,23,5
8479406,2022-23,2023-03-18,2,1,37,4
8479406,2022-23,2023-03-21,2,1,48,1
8479406,2022-23,2023-03-25,2,1,23,1
8479406,2022-23,2023-03-29,2,1,44,2
8479406,2022-23,2023-04-03,2,1,26,3
8479406,2022-23,2023-04-08,2,1,40,3
8479406,2022-23,2023-04-10,2,1,42,2
8479406,2022-23,2023-04-13,2,1,31,4
8479406,2022-23,2023-04-17,3,1,53,2
8479406,2022-23,2023-04-21,3,1,24,1
8479406,2022-23,2023-04-23,3,1,24,3
8479406,2022-23,2023-04-25,3,1,24,3
8479406,2022-23,2023-04-28,3,1,26,3
8479406,2023-24,2023-10-12,2,1,41,0
8479406,2023-24,2023-10-14,2,1,33,7
8479406,2023-24,2023-10-21,2,1,54,5
8479406,2023-24,2023-10-24,2,1,28,4
8479406,2023-24,2023-10-26,2,1,35,6
8479406,2023-24,2023-11-02,2,1,38,5
8479406,2023-24,2023-11-04,2,1,4,3
8479406,2023-24,2023-11-10,2,1,25,3
8479406,2023-24,2023-11-18,2,1,31,1
8479406,2023-24,2023-11-24,2,1,25,3
8479406,2023-24,2023-11-26,2,1,22,3
8479406,2023-24,2023-11-28,2,1,24,1
8479406,2023-24,2023-11-30,2,1,27,1
8479406,2023-24,2023-12-05,2,1,30,2
8479406,2023-24,2023-12-07,2,1,17,2
8479406,2023-24,2023-12-10,2,1,24,0
8479406,2023-24,2023-12-14,2,1,37,2
8479406,2023-24,2023-12-16,2,1,36,1
8479406,2023-24,2023-12-18,2,1,30,4
8479406,2023-24,2023-12-21,2,1,25,3
8479406,2023-24,2023-12-27,2,1,28,3
8479406,2023-24,2023-12-30,2,1,22,3
8479406,2023-24,2024-01-13,2,1,18,5
8479406,2023-24,2024-01-18,2,1,38,7
8479406,2023-24,2024-01-19,2,0,24,3
8479406,2023-24,2024-01-21,2,1,42,2
8479406,2023-24,2024-01-23,2,1,33,3
8479406,2023-24,2024-01-25,2,1,29,3
8479406,2023-24,2024-01-27,2,1,25,3
8479406,2023-24,2024-02-07,2,1,21,1
8479406,2023-24,2024-02-12,2,1,30,3
8479406,2023-24,2024-02-17,2,1,28,3
8479406,2023-24,2024-02-19,2,1,16,5
8479406,2023-24,2024-02-23,2,1,43,2
8479406,2023-24,2024-02-27,2,1,28,3
8479406,2023-24,2024-02-29,2,1,31,6
8479406,2023-24,2024-03-03,2,1,15,3
8479406,2023-24,2024-03-08,2,1,40,2
8479406,2023-24,2024-03-19,2,1,27,0
8479406,2023-24,2024-03-20,2,0,11,1
8479406,2023-24,2024-03-28,2,1,27,1
8479406,2023-24,2024-03-30,2,1,30,1
8479406,2023-24,2024-04-04,2,1,35,4
8479406,2023-24,2024-04-09,2,1,32,5
8479406,2023-24,2024-04-15,2,1,24,1
8479406,2024-25,2024-10-10,2,1,33,2
8479406,2024-25,2024-10-13,2,1,35,2
8479406,2024-25,2024-10-15,2,1,28,1
8479406,2024-25,2024-10-19,2,1,24,1
8479406,2024-25,2024-10-22,2,1,25,1
8479406,2024-25,2024-10-26,2,1,22,6
8479406,2024-25,2024-11-01,2,1,30,3
8479406,2024-25,2024-11-03,2,1,28,1
8479406,2024-25,2024-11-05,2,1,27,4
8479406,2024-25,2024-11-08,2,1,35,2
8479406,2024-25,2024-11-10,2,1,22,2
8479406,2024-25,2024-11-14,2,1,19,0
8479406,2024-25,2024-11-16,2,1,40,2
8479406,2024-25,2024-11-19,2,1,24,2
8479406,2024-25,2024-11-23,2,1,31,3
8479406,2024-25,2024-11-25,2,1,31,3
8479406,2024-25,2024-11-27,2,1,39,0
8479406,2024-25,2024-11-30,2,1,27,2
8479406,2024-25,2024-12-03,2,1,32,2
8479406,2024-25,2024-12-06,2,1,27,1
8479406,2024-25,2024-12-10,2,1,25,4
8479406,2024-25,2024-12-12,2,1,26,5
8479406,2024-25,2024-12-23,2,1,31,3
8479406,2024-25,2024-12-27,2,1,29,2
8479406,2024-25,2024-12-29,2,1,36,2
8479406,2024-25,2024-12-31,2,1,46,3
8479406,2024-25,2025-01-04,2,1,21,0
8479406,2024-25,2025-01-07,2,1,18,4
8479406,2024-25,2025-01-09,2,1,27,6
8479406,2024-25,2025-01-12,2,1,37,4
8479406,2024-25,2025-01-15,2,1,36,5
8479406,2024-25,2025-01-23,2,1,29,4
8479406,2024-25,2025-01-26,2,1,20,2
8479406,2024-25,2025-01-29,2,1,33,1
8479406,2024-25,2025-02-01,2,1,52,6
8479406,2024-25,2025-02-06,2,1,38,1
8479406,2024-25,2025-02-08,2,1,35,3
8479406,2024-25,2025-02-25,2,1,16,3
8479406,2024-25,2025-02-28,2,1,29,4
8479406,2024-25,2025-03-02,2,1,28,0
8479406,2024-25,2025-03-04,2,1,36,3
8479406,2024-25,2025-03-07,2,1,19,2
8479406,2024-25,2025-03-11,2,1,28,1
8479406,2024-25,2025-03-13,2,1,31,3
8479406,2024-25,2025-03-15,2,1,27,4
8479406,2024-25,2025-03-17,2,1,29,1
8479406,2024-25,2025-03-19,2,1,34,0
8479406,2024-25,2025-03-22,2,1,21,1
8479406,2024-25,2025-03-24,2,1,28,2
8479406,2024-25,2025-03-27,2,1,30,2
8479406,2024-25,2025-03-29,2,1,33,5
8479406,2024-25,2025-03-31,2,1,28,2
8479406,2024-25,2025-04-02,2,1,39,5
8479406,2024-25,2025-04-04,2,1,27,3
8479406,2024-25,2025-04-06,2,1,25,2
8479406,2024-25,2025-04-11,2,1,29,4
8479406,2024-25,2025-04-12,2,1,14,2
8479406,2024-25,2025-04-15,2,1,24,2
8479406,2024-25,2025-04-20,3,1,26,3
8479406,2024-25,2025-04-22,3,1,32,2
8479406,2024-25,2025-04-24,3,1,32,2
8479406,2024-25,2025-04-26,3,1,46,4
8479406,2024-25,2025-04-29,3,1,25,2
8479406,2024-25,2025-05-01,3,1,24,3
8479406,2025-26,2025-10-09,2,1,26,0
8479406,2025-26,2025-10-11,2,1,31,6
8479406,2025-26,2025-10-14,2,1,23,3
8479406,2025-26,2025-10-17,2,1,45,5
8479406,2025-26,2025-10-20,2,1,24,1
8479406,2025-26,2025-10-22,2,1,34,3
8479406,2025-26,2025-10-25,2,1,40,5
8479406,2025-26,2025-10-28,2,1,21,4
8479406,2025-26,2025-10-30,2,1,33,3
8479406,2025-26,2025-11-01,2,1,28,2
8479406,2025-26,2025-11-04,2,1,34,2
8479406,2025-26,2025-11-06,2,1,27,4
8479406,2025-26,2025-11-11,2,1,18,2
8479406,2025-26,2025-11-16,2,1,25,2
8479406,2025-26,2025-11-21,2,1,19,0
8479406,2025-26,2025-11-26,2,1,37,3
8479406,2025-26,2025-11-29,2,1,33,2
8479406,2025-26,2025-12-04,2,1,30,3
8479406,2025-26,2025-12-08,2,1,24,1
8479406,2025-26,2025-12-11,2,1,18,2
8479406,2025-26,2025-12-14,2,1,31,2
8479406,2025-26,2025-12-16,2,1,25,0
8479406,2025-26,2025-12-20,2,1,30,2
8479406,2025-26,2025-12-23,2,1,29,3
8479406,2025-26,2025-12-29,2,1,16,2
8479406,2025-26,2026-01-02,2,1,28,2
8479406,2025-26,2026-01-05,2,1,32,3
8479406,2025-26,2026-01-10,2,1,27,4
8479406,2025-26,2026-01-15,2,0,9,0
8479406,2025-26,2026-01-17,2,1,24,4
8479406,2025-26,2026-01-19,2,1,30,3
8479406,2025-26,2026-01-22,2,1,34,3
8479406,2025-26,2026-01-24,2,1,34,4
8479406,2025-26,2026-01-29,2,1,30,1
8479406,2025-26,2026-02-02,2,1,20,3
8479406,2025-26,2026-02-04,2,1,35,5
8479406,2025-26,2026-02-26,2,1,45,1
8479406,2025-26,2026-03-01,2,1,23,2
8479406,2025-26,2026-03-03,2,1,25,1
8479406,2025-26,2026-03-06,2,1,31,2
8479406,2025-26,2026-03-10,2,1,25,0
8479406,2025-26,2026-03-14,2,1,18,4
8479406,2025-26,2026-03-17,2,1,24,3
8479406,2025-26,2026-03-21,2,1,30,1
8479406,2025-26,2026-03-24,2,1,24,4
8479406,2025-26,2026-03-28,2,1,30,5
8479406,2025-26,2026-04-02,2,1,33,2
8479406,2025-26,2026-04-05,2,1,24,4
8479406,2025-26,2026-04-09,2,1,20,5
8479406,2025-26,2026-04-13,2,1,21,5
8479406,2025-26,2026-05-05,3,1,22,4
8479496,2020-21,2021-01-28,2,1,21,4
8479496,2020-21,2021-02-02,2,1,28,3
8479496,2020-21,2021-02-17,2,0,4,0
8479496,2020-21,2021-02-19,2,1,25,2
8479496,2020-21,2021-02-20,2,0,9,2
8479496,2020-21,2021-02-22,2,1,34,0
8479496,2020-21,2021-02-24,2,1,39,2
8479496,2020-21,2021-02-25,2,1,20,4
8479496,2020-21,2021-02-27,2,1,34,3
8479496,2020-21,2021-03-01,2,1,35,4
8479496,2020-21,2021-03-04,2,1,32,3
8479496,2020-21,2021-03-20,2,1,33,2
8479496,2020-21,2021-03-27,2,1,24,2
8479496,2020-21,2021-03-29,2,0,6,1
8479496,2020-21,2021-04-04,2,1,30,4
8479496,2020-21,2021-04-13,2,1,28,3
8479496,2020-21,2021-04-15,2,0,17,1
8479496,2020-21,2021-04-20,2,1,28,5
8479496,2020-21,2021-04-29,2,1,16,1
8479496,2021-22,2021-11-11,2,1,36,3
8479496,2021-22,2021-11-20,2,0,9,0
8479496,2021-22,2021-11-27,2,1,35,6
8479496,2021-22,2021-12-07,2,1,16,2
8479496,2021-22,2021-12-09,2,1,21,3
8479496,2021-22,2021-12-30,2,1,29,3
8479496,2021-22,2022-01-18,2,1,24,3
8479496,2021-22,2022-02-22,2,1,48,4
8479496,2021-22,2022-03-13,2,1,28,2
8479496,2021-22,2022-03-21,2,0,1,0
8479496,2021-22,2022-03-22,2,1,34,5
8479496,2021-22,2022-04-10,2,1,30,3
8479496,2021-22,2022-04-17,2,0,13,4
8479496,2021-22,2022-04-23,2,0,9,0
8479496,2021-22,2022-04-24,2,1,47,5
8479496,2021-22,2022-04-26,2,0,5,2
8479496,2021-22,2022-04-28,2,1,46,4
8479496,2021-22,2022-05-03,3,1,13,5
8479496,2022-23,2022-10-20,2,1,31,4
8479496,2022-23,2022-10-28,2,1,21,2
8479496,2022-23,2022-11-13,2,1,21,2
8479496,2022-23,2022-11-21,2,1,27,3
8479496,2022-23,2022-12-02,2,1,26,4
8479496,2022-23,2022-12-09,2,1,23,1
8479496,2022-23,2022-12-18,2,1,34,3
8479496,2022-23,2022-12-20,2,1,36,1
8479496,2022-23,2022-12-23,2,1,26,3
8479496,2022-23,2023-01-08,2,1,38,4
8479496,2022-23,2023-01-13,2,1,23,1
8479496,2022-23,2023-01-22,2,1,31,3
8479496,2022-23,2023-01-28,2,0,3,0
8479496,2022-23,2023-02-14,2,1,29,2
8479496,2022-23,2023-02-16,2,1,23,2
8479496,2022-23,2023-02-24,2,0,10,0
8479496,2022-23,2023-02-26,2,1,23,3
8479496,2022-23,2023-03-03,2,0,9,2
8479496,2022-23,2023-03-06,2,1,24,3
8479496,2022-23,2023-03-14,2,1,24,4
8479496,2022-23,2023-04-13,2,1,24,3
8479496,2023-24,2023-12-19,2,1,16,1
8479496,2023-24,2023-12-27,2,1,25,1
8479496,2023-24,2024-01-04,2,1,27,3
8479496,2023-24,2024-01-13,2,0,3,0
8479496,2023-24,2024-01-15,2,1,32,2
8479496,2023-24,2024-01-18,2,1,33,2
8479496,2023-24,2024-01-20,2,1,23,1
8479496,2023-24,2024-01-22,2,1,27,3
8479496,2023-24,2024-01-26,2,0,19,2
8479496,2023-24,2024-01-28,2,1,32,4
8479496,2023-24,2024-01-31,2,1,42,2
8479496,2023-24,2024-02-10,2,1,26,0
8479496,2023-24,2024-02-13,2,1,17,5
8479496,2023-24,2024-02-15,2,1,27,1
8479496,2023-24,2024-02-17,2,1,32,4
8479496,2023-24,2024-02-22,2,1,19,2
8479496,2023-24,2024-02-24,2,1,24,2
8479496,2023-24,2024-02-26,2,1,31,4
8479496,2023-24,2024-03-11,2,1,26,0
8479496,2023-24,2024-03-16,2,1,29,4
8479496,2023-24,2024-03-20,2,1,31,0
8479496,2023-24,2024-03-30,2,1,35,4
8479496,2023-24,2024-04-04,2,1,16,1
8479496,2023-24,2024-04-13,2,1,29,1
8479496,2023-24,2024-04-28,3,1,13,1
8479496,2023-24,2024-05-01,3,1,26,4
8479496,2024-25,2024-10-16,2,1,14,4
8479496,2024-25,2024-10-17,2,1,27,1
8479496,2024-25,2024-10-20,2,1,14,1
8479496,2024-25,2024-10-22,2,1,30,6
8479496,2024-25,2024-10-24,2,1,26,2
8479496,2024-25,2024-10-29,2,1,20,3
8479496,2024-25,2024-11-05,2,1,24,1
8479496,2024-25,2024-11-09,2,1,26,2
8479496,2024-25,2024-11-13,2,0,5,1
8479496,2024-25,2024-11-16,2,1,18,1
8479496,2024-25,2024-11-20,2,1,19,1
8479496,2024-25,2024-11-23,2,1,20,1
8479496,2024-25,2024-11-25,2,1,21,7
8479496,2024-25,2024-11-27,2,1,14,1
8479496,2024-25,2024-11-29,2,0,2,0
8479496,2024-25,2024-11-30,2,1,22,2
8479496,2024-25,2024-12-04,2,1,28,2
8479496,2024-25,2024-12-12,2,1,26,3
8479496,2024-25,2024-12-22,2,1,20,2
8479496,2024-25,2024-12-29,2,1,21,4
8479496,2024-25,2025-01-11,2,1,18,2
8479496,2024-25,2025-01-20,2,1,32,5
8479496,2024-25,2025-01-30,2,1,32,2
8479496,2024-25,2025-02-07,2,1,30,4
8479496,2024-25,2025-02-08,2,1,26,1
8479496,2024-25,2025-02-26,2,1,17,3
8479496,2024-25,2025-03-01,2,1,34,4
8479496,2024-25,2025-03-09,2,1,32,5
8479496,2024-25,2025-03-22,2,1,36,2
8479496,2024-25,2025-03-27,2,1,26,4
8479496,2024-25,2025-03-30,2,1,23,1
8479496,2024-25,2025-04-14,2,0,5,0
8479496,2024-25,2025-04-15,2,1,34,5
8479496,2024-25,2025-04-17,2,1,29,5
8479496,2025-26,2025-10-16,2,1,33,2
8479496,2025-26,2025-10-23,2,1,34,2
8479496,2025-26,2025-10-30,2,1,34,6
8479496,2025-26,2025-11-02,2,1,22,2
8479496,2025-26,2025-11-07,2,1,26,5
8479496,2025-26,2025-11-14,2,1,30,2
8479496,2025-26,2025-11-18,2,1,24,2
8479496,2025-26,2025-11-23,2,1,19,0
8479496,2025-26,2025-11-28,2,1,21,3
8479496,2025-26,2025-12-07,2,1,29,3
8479496,2025-26,2025-12-11,2,1,33,2
8479496,2025-26,2025-12-20,2,1,32,2
8479496,2025-26,2025-12-23,2,1,32,1
8479496,2025-26,2025-12-27,2,1,27,0
8479496,2025-26,2025-12-28,2,1,34,3
8479496,2025-26,2025-12-30,2,1,19,2
8479496,2025-26,2026-01-01,2,1,14,5
8479496,2025-26,2026-01-03,2,1,21,3
8479496,2025-26,2026-01-08,2,1,27,1
8479496,2025-26,2026-01-17,2,1,19,4
8479496,2025-26,2026-01-24,2,1,20,4
8479496,2025-26,2026-01-28,2,1,16,2
8479496,2025-26,2026-02-02,2,1,24,3
8479496,2025-26,2026-03-01,2,1,33,4
8479496,2025-26,2026-03-04,2,1,25,4
8479496,2025-26,2026-03-14,2,1,32,2
8479496,2025-26,2026-03-21,2,0,4,1
8479496,2025-26,2026-03-24,2,1,12,3
8479496,2025-26,2026-03-30,2,0,3,1
8479496,2025-26,2026-04-14,2,1,21,2
8479973,2021-22,2021-11-09,2,1,38,3
8479973,2021-22,2021-11-12,2,1,23,3
8479973,2021-22,2021-11-16,2,0,8,0
8479973,2021-22,2021-11-18,2,1,47,1
8479973,2021-22,2021-11-20,2,1,31,2
8479973,2021-22,2021-11-23,2,1,33,4
8479973,2021-22,2021-12-03,2,1,34,4
8479973,2021-22,2021-12-09,2,1,30,3
8479973,2021-22,2021-12-16,2,1,38,2
8479973,2021-22,2021-12-18,2,1,17,3
8479973,2021-22,2022-01-15,2,1,25,5
8479973,2021-22,2022-01-29,2,1,23,2
8479973,2021-22,2022-02-14,2,1,20,0
8479973,2022-23,2022-10-15,2,0,31,0
8479973,2022-23,2022-10-18,2,1,23,3
8479973,2022-23,2022-10-26,2,1,38,1
8479973,2022-23,2022-10-29,2,1,42,2
8479973,2022-23,2022-11-03,2,1,43,4
8479973,2022-23,2022-11-07,2,1,31,5
8479973,2022-23,2022-11-12,2,1,42,2
8479973,2022-23,2022-11-16,2,1,31,2
8479973,2022-23,2022-11-19,2,1,34,3
8479973,2022-23,2022-11-21,2,1,28,5
8479973,2022-23,2022-11-28,2,1,28,3
8479973,2022-23,2022-11-30,2,1,25,4
8479973,2022-23,2022-12-03,2,1,33,3
8479973,2022-23,2022-12-05,2,1,50,3
8479973,2022-23,2022-12-07,2,1,18,2
8479973,2022-23,2022-12-09,2,1,44,2
8479973,2022-23,2022-12-12,2,1,30,2
8479973,2022-23,2022-12-15,2,1,32,3
8479973,2022-23,2022-12-17,2,1,17,4
8479973,2022-23,2022-12-21,2,1,27,3
8479973,2022-23,2022-12-23,2,1,29,4
8479973,2022-23,2022-12-27,2,1,47,1
8479973,2022-23,2022-12-30,2,1,38,2
8479973,2022-23,2023-01-03,2,1,20,4
8479973,2022-23,2023-01-07,2,1,46,3
8479973,2022-23,2023-01-09,2,1,24,3
8479973,2022-23,2023-01-21,2,1,29,2
8479973,2022-23,2023-01-25,2,1,27,3
8479973,2022-23,2023-02-09,2,1,36,1
8479973,2022-23,2023-02-12,2,1,30,6
8479973,2022-23,2023-02-21,2,1,26,2
8479973,2022-23,2023-02-23,2,1,24,2
8479973,2022-23,2023-02-25,2,0,12,2
8479973,2022-23,2023-02-27,2,1,28,3
8479973,2022-23,2023-03-01,2,1,28,2
8479973,2022-23,2023-03-03,2,1,28,3
8479973,2022-23,2023-03-06,2,1,39,2
8479973,2022-23,2023-03-09,2,1,28,2
8479973,2022-23,2023-03-11,2,1,37,6
8479973,2022-23,2023-03-14,2,1,32,3
8479973,2022-23,2023-03-16,2,1,26,1
8479973,2022-23,2023-03-18,2,1,37,4
8479973,2022-23,2023-03-22,2,1,17,3
8479973,2022-23,2023-03-25,2,1,34,4
8479973,2022-23,2023-03-28,2,1,22,4
8479973,2022-23,2023-03-30,2,1,43,0
8479973,2022-23,2023-04-04,2,1,21,1
8479973,2022-23,2023-04-08,2,1,23,1
8479973,2022-23,2023-04-11,2,1,29,1
8479973,2022-23,2023-04-13,2,1,29,2
8479973,2022-23,2023-04-17,3,1,35,4
8479973,2022-23,2023-04-19,3,1,24,2
8479973,2022-23,2023-04-21,3,1,31,3
8479973,2022-23,2023-04-23,3,1,11,3
8479973,2022-23,2023-04-25,3,1,28,3
8479973,2022-23,2023-04-29,3,1,44,4
8479973,2022-23,2023-05-03,3,1,33,5
8479973,2022-23,2023-05-06,3,1,31,1
8479973,2022-23,2023-05-08,3,1,23,4
8479973,2022-23,2023-05-10,3,1,26,1
8479973,2022-23,2023-05-12,3,1,22,4
8479973,2022-23,2023-05-14,3,1,17,4
8479973,2023-24,2023-10-11,2,0,16,4
8479973,2023-24,2023-10-14,2,1,16,4
8479973,2023-24,2023-10-21,2,1,27,3
8479973,2023-24,2023-10-26,2,1,32,3
8479973,2023-24,2023-10-29,2,1,26,2
8479973,2023-24,2023-11-02,2,1,27,4
8479973,2023-24,2023-11-06,2,1,36,6
8479973,2023-24,2023-11-09,2,1,18,3
8479973,2023-24,2023-11-11,2,1,18,1
8479973,2023-24,2023-11-13,2,1,33,1
8479973,2023-24,2023-11-15,2,1,35,3
8479973,2023-24,2023-11-18,2,1,23,5
8479973,2023-24,2023-11-22,2,1,12,4
8479973,2023-24,2023-11-24,2,1,25,0
8479973,2023-24,2023-11-26,2,1,23,2
8479973,2023-24,2023-11-28,2,1,27,4
8479973,2023-24,2023-11-30,2,1,26,1
8479973,2023-24,2023-12-06,2,1,39,1
8479973,2023-24,2023-12-08,2,1,20,3
8479973,2023-24,2023-12-12,2,1,23,1
8479973,2023-24,2023-12-14,2,1,22,5
8479973,2023-24,2023-12-19,2,1,21,3
8479973,2023-24,2023-12-22,2,1,34,3
8479973,2023-24,2023-12-28,2,1,25,0
8479973,2023-24,2023-12-30,2,1,28,2
8479973,2023-24,2024-01-02,2,1,37,2
8479973,2023-24,2024-01-06,2,1,30,1
8479973,2023-24,2024-01-09,2,1,26,1
8479973,2023-24,2024-01-13,2,1,24,1
8479973,2023-24,2024-01-16,2,1,27,2
8479973,2023-24,2024-01-18,2,1,27,2
8479973,2023-24,2024-01-20,2,1,27,1
8479973,2023-24,2024-01-23,2,1,27,1
8479973,2023-24,2024-01-27,2,1,29,1
8479973,2023-24,2024-02-06,2,1,25,2
8479973,2023-24,2024-02-10,2,1,25,3
8479973,2023-24,2024-02-13,2,1,38,4
8479973,2023-24,2024-02-15,2,1,29,5
8479973,2023-24,2024-02-19,2,1,25,3
8479973,2023-24,2024-02-21,2,1,36,6
8479973,2023-24,2024-02-24,2,1,30,5
8479973,2023-24,2024-02-26,2,1,40,2
8479973,2023-24,2024-02-28,2,1,34,2
8479973,2023-24,2024-03-02,2,1,25,1
8479973,2023-24,2024-03-05,2,1,25,1
8479973,2023-24,2024-03-09,2,1,27,2
8479973,2023-24,2024-03-10,2,0,0,0
8479973,2023-24,2024-03-13,2,1,25,2
8479973,2023-24,2024-03-16,2,1,43,3
8479973,2023-24,2024-03-21,2,1,29,3
8479973,2023-24,2024-03-23,2,1,23,5
8479973,2023-24,2024-03-26,2,1,25,3
8479973,2023-24,2024-03-28,2,1,32,1
8479973,2023-24,2024-04-01,2,1,29,3
8479973,2023-24,2024-04-05,2,1,24,2
8479973,2023-24,2024-04-10,2,1,18,1
8479973,2023-24,2024-04-13,2,1,26,2
8479973,2023-24,2024-04-15,2,1,21,2
8479973,2023-24,2024-04-18,2,1,13,4
8479973,2023-24,2024-04-22,3,1,37,4
8479973,2023-24,2024-04-24,3,1,26,5
8479973,2023-24,2024-04-26,3,1,28,1
8479973,2023-24,2024-04-28,3,1,33,0
8479973,2023-24,2024-05-01,3,1,21,3
8479973,2023-24,2024-05-08,3,1,24,5
8479973,2023-24,2024-05-10,3,1,19,3
8479973,2023-24,2024-05-12,3,1,15,4
8479973,2023-24,2024-05-18,3,1,15,1
8479973,2023-24,2024-05-20,3,1,17,2
8479973,2023-24,2024-05-23,3,1,33,2
8479973,2023-24,2024-05-25,3,1,24,2
8479973,2023-24,2024-05-27,3,1,21,4
8479973,2023-24,2024-05-29,3,1,22,2
8479973,2023-24,2024-05-31,3,1,20,1
8479973,2023-24,2024-06-02,3,1,34,1
8479973,2023-24,2024-06-08,3,1,17,2
8479973,2023-24,2024-06-10,3,1,28,3
8479973,2023-24,2024-06-13,3,1,23,4
8479973,2023-24,2024-06-15,3,1,33,1
8479973,2023-24,2024-06-18,3,1,32,3
8479973,2023-24,2024-06-21,3,1,21,1
8479973,2023-24,2024-06-24,3,1,21,2
8479973,2024-25,2024-10-09,2,1,13,5
8479973,2024-25,2024-10-13,2,1,28,3
8479973,2024-25,2024-10-15,2,1,30,3
8479973,2024-25,2024-10-19,2,1,23,3
8479973,2024-25,2024-10-22,2,1,33,3
8479973,2024-25,2024-10-25,2,1,27,0
8479973,2024-25,2024-10-28,2,1,25,6
8479973,2024-25,2024-11-03,2,1,31,2
8479973,2024-25,2024-11-06,2,1,34,3
8479973,2024-25,2024-11-09,2,1,20,3
8479973,2024-25,2024-11-12,2,1,22,3
8479973,2024-25,2024-11-16,2,1,22,4
8479973,2024-25,2024-11-19,2,1,29,2
8479973,2024-25,2024-11-21,2,1,26,5
8479973,2024-25,2024-11-23,2,1,34,2
8479973,2024-25,2024-11-30,2,1,28,1
8479973,2024-25,2024-12-03,2,1,16,1
8479973,2024-25,2024-12-07,2,1,31,2
8479973,2024-25,2024-12-10,2,1,22,1
8479973,2024-25,2024-12-14,2,1,42,3
8479973,2024-25,2024-12-16,2,1,28,6
8479973,2024-25,2024-12-19,2,1,26,2
8479973,2024-25,2024-12-22,2,1,21,1
8479973,2024-25,2024-12-28,2,1,29,4
8479973,2024-25,2024-12-31,2,1,27,1
8479973,2024-25,2025-01-03,2,1,29,2
8479973,2024-25,2025-01-07,2,1,26,0
8479973,2024-25,2025-01-09,2,1,26,5
8479973,2024-25,2025-01-13,2,1,30,0
8479973,2024-25,2025-01-16,2,1,25,3
8479973,2024-25,2025-01-18,2,1,27,3
8479973,2024-25,2025-01-21,2,1,14,3
8479973,2024-25,2025-01-25,2,1,41,2
8479973,2024-25,2025-01-30,2,1,35,2
8479973,2024-25,2025-02-01,2,1,28,4
8479973,2024-25,2025-02-04,2,1,22,2
8479973,2024-25,2025-02-07,2,1,12,3
8479973,2024-25,2025-02-22,2,1,31,5
8479973,2024-25,2025-02-25,2,1,36,4
8479973,2024-25,2025-02-27,2,1,36,4
8479973,2024-25,2025-03-04,2,0,16,2
8479973,2024-25,2025-03-06,2,1,27,2
8479973,2024-25,2025-03-08,2,1,25,4
8479973,2024-25,2025-03-10,2,1,23,3
8479973,2024-25,2025-03-13,2,1,22,3
8479973,2024-25,2025-03-16,2,1,22,1
8479973,2024-25,2025-03-20,2,1,16,3
8479973,2024-25,2025-03-22,2,1,32,4
8479973,2024-25,2025-03-26,2,1,21,4
8479973,2024-25,2025-04-13,2,1,18,1
8479973,2024-25,2025-04-16,2,1,18,0
8479973,2024-25,2025-04-21,3,1,30,6
8479973,2024-25,2025-04-23,3,1,28,5
8479973,2024-25,2025-05-10,3,1,24,4
8479973,2024-25,2025-05-12,3,1,23,0
8479973,2024-25,2025-05-14,3,1,24,0
8479973,2024-25,2025-05-21,3,1,27,5
8479973,2024-25,2025-05-23,3,1,25,0
8479973,2024-25,2025-05-25,3,1,34,1
8479973,2024-25,2025-05-27,3,1,29,1
8479973,2024-25,2025-05-29,3,1,17,3
8479973,2024-25,2025-06-04,3,1,32,3
8479973,2024-25,2025-06-06,3,1,42,5
8479973,2024-25,2025-06-09,3,1,23,5
8479973,2024-25,2025-06-12,3,1,17,3
8479973,2024-25,2025-06-17,3,1,23,3
8479973,2025-26,2025-10-08,2,1,22,3
8479973,2025-26,2025-10-14,2,1,30,0
8479973,2025-26,2025-10-16,2,1,24,3
8479973,2025-26,2025-10-19,2,1,24,3
8479973,2025-26,2025-10-21,2,1,21,2
8479973,2025-26,2025-10-25,2,1,23,3
8479973,2025-26,2025-10-28,2,1,23,3
8479973,2025-26,2025-10-30,2,1,35,4
8479973,2025-26,2025-11-01,2,1,29,2
8479973,2025-26,2025-11-04,2,1,27,3
8479973,2025-26,2025-11-08,2,1,13,4
8479973,2025-26,2025-11-10,2,1,22,4
8479973,2025-26,2025-11-12,2,1,21,1
8479973,2025-26,2025-11-15,2,1,36,3
8479973,2025-26,2025-11-17,2,1,27,4
8479973,2025-26,2025-11-19,2,1,20,5
8479973,2025-26,2025-11-22,2,1,38,3
8479973,2025-26,2025-11-25,2,1,8,4
8479973,2025-26,2025-11-29,2,1,26,0
8479973,2025-26,2025-12-02,2,1,24,1
8479973,2025-26,2025-12-06,2,1,21,2
8479973,2025-26,2025-12-09,2,1,28,4
8479973,2025-26,2025-12-11,2,1,28,1
8479973,2025-26,2025-12-16,2,1,22,5
8479973,2025-26,2025-12-20,2,1,20,3
8479973,2025-26,2025-12-23,2,1,29,4
8479973,2025-26,2025-12-30,2,1,28,1
8479973,2025-26,2026-01-03,2,1,12,1
8479973,2025-26,2026-01-08,2,1,29,1
8479973,2025-26,2026-01-11,2,1,19,1
8479973,2025-26,2026-01-15,2,1,34,3
8479973,2025-26,2026-01-19,2,1,23,3
8479973,2025-26,2026-01-21,2,1,19,1
8479973,2025-26,2026-01-25,2,1,32,2
8479973,2025-26,2026-01-31,2,1,20,5
8479973,2025-26,2026-02-03,2,1,23,5
8479973,2025-26,2026-02-28,2,1,25,2
8479973,2025-26,2026-03-03,2,1,28,2
8479973,2025-26,2026-03-07,2,1,16,3
8479973,2025-26,2026-03-10,2,1,44,4
8479973,2025-26,2026-03-14,2,1,29,3
8479973,2025-26,2026-03-18,2,1,44,6
8479973,2025-26,2026-03-22,2,1,25,4
8479973,2025-26,2026-03-26,2,1,29,3
8479973,2025-26,2026-03-28,2,1,24,4
8479973,2025-26,2026-03-31,2,1,23,1
8479973,2025-26,2026-04-02,2,1,32,5
8479973,2025-26,2026-04-09,2,1,21,2
8479973,2025-26,2026-04-12,2,1,26,2
8479973,2025-26,2026-04-14,2,1,21,4
8479973,2025-26,2026-04-18,3,1,20,3
8479973,2025-26,2026-04-20,3,1,23,2
8479973,2025-26,2026-04-22,3,1,28,4
8479979,2020-21,2021-01-28,2,1,23,3
8479979,2020-21,2021-01-30,2,0,10,0
8479979,2020-21,2021-02-02,2,1,26,3
8479979,2020-21,2021-02-07,2,1,35,2
8479979,2020-21,2021-02-09,2,1,29,2
8479979,2020-21,2021-02-13,2,1,21,3
8479979,2020-21,2021-02-25,2,1,35,3
8479979,2020-21,2021-02-27,2,0,5,0
8479979,2020-21,2021-03-06,2,1,21,0
8479979,2020-21,2021-03-07,2,1,20,3
8479979,2020-21,2021-03-11,2,0,8,0
8479979,2020-21,2021-03-13,2,1,26,4
8479979,2020-21,2021-03-14,2,1,30,1
8479979,2020-21,2021-03-16,2,1,36,3
8479979,2020-21,2021-03-18,2,1,21,3
8479979,2020-21,2021-03-25,2,1,27,3
8479979,2020-21,2021-03-28,2,1,22,3
8479979,2020-21,2021-04-03,2,1,43,2
8479979,2020-21,2021-04-04,2,1,38,1
8479979,2020-21,2021-04-06,2,1,27,3
8479979,2020-21,2021-04-15,2,1,18,1
8479979,2020-21,2021-04-17,2,1,22,1
8479979,2020-21,2021-04-20,2,1,26,2
8479979,2020-21,2021-04-22,2,0,13,3
8479979,2020-21,2021-04-26,2,1,32,3
8479979,2020-21,2021-04-29,2,1,27,2
8479979,2020-21,2021-05-03,2,0,28,1
8479979,2020-21,2021-05-05,2,1,18,4
8479979,2020-21,2021-05-10,2,1,23,4
8479979,2021-22,2021-11-16,2,1,30,2
8479979,2021-22,2021-11-18,2,0,0,0
8479979,2021-22,2021-11-20,2,1,36,1
8479979,2021-22,2021-11-23,2,1,22,1
8479979,2021-22,2021-11-26,2,1,33,1
8479979,2021-22,2021-12-02,2,1,22,2
8479979,2021-22,2021-12-09,2,1,39,2
8479979,2021-22,2021-12-14,2,1,29,4
8479979,2021-22,2021-12-18,2,1,23,3
8479979,2021-22,2021-12-20,2,1,23,4
8479979,2021-22,2022-01-08,2,1,29,2
8479979,2021-22,2022-01-12,2,1,25,2
8479979,2021-22,2022-01-14,2,1,17,4
8479979,2021-22,2022-01-18,2,1,19,5
8479979,2021-22,2022-01-24,2,1,28,1
8479979,2021-22,2022-01-28,2,0,2,0
8479979,2021-22,2022-01-30,2,1,26,1
8479979,2021-22,2022-02-01,2,1,40,4
8479979,2021-22,2022-02-09,2,1,23,3
8479979,2021-22,2022-02-11,2,1,34,3
8479979,2021-22,2022-02-15,2,1,47,1
8479979,2021-22,2022-02-18,2,1,34,0
8479979,2021-22,2022-02-20,2,1,26,2
8479979,2021-22,2022-02-23,2,1,22,2
8479979,2021-22,2022-02-24,2,1,20,1
8479979,2021-22,2022-02-27,2,1,40,2
8479979,2021-22,2022-03-02,2,1,31,3
8479979,2021-22,2022-03-06,2,1,35,3
8479979,2021-22,2022-03-08,2,1,31,2
8479979,2021-22,2022-03-12,2,1,28,6
8479979,2021-22,2022-03-15,2,1,39,3
8479979,2021-22,2022-03-17,2,1,31,3
8479979,2021-22,2022-03-19,2,1,24,3
8479979,2021-22,2022-03-20,2,1,38,2
8479979,2021-22,2022-03-22,2,1,25,3
8479979,2021-22,2022-03-26,2,1,30,3
8479979,2021-22,2022-03-29,2,1,28,2
8479979,2021-22,2022-03-31,2,1,23,2
8479979,2021-22,2022-04-03,2,1,28,3
8479979,2021-22,2022-04-05,2,1,21,2
8479979,2021-22,2022-04-09,2,1,23,3
8479979,2021-22,2022-04-10,2,1,40,4
8479979,2021-22,2022-04-16,2,1,24,1
8479979,2021-22,2022-04-18,2,1,19,4
8479979,2021-22,2022-04-21,2,1,36,3
8479979,2021-22,2022-04-23,2,1,32,2
8479979,2021-22,2022-04-26,2,1,35,2
8479979,2021-22,2022-04-29,2,1,21,2
8479979,2021-22,2022-05-03,3,1,26,1
8479979,2021-22,2022-05-05,3,1,29,0
8479979,2021-22,2022-05-07,3,1,41,2
8479979,2021-22,2022-05-09,3,1,53,3
8479979,2021-22,2022-05-11,3,1,31,2
8479979,2021-22,2022-05-13,3,1,38,2
8479979,2021-22,2022-05-15,3,1,67,3
8479979,2022-23,2022-10-13,2,1,32,1
8479979,2022-23,2022-10-15,2,1,30,1
8479979,2022-23,2022-10-17,2,1,25,1
8479979,2022-23,2022-10-22,2,1,34,2
8479979,2022-23,2022-10-25,2,1,28,2
8479979,2022-23,2022-10-27,2,1,27,0
8479979,2022-23,2022-10-29,2,1,10,2
8479979,2022-23,2022-11-11,2,1,18,5
8479979,2022-23,2022-11-13,2,1,38,1
8479979,2022-23,2022-11-15,2,1,38,5
8479979,2022-23,2022-11-17,2,0,21,2
8479979,2022-23,2022-11-19,2,1,29,2
8479979,2022-23,2022-11-21,2,1,35,2
8479979,2022-23,2022-11-23,2,1,31,4
8479979,2022-23,2022-11-25,2,1,28,5
8479979,2022-23,2022-12-01,2,1,31,0
8479979,2022-23,2022-12-04,2,1,16,4
8479979,2022-23,2022-12-06,2,1,28,3
8479979,2022-23,2022-12-08,2,1,31,3
8479979,2022-23,2022-12-10,2,1,26,2
8479979,2022-23,2022-12-12,2,1,25,2
8479979,2022-23,2022-12-15,2,1,46,1
8479979,2022-23,2022-12-19,2,1,28,1
8479979,2022-23,2022-12-21,2,1,33,5
8479979,2022-23,2022-12-23,2,1,24,2
8479979,2022-23,2022-12-27,2,1,28,2
8479979,2022-23,2022-12-29,2,1,24,1
8479979,2022-23,2022-12-31,2,1,31,2
8479979,2022-23,2023-01-03,2,1,35,3
8479979,2022-23,2023-01-08,2,1,28,1
8479979,2022-23,2023-01-10,2,1,28,1
8479979,2022-23,2023-01-12,2,1,31,2
8479979,2022-23,2023-01-16,2,1,27,0
8479979,2022-23,2023-01-18,2,1,27,4
8479979,2022-23,2023-01-21,2,1,33,0
8479979,2022-23,2023-01-23,2,1,25,3
8479979,2022-23,2023-01-25,2,1,24,3
8479979,2022-23,2023-01-27,2,1,29,3
8479979,2022-23,2023-02-06,2,1,34,2
8479979,2022-23,2023-02-08,2,1,39,1
8479979,2022-23,2023-02-14,2,1,37,3
8479979,2022-23,2023-02-17,2,1,32,1
8479979,2022-23,2023-02-22,2,1,23,4
8479979,2022-23,2023-02-25,2,1,43,2
8479979,2022-23,2023-02-27,2,1,21,5
8479979,2022-23,2023-03-01,2,1,20,2
8479979,2022-23,2023-03-04,2,1,35,3
8479979,2022-23,2023-03-06,2,1,37,5
8479979,2022-23,2023-03-09,2,1,29,4
8479979,2022-23,2023-03-11,2,1,31,3
8479979,2022-23,2023-03-13,2,1,28,2
8479979,2022-23,2023-03-16,2,1,29,3
8479979,2022-23,2023-03-18,2,1,38,5
8479979,2022-23,2023-03-21,2,1,27,5
8479979,2022-23,2023-03-23,2,1,42,2
8479979,2022-23,2023-03-28,2,1,18,1
8479979,2022-23,2023-03-31,2,1,18,2
8479979,2022-23,2023-04-01,2,1,30,3
8479979,2022-23,2023-04-06,2,1,25,1
8479979,2022-23,2023-04-08,2,1,20,1
8479979,2022-23,2023-04-10,2,1,13,1
8479979,2022-23,2023-04-13,2,1,25,0
8479979,2022-23,2023-04-17,3,1,48,3
8479979,2022-23,2023-04-19,3,1,26,3
8479979,2022-23,2023-04-21,3,1,24,4
8479979,2022-23,2023-04-23,3,1,34,2
8479979,2022-23,2023-04-25,3,1,27,0
8479979,2022-23,2023-04-28,3,1,24,1
8479979,2022-23,2023-05-02,3,1,44,5
8479979,2022-23,2023-05-04,3,1,27,2
8479979,2022-23,2023-05-07,3,1,17,5
8479979,2022-23,2023-05-09,3,1,19,3
8479979,2022-23,2023-05-11,3,1,31,2
8479979,2022-23,2023-05-13,3,1,18,4
8479979,2022-23,2023-05-15,3,1,23,1
8479979,2022-23,2023-05-19,3,1,37,4
8479979,2022-23,2023-05-21,3,1,24,3
8479979,2022-23,2023-05-23,3,1,5,3
8479979,2022-23,2023-05-25,3,1,39,2
8479979,2022-23,2023-05-27,3,1,29,2
8479979,2022-23,2023-05-29,3,1,29,6
8479979,2023-24,2023-10-12,2,1,24,1
8479979,2023-24,2023-10-17,2,1,34,2
8479979,2023-24,2023-10-19,2,1,29,2
8479979,2023-24,2023-10-24,2,1,39,1
8479979,2023-24,2023-10-30,2,1,25,3
8479979,2023-24,2023-11-01,2,1,47,3
8479979,2023-24,2023-11-04,2,1,28,2
8479979,2023-24,2023-11-06,2,1,29,3
8479979,2023-24,2023-11-09,2,1,29,2
8479979,2023-24,2023-11-12,2,1,26,3
8479979,2023-24,2023-11-14,2,1,26,3
8479979,2023-24,2023-11-18,2,1,37,5
8479979,2023-24,2023-11-22,2,1,26,2
8479979,2023-24,2023-11-24,2,1,26,6
8479979,2023-24,2023-11-28,2,1,27,0
8479979,2023-24,2023-12-02,2,1,33,1
8479979,2023-24,2023-12-04,2,1,23,4
8479979,2023-24,2023-12-06,2,1,31,5
8479979,2023-24,2023-12-09,2,1,27,6
8479979,2023-24,2023-12-11,2,1,30,3
8479979,2023-24,2023-12-15,2,1,2,2
8479979,2023-24,2024-01-12,2,1,36,4
8479979,2023-24,2024-01-13,2,0,21,1
8479979,2023-24,2024-01-16,2,1,32,1
8479979,2023-24,2024-01-18,2,1,43,5
8479979,2023-24,2024-01-23,2,1,34,4
8479979,2023-24,2024-01-25,2,1,21,3
8479979,2023-24,2024-01-27,2,1,28,4
8479979,2023-24,2024-02-06,2,1,48,1
8479979,2023-24,2024-02-10,2,1,20,2
8479979,2023-24,2024-02-13,2,1,34,2
8479979,2023-24,2024-02-15,2,1,22,2
8479979,2023-24,2024-02-17,2,1,24,4
8479979,2023-24,2024-02-19,2,1,30,3
8479979,2023-24,2024-02-22,2,1,11,3
8479979,2023-24,2024-02-24,2,1,21,1
8479979,2023-24,2024-02-27,2,1,27,5
8479979,2023-24,2024-02-29,2,1,26,1
8479979,2023-24,2024-03-02,2,1,23,2
8479979,2023-24,2024-03-05,2,1,20,6
8479979,2023-24,2024-03-08,2,1,27,2
8479979,2023-24,2024-03-12,2,1,30,4
8479979,2023-24,2024-03-14,2,1,10,4
8479979,2023-24,2024-03-20,2,1,25,2
8479979,2023-24,2024-03-22,2,1,22,2
8479979,2023-24,2024-03-24,2,1,28,2
8479979,2023-24,2024-03-28,2,1,28,1
8479979,2023-24,2024-03-30,2,1,17,0
8479979,2023-24,2024-04-03,2,1,35,0
8479979,2023-24,2024-04-07,2,1,38,4
8479979,2023-24,2024-04-09,2,1,21,2
8479979,2023-24,2024-04-11,2,1,23,2
8479979,2023-24,2024-04-13,2,1,27,1
8479979,2023-24,2024-04-17,2,1,26,1
8479979,2023-24,2024-04-22,3,1,15,4
8479979,2023-24,2024-04-24,3,1,25,2
8479979,2023-24,2024-04-27,3,1,34,2
8479979,2023-24,2024-04-29,3,1,34,2
8479979,2023-24,2024-05-01,3,1,27,2
8479979,2023-24,2024-05-03,3,1,29,1
8479979,2023-24,2024-05-05,3,1,23,1
8479979,2023-24,2024-05-07,3,1,26,4
8479979,2023-24,2024-05-09,3,1,31,3
8479979,2023-24,2024-05-11,3,1,29,1
8479979,2023-24,2024-05-13,3,1,25,1
8479979,2023-24,2024-05-15,3,1,27,5
8479979,2023-24,2024-05-17,3,1,30,1
8479979,2023-24,2024-05-23,3,1,38,3
8479979,2023-24,2024-05-25,3,1,29,1
8479979,2023-24,2024-05-27,3,1,30,3
8479979,2023-24,2024-05-29,3,1,28,4
8479979,2023-24,2024-05-31,3,1,26,3
8479979,2023-24,2024-06-02,3,1,10,2
8479979,2024-25,2024-10-10,2,1,36,3
8479979,2024-25,2024-10-12,2,1,34,0
8479979,2024-25,2024-10-15,2,1,27,2
8479979,2024-25,2024-10-19,2,1,31,1
8479979,2024-25,2024-10-22,2,1,24,3
8479979,2024-25,2024-10-26,2,1,24,2
8479979,2024-25,2024-11-01,2,1,28,6
8479979,2024-25,2024-11-07,2,1,26,1
8479979,2024-25,2024-11-09,2,1,15,4
8479979,2024-25,2024-11-11,2,1,21,1
8479979,2024-25,2024-11-14,2,1,25,2
8479979,2024-25,2024-11-16,2,1,23,1
8479979,2024-25,2024-11-20,2,1,23,2
8479979,2024-25,2024-11-23,2,1,29,2
8479979,2024-25,2024-11-25,2,1,33,5
8479979,2024-25,2024-11-29,2,1,32,3
8479979,2024-25,2024-12-01,2,1,27,1
8479979,2024-25,2024-12-04,2,1,17,3
8479979,2024-25,2024-12-06,2,1,28,3
8479979,2024-25,2024-12-08,2,1,31,2
8479979,2024-25,2024-12-12,2,1,25,3
8479979,2024-25,2024-12-14,2,1,16,1
8479979,2024-25,2024-12-16,2,1,26,1
8479979,2024-25,2024-12-18,2,1,12,4
8479979,2024-25,2024-12-20,2,1,29,2
8479979,2024-25,2024-12-27,2,1,18,3
8479979,2024-25,2024-12-29,2,1,25,1
8479979,2024-25,2025-01-02,2,1,13,2
8479979,2024-25,2025-01-04,2,1,35,2
8479979,2024-25,2025-01-07,2,1,26,4
8479979,2024-25,2025-01-11,2,1,31,1
8479979,2024-25,2025-01-14,2,1,28,1
8479979,2024-25,2025-01-16,2,1,23,2
8479979,2024-25,2025-01-19,2,1,34,1
8479979,2024-25,2025-01-21,2,1,19,2
8479979,2024-25,2025-01-24,2,1,21,3
8479979,2024-25,2025-01-28,2,1,28,3
8479979,2024-25,2025-01-31,2,1,29,3
8479979,2024-25,2025-02-04,2,1,28,2
8479979,2024-25,2025-02-07,2,1,37,4
8479979,2024-25,2025-02-23,2,1,37,3
8479979,2024-25,2025-02-25,2,1,28,5
8479979,2024-25,2025-02-28,2,1,31,2
8479979,2024-25,2025-03-02,2,1,42,3
8479979,2024-25,2025-03-06,2,1,28,2
8479979,2024-25,2025-03-08,2,1,27,5
8479979,2024-25,2025-03-14,2,1,22,4
8479979,2024-25,2025-03-16,2,1,35,4
8479979,2024-25,2025-03-18,2,1,25,3
8479979,2024-25,2025-03-22,2,1,24,2
8479979,2024-25,2025-03-24,2,1,32,0
8479979,2024-25,2025-03-26,2,1,44,3
8479979,2024-25,2025-03-29,2,1,36,1
8479979,2024-25,2025-04-03,2,1,29,1
8479979,2024-25,2025-04-06,2,1,41,3
8479979,2024-25,2025-04-10,2,1,35,4
8479979,2024-25,2025-04-14,2,1,36,5
8479979,2024-25,2025-04-16,2,1,22,5
8479979,2024-25,2025-04-19,3,1,24,4
8479979,2024-25,2025-04-21,3,1,37,3
8479979,2024-25,2025-04-23,3,1,28,1
8479979,2024-25,2025-04-26,3,1,34,3
8479979,2024-25,2025-04-28,3,1,28,2
8479979,2024-25,2025-05-01,3,1,46,5
8479979,2024-25,2025-05-03,3,1,27,2
8479979,2024-25,2025-05-07,3,1,31,2
8479979,2024-25,2025-05-09,3,1,24,3
8479979,2024-25,2025-05-11,3,1,26,2
8479979,2024-25,2025-05-13,3,1,32,1
8479979,2024-25,2025-05-15,3,1,34,3
8479979,2024-25,2025-05-17,3,1,23,1
8479979,2024-25,2025-05-21,3,1,27,3
8479979,2024-25,2025-05-23,3,1,25,3
8479979,2024-25,2025-05-25,3,1,24,6
8479979,2024-25,2025-05-27,3,1,31,2
8479979,2024-25,2025-05-29,3,1,2,2
8479979,2025-26,2025-10-09,2,1,25,4
8479979,2025-26,2025-10-11,2,1,39,4
8479979,2025-26,2025-10-14,2,1,41,2
8479979,2025-26,2025-10-18,2,1,21,2
8479979,2025-26,2025-10-21,2,1,28,4
8479979,2025-26,2025-10-23,2,1,25,3
8479979,2025-26,2025-10-25,2,1,28,2
8479979,2025-26,2025-10-28,2,1,24,0
8479979,2025-26,2025-10-30,2,1,33,2
8479979,2025-26,2025-11-06,2,1,24,6
8479979,2025-26,2025-11-08,2,1,21,4
8479979,2025-26,2025-11-11,2,1,29,2
8479979,2025-26,2025-11-15,2,1,21,1
8479979,2025-26,2025-11-18,2,1,22,3
8479979,2025-26,2025-11-20,2,1,36,2
8479979,2025-26,2025-11-25,2,1,25,3
8479979,2025-26,2025-11-28,2,1,30,3
8479979,2025-26,2025-12-03,2,1,30,0
8479979,2025-26,2025-12-05,2,1,17,1
8479979,2025-26,2025-12-07,2,1,29,2
8479979,2025-26,2025-12-11,2,1,30,3
8479979,2025-26,2025-12-13,2,1,22,3
8479979,2025-26,2025-12-18,2,1,37,3
8479979,2025-26,2025-12-21,2,1,28,1
8479979,2025-26,2025-12-27,2,1,33,3
8479979,2025-26,2026-01-01,2,1,21,4
8479979,2025-26,2026-01-04,2,1,28,4
8479979,2025-26,2026-01-06,2,1,15,5
8479979,2025-26,2026-01-12,2,1,25,1
8479979,2025-26,2026-01-15,2,1,27,2
8479979,2025-26,2026-01-18,2,1,25,3
8479979,2025-26,2026-01-20,2,1,18,2
8479979,2025-26,2026-01-23,2,1,22,2
8479979,2025-26,2026-01-27,2,1,26,3
8479979,2025-26,2026-01-29,2,1,21,4
8479979,2025-26,2026-02-02,2,1,27,3
8479979,2025-26,2026-02-04,2,1,18,4
8479979,2025-26,2026-02-28,2,1,27,2
8479979,2025-26,2026-03-02,2,1,14,1
8479979,2025-26,2026-03-06,2,1,29,4
8479979,2025-26,2026-03-10,2,1,27,1
8479979,2025-26,2026-03-12,2,1,32,2
8479979,2025-26,2026-03-14,2,1,24,2
8479979,2025-26,2026-03-18,2,1,34,1
8479979,2025-26,2026-03-21,2,1,28,2
8479979,2025-26,2026-03-24,2,1,8,4
8479979,2025-26,2026-03-26,2,1,25,2
8479979,2025-26,2026-03-28,2,1,12,3
8479979,2025-26,2026-03-31,2,1,22,4
8479979,2025-26,2026-04-02,2,1,22,0
8479979,2025-26,2026-04-07,2,1,20,3
8479979,2025-26,2026-04-09,2,1,31,4
8479979,2025-26,2026-04-11,2,1,22,0
8479979,2025-26,2026-04-15,2,1,24,3
8479979,2025-26,2026-04-18,3,1,28,5
8479979,2025-26,2026-04-20,3,1,30,2
8479979,2025-26,2026-04-22,3,1,32,3
8479979,2025-26,2026-04-25,3,1,42,3
8479979,2025-26,2026-04-28,3,1,27,3
8479979,2025-26,2026-04-30,3,1,19,3
8480045,2021-22,2021-12-07,2,1,23,2
8480045,2021-22,2021-12-10,2,1,31,2
8480045,2021-22,2021-12-11,2,1,42,2
8480045,2021-22,2021-12-14,2,1,36,2
8480045,2021-22,2021-12-16,2,1,32,2
8480045,2021-22,2021-12-29,2,1,42,4
8480045,2021-22,2022-01-01,2,1,41,4
8480045,2021-22,2022-01-06,2,1,21,3
8480045,2021-22,2022-01-11,2,1,9,2
8480045,2022-23,2022-11-19,2,1,23,5
8480045,2022-23,2022-11-23,2,1,36,2
8480045,2022-23,2022-11-28,2,1,25,6
8480045,2022-23,2022-12-01,2,1,33,5
8480045,2022-23,2022-12-04,2,1,29,3
8480045,2022-23,2022-12-07,2,1,24,4
8480045,2022-23,2022-12-10,2,1,31,3
8480045,2022-23,2022-12-15,2,1,41,2
8480045,2022-23,2022-12-19,2,1,43,2
8480045,2022-23,2022-12-29,2,1,31,3
8480045,2022-23,2022-12-31,2,1,40,3
8480045,2022-23,2023-01-03,2,1,32,4
8480045,2022-23,2023-01-07,2,1,44,5
8480045,2022-23,2023-01-12,2,1,26,3
8480045,2022-23,2023-01-14,2,1,41,3
8480045,2022-23,2023-01-16,2,1,33,3
8480045,2022-23,2023-01-19,2,1,26,2
8480045,2022-23,2023-01-21,2,1,37,3
8480045,2022-23,2023-01-24,2,1,28,3
8480045,2022-23,2023-01-28,2,1,35,2
8480045,2022-23,2023-02-01,2,1,33,4
8480045,2022-23,2023-02-11,2,1,40,7
8480045,2022-23,2023-02-18,2,1,35,2
8480045,2022-23,2023-02-21,2,1,10,4
8480045,2022-23,2023-02-26,2,1,30,4
8480045,2022-23,2023-03-02,2,1,40,5
8480045,2022-23,2023-03-07,2,1,39,3
8480045,2022-23,2023-03-11,2,1,26,2
8480045,2022-23,2023-03-15,2,1,39,4
8480045,2022-23,2023-03-19,2,1,25,7
8480045,2022-23,2023-03-21,2,0,6,0
8480045,2022-23,2023-03-24,2,1,31,4
8480045,2022-23,2023-04-01,2,1,42,3
8480045,2023-24,2023-10-24,2,1,38,4
8480045,2023-24,2023-10-27,2,0,21,3
8480045,2023-24,2023-10-29,2,1,23,0
8480045,2023-24,2023-11-01,2,1,40,2
8480045,2023-24,2023-11-03,2,1,19,5
8480045,2023-24,2023-11-07,2,1,27,3
8480045,2023-24,2023-11-11,2,1,38,3
8480045,2023-24,2023-11-14,2,0,14,0
8480045,2023-24,2023-11-19,2,1,26,2
8480045,2023-24,2023-11-24,2,1,33,2
8480045,2023-24,2023-11-27,2,1,26,1
8480045,2023-24,2023-11-30,2,1,20,6
8480045,2023-24,2023-12-03,2,1,29,2
8480045,2023-24,2023-12-13,2,1,29,5
8480045,2023-24,2023-12-16,2,1,22,2
8480045,2023-24,2023-12-19,2,0,16,5
8480045,2023-24,2023-12-23,2,1,33,4
8480045,2023-24,2023-12-30,2,1,20,2
8480045,2023-24,2024-01-06,2,1,41,1
8480045,2023-24,2024-01-11,2,1,28,3
8480045,2023-24,2024-01-13,2,1,23,1
8480045,2023-24,2024-01-15,2,1,28,0
8480045,2023-24,2024-01-18,2,1,19,0
8480045,2023-24,2024-01-20,2,1,15,2
8480045,2023-24,2024-01-23,2,1,35,3
8480045,2023-24,2024-01-27,2,1,26,2
8480045,2023-24,2024-02-06,2,1,30,2
8480045,2023-24,2024-02-10,2,1,26,3
8480045,2023-24,2024-02-13,2,1,33,0
8480045,2023-24,2024-02-17,2,1,32,2
8480045,2023-24,2024-02-19,2,1,14,4
8480045,2023-24,2024-02-21,2,1,31,2
8480045,2023-24,2024-02-23,2,1,26,1
8480045,2023-24,2024-02-25,2,1,32,2
8480045,2023-24,2024-02-27,2,1,37,3
8480045,2023-24,2024-02-29,2,1,23,2
8480045,2023-24,2024-03-02,2,1,24,2
8480045,2023-24,2024-03-03,2,1,33,3
8480045,2023-24,2024-03-06,2,1,27,2
8480045,2023-24,2024-03-09,2,1,32,2
8480045,2023-24,2024-03-12,2,1,24,3
8480045,2023-24,2024-03-14,2,1,21,0
8480045,2023-24,2024-03-16,2,1,25,3
8480045,2023-24,2024-03-18,2,1,34,2
8480045,2023-24,2024-03-21,2,1,39,8
8480045,2023-24,2024-03-24,2,1,33,1
8480045,2023-24,2024-03-27,2,1,9,4
8480045,2023-24,2024-03-30,2,1,22,3
8480045,2023-24,2024-04-02,2,1,26,2
8480045,2023-24,2024-04-05,2,1,34,2
8480045,2023-24,2024-04-07,2,1,24,3
8480045,2023-24,2024-04-09,2,1,24,3
8480045,2023-24,2024-04-11,2,1,24,2
8480045,2023-24,2024-04-13,2,1,42,3
8480045,2024-25,2024-10-04,2,1,22,3
8480045,2024-25,2024-10-10,2,1,22,2
8480045,2024-25,2024-10-16,2,1,43,6
8480045,2024-25,2024-10-19,2,1,37,2
8480045,2024-25,2024-10-22,2,1,30,2
8480045,2024-25,2024-10-26,2,1,25,3
8480045,2024-25,2024-10-28,2,1,31,5
8480045,2024-25,2024-11-02,2,1,23,2
8480045,2024-25,2024-11-05,2,1,38,1
8480045,2024-25,2024-11-07,2,1,26,1
8480045,2024-25,2024-11-09,2,1,26,2
8480045,2024-25,2024-11-11,2,1,18,4
8480045,2024-25,2024-11-20,2,1,23,0
8480045,2024-25,2024-11-22,2,1,24,2
8480045,2024-25,2024-11-27,2,1,30,1
8480045,2024-25,2024-11-29,2,1,22,4
8480045,2024-25,2024-12-03,2,1,41,5
8480045,2024-25,2024-12-05,2,1,31,3
8480045,2024-25,2024-12-07,2,1,28,5
8480045,2024-25,2024-12-11,2,1,27,2
8480045,2024-25,2024-12-14,2,1,30,3
8480045,2024-25,2024-12-17,2,1,21,6
8480045,2024-25,2024-12-20,2,1,13,4
8480045,2024-25,2024-12-23,2,1,28,1
8480045,2024-25,2024-12-27,2,1,17,2
8480045,2024-25,2024-12-29,2,1,37,2
8480045,2024-25,2024-12-31,2,1,32,3
8480045,2024-25,2025-01-02,2,1,29,6
8480045,2024-25,2025-01-06,2,1,28,3
8480045,2024-25,2025-01-09,2,1,35,0
8480045,2024-25,2025-01-11,2,1,28,5
8480045,2024-25,2025-01-15,2,1,37,2
8480045,2024-25,2025-01-17,2,1,18,4
8480045,2024-25,2025-01-21,2,1,34,2
8480045,2024-25,2025-01-23,2,1,24,3
8480045,2024-25,2025-01-28,2,1,27,2
8480045,2024-25,2025-01-31,2,1,31,3
8480045,2024-25,2025-02-02,2,1,24,3
8480045,2024-25,2025-02-08,2,1,22,5
8480045,2024-25,2025-02-22,2,1,28,2
8480045,2024-25,2025-02-25,2,1,18,2
8480045,2024-25,2025-02-27,2,1,7,2
8480045,2024-25,2025-03-01,2,1,28,3
8480045,2024-25,2025-03-04,2,1,27,5
8480045,2024-25,2025-03-06,2,1,26,6
8480045,2024-25,2025-03-08,2,1,35,3
8480045,2024-25,2025-03-10,2,1,34,2
8480045,2024-25,2025-03-12,2,1,29,7
8480045,2024-25,2025-03-15,2,1,19,3
8480045,2024-25,2025-03-17,2,1,20,2
8480045,2024-25,2025-03-22,2,1,20,3
8480045,2024-25,2025-03-29,2,1,32,7
8480045,2024-25,2025-04-06,2,1,20,3
8480045,2024-25,2025-04-12,2,1,34,2
8480045,2024-25,2025-04-15,2,1,31,3
8480045,2025-26,2025-10-25,2,1,23,4
8480045,2025-26,2025-11-01,2,1,34,3
8480045,2025-26,2025-11-06,2,1,16,2
8480045,2025-26,2025-11-13,2,0,30,3
8480045,2025-26,2025-11-21,2,1,23,3
8480045,2025-26,2025-11-23,2,1,30,1
8480045,2025-26,2025-11-26,2,1,18,3
8480045,2025-26,2025-12-01,2,1,24,1
8480045,2025-26,2025-12-05,2,1,22,3
8480045,2025-26,2025-12-08,2,1,22,5
8480045,2025-26,2025-12-21,2,1,27,1
8480045,2025-26,2025-12-27,2,1,23,1
8480045,2025-26,2025-12-31,2,1,29,1
8480045,2025-26,2026-01-03,2,1,34,4
8480045,2025-26,2026-01-06,2,1,37,3
8480045,2025-26,2026-01-10,2,1,36,3
8480045,2025-26,2026-01-14,2,1,22,2
8480045,2025-26,2026-01-17,2,1,36,5
8480045,2025-26,2026-01-19,2,1,29,2
8480045,2025-26,2026-01-22,2,1,34,2
8480045,2025-26,2026-01-27,2,1,5,2
8480045,2025-26,2026-02-25,2,1,28,1
8480045,2025-26,2026-02-28,2,1,38,2
8480045,2025-26,2026-03-05,2,1,28,1
8480045,2025-26,2026-03-08,2,1,28,7
8480045,2025-26,2026-03-12,2,1,22,2
8480045,2025-26,2026-03-17,2,1,29,0
8480045,2025-26,2026-03-21,2,1,27,1
8480045,2025-26,2026-03-25,2,1,31,4
8480045,2025-26,2026-03-28,2,1,34,2
8480045,2025-26,2026-03-31,2,1,28,3
8480045,2025-26,2026-04-02,2,1,22,2
8480045,2025-26,2026-04-06,2,1,25,2
8480045,2025-26,2026-04-08,2,1,20,3
8480045,2025-26,2026-04-13,2,1,16,1
8480045,2025-26,2026-04-19,3,1,20,3
8480045,2025-26,2026-04-21,3,1,20,4
8480045,2025-26,2026-05-12,3,1,31,2
8480045,2025-26,2026-05-14,3,1,23,5
8480045,2025-26,2026-05-16,3,0,18,0
8480045,2025-26,2026-05-18,3,1,25,3
8480051,2020-21,2021-04-24,2,1,33,4
8480051,2020-21,2021-05-01,2,1,23,2
8480051,2020-21,2021-05-06,2,1,15,4
8480051,2020-21,2021-05-12,2,1,22,4
8480051,2021-22,2021-11-16,2,1,34,3
8480051,2021-22,2021-11-18,2,1,31,5
8480051,2021-22,2021-12-16,2,1,39,2
8480051,2021-22,2022-01-17,2,1,16,4
8480051,2021-22,2022-01-22,2,1,46,3
8480051,2021-22,2022-01-24,2,1,32,5
8480051,2021-22,2022-01-27,2,1,9,3
8480051,2021-22,2022-01-29,2,0,8,1
8480051,2021-22,2022-01-30,2,0,28,2
8480051,2021-22,2022-02-08,2,1,34,7
8480051,2021-22,2022-02-10,2,1,14,4
8480051,2021-22,2022-03-15,2,0,11,1
8480051,2022-23,2023-01-19,2,0,7,1
8480051,2022-23,2023-03-28,2,1,26,2
8480051,2022-23,2023-04-04,2,1,21,5
8480051,2023-24,2023-10-24,2,1,33,4
8480051,2023-24,2023-11-09,2,1,29,2
8480051,2023-24,2023-11-16,2,1,42,6
8480051,2023-24,2023-11-24,2,1,33,2
8480051,2023-24,2023-11-30,2,1,29,5
8480051,2023-24,2023-12-09,2,1,48,2
8480051,2023-24,2023-12-22,2,1,21,2
8480051,2023-24,2023-12-28,2,1,30,4
8480051,2023-24,2024-01-10,2,1,39,2
8480051,2023-24,2024-01-18,2,1,36,5
8480051,2023-24,2024-01-20,2,0,6,1
8480051,2023-24,2024-02-13,2,1,13,0
8480051,2023-24,2024-02-22,2,1,26,3
8480051,2023-24,2024-03-02,2,1,29,3
8480051,2023-24,2024-03-12,2,1,41,0
8480051,2023-24,2024-03-16,2,1,28,5
8480051,2023-24,2024-03-24,2,1,37,1
8480051,2023-24,2024-03-28,2,1,30,1
8480051,2023-24,2024-04-04,2,1,34,6
8480051,2023-24,2024-04-06,2,0,18,0
8480051,2023-24,2024-04-07,2,1,45,4
8480051,2023-24,2024-04-13,2,1,44,4
8480051,2023-24,2024-04-16,2,1,40,4
8480191,2023-24,2024-02-16,2,0,4,0
8480191,2023-24,2024-02-19,2,1,25,5
8480193,2021-22,2021-12-02,2,1,37,3
8480193,2021-22,2021-12-04,2,1,31,2
8480193,2021-22,2021-12-07,2,0,10,0
8480193,2021-22,2022-01-01,2,1,33,2
8480193,2022-23,2022-10-12,2,1,43,4
8480193,2022-23,2022-10-14,2,1,39,5
8480193,2022-23,2022-10-23,2,1,31,1
8480193,2022-23,2022-10-25,2,1,12,4
8480193,2022-23,2022-10-28,2,0,6,0
8480193,2022-23,2022-11-20,2,1,50,3
8480193,2022-23,2022-11-28,2,1,36,2
8480193,2022-23,2022-12-15,2,1,28,3
8480193,2022-23,2022-12-17,2,1,39,4
8480193,2022-23,2022-12-19,2,1,33,1
8480193,2022-23,2022-12-20,2,1,38,4
8480193,2022-23,2022-12-23,2,1,20,4
8480193,2022-23,2023-01-17,2,1,28,2
8480193,2022-23,2023-03-14,2,1,32,5
8480193,2022-23,2023-03-16,2,1,27,4
8480193,2022-23,2023-03-19,2,1,29,5
8480193,2022-23,2023-03-21,2,1,37,6
8480193,2023-24,2023-12-16,2,1,29,5
8480193,2023-24,2023-12-19,2,1,29,4
8480193,2023-24,2023-12-23,2,1,30,4
8480193,2023-24,2023-12-30,2,1,42,3
8480193,2023-24,2024-01-04,2,1,41,2
8480193,2023-24,2024-01-06,2,1,36,4
8480193,2023-24,2024-01-09,2,1,23,5
8480193,2023-24,2024-01-13,2,1,35,6
8480193,2023-24,2024-01-25,2,1,30,2
8480193,2023-24,2024-01-28,2,1,25,3
8480193,2023-24,2024-02-13,2,1,29,5
8480193,2023-24,2024-02-21,2,1,29,2
8480193,2023-24,2024-02-23,2,1,37,2
8480193,2023-24,2024-02-29,2,1,32,3
8480193,2023-24,2024-03-04,2,1,39,3
8480193,2023-24,2024-03-07,2,1,31,2
8480193,2023-24,2024-03-09,2,1,49,2
8480193,2023-24,2024-03-12,2,0,19,0
8480193,2023-24,2024-03-16,2,1,41,2
8480193,2023-24,2024-03-19,2,1,26,4
8480193,2023-24,2024-03-23,2,1,47,4
8480193,2023-24,2024-03-28,2,1,36,3
8480193,2023-24,2024-04-01,2,1,46,1
8480193,2023-24,2024-04-04,2,1,15,2
8480193,2024-25,2024-10-12,2,1,30,4
8480193,2024-25,2024-10-17,2,1,24,4
8480193,2024-25,2024-10-19,2,1,34,3
8480193,2024-25,2024-10-22,2,1,28,2
8480193,2024-25,2024-10-26,2,1,33,4
8480193,2024-25,2024-11-02,2,1,22,7
8480193,2024-25,2024-11-10,2,1,29,3
8480193,2024-25,2024-11-16,2,1,30,5
8480193,2024-25,2024-12-05,2,1,36,6
8480193,2024-25,2024-12-28,2,1,28,4
8480193,2024-25,2025-01-14,2,1,25,2
8480193,2024-25,2025-01-18,2,1,26,0
8480193,2024-25,2025-01-23,2,1,42,6
8480193,2024-25,2025-01-31,2,1,34,2
8480193,2024-25,2025-02-27,2,1,31,2
8480193,2024-25,2025-03-09,2,1,35,3
8480193,2024-25,2025-03-15,2,1,20,3
8480193,2024-25,2025-03-29,2,1,27,3
8480193,2024-25,2025-04-03,2,0,4,0
8480193,2024-25,2025-04-06,2,1,6,2
8480193,2025-26,2025-10-13,2,1,20,3
8480193,2025-26,2025-10-16,2,1,33,3
8480193,2025-26,2025-10-28,2,1,17,2
8480193,2025-26,2025-11-08,2,1,22,2
8480193,2025-26,2025-11-13,2,1,40,3
8480193,2025-26,2025-11-22,2,0,12,0
8480193,2025-26,2025-11-24,2,1,39,3
8480193,2025-26,2025-11-28,2,1,33,4
8480193,2025-26,2025-12-07,2,1,21,1
8480193,2025-26,2025-12-11,2,1,42,6
8480193,2025-26,2025-12-17,2,1,29,2
8480193,2025-26,2025-12-20,2,1,31,5
8480193,2025-26,2025-12-30,2,1,29,3
8480193,2025-26,2026-01-04,2,1,28,1
8480193,2025-26,2026-01-17,2,1,24,2
8480193,2025-26,2026-01-22,2,1,18,1
8480193,2025-26,2026-01-25,2,1,22,1
8480193,2025-26,2026-01-29,2,1,31,5
8480193,2025-26,2026-02-05,2,1,25,5
8480193,2025-26,2026-02-27,2,1,38,2
8480193,2025-26,2026-03-05,2,1,27,3
8480193,2025-26,2026-03-10,2,1,28,3
8480193,2025-26,2026-03-15,2,1,25,6
8480193,2025-26,2026-03-20,2,1,36,4
8480193,2025-26,2026-03-26,2,1,50,3
8480193,2025-26,2026-03-28,2,1,40,5
8480193,2025-26,2026-03-31,2,1,26,3
8480193,2025-26,2026-04-04,2,0,12,3
8480193,2025-26,2026-04-05,2,1,23,5
8480193,2025-26,2026-04-07,2,1,32,3
8480193,2025-26,2026-04-11,2,1,19,2
8480193,2025-26,2026-04-13,2,1,27,2
8480193,2025-26,2026-04-15,2,1,26,1
8480238,2022-23,2023-03-12,2,1,33,3
8480238,2022-23,2023-03-19,2,1,37,2
8480238,2023-24,2023-12-10,2,1,38,4
8480238,2023-24,2023-12-19,2,0,10,0
8480238,2023-24,2023-12-21,2,1,36,5
8480238,2023-24,2023-12-23,2,1,42,4
8480238,2023-24,2024-01-10,2,1,35,3
8480238,2023-24,2024-03-26,2,1,35,5
8480263,2022-23,2023-03-20,2,1,49,1
8480263,2022-23,2023-03-25,2,1,34,4
8480280,2020-21,2021-04-06,2,1,42,2
8480280,2020-21,2021-04-08,2,1,33,2
8480280,2020-21,2021-04-10,2,1,23,3
8480280,2020-21,2021-04-13,2,1,23,2
8480280,2020-21,2021-04-16,2,1,25,0
8480280,2020-21,2021-04-22,2,1,30,1
8480280,2020-21,2021-04-25,2,1,29,1
8480280,2020-21,2021-05-01,2,1,19,2
8480280,2020-21,2021-05-06,2,1,15,0
8480280,2020-21,2021-05-11,2,1,32,2
8480280,2020-21,2021-06-07,3,0,3,1
8480280,2021-22,2021-10-16,2,1,28,1
8480280,2021-22,2021-10-20,2,1,24,5
8480280,2021-22,2021-10-28,2,1,23,2
8480280,2021-22,2021-11-04,2,1,15,1
8480280,2021-22,2021-11-09,2,1,27,2
8480280,2021-22,2021-11-13,2,1,29,2
8480280,2021-22,2021-11-14,2,1,29,2
8480280,2021-22,2021-11-21,2,1,32,4
8480280,2021-22,2021-11-24,2,1,25,1
8480280,2021-22,2021-11-26,2,1,30,4
8480280,2021-22,2021-12-02,2,1,42,0
8480280,2021-22,2021-12-04,2,1,25,3
8480280,2021-22,2021-12-08,2,1,32,1
8480280,2021-22,2021-12-14,2,1,25,4
8480280,2021-22,2022-01-02,2,1,24,1
8480280,2021-22,2022-01-06,2,1,30,3
8480280,2021-22,2022-01-30,2,0,14,2
8480280,2021-22,2022-02-08,2,1,24,3
8480280,2021-22,2022-02-12,2,1,30,0
8480280,2021-22,2022-02-15,2,1,34,1
8480280,2021-22,2022-02-19,2,1,31,2
8480280,2021-22,2022-02-21,2,1,29,1
8480280,2021-22,2022-02-26,2,1,16,1
8480280,2021-22,2022-02-28,2,1,34,0
8480280,2021-22,2022-03-03,2,1,36,2
8480280,2021-22,2022-03-05,2,1,24,4
8480280,2021-22,2022-03-10,2,1,25,3
8480280,2021-22,2022-03-12,2,1,29,2
8480280,2021-22,2022-03-16,2,1,33,3
8480280,2021-22,2022-03-21,2,1,28,2
8480280,2021-22,2022-03-24,2,1,24,2
8480280,2021-22,2022-03-29,2,1,25,6
8480280,2021-22,2022-04-02,2,1,24,2
8480280,2021-22,2022-04-05,2,1,28,4
8480280,2021-22,2022-04-12,2,1,30,4
8480280,2021-22,2022-04-14,2,0,24,3
8480280,2021-22,2022-04-16,2,1,24,1
8480280,2021-22,2022-04-19,2,1,22,2
8480280,2021-22,2022-04-21,2,1,31,3
8480280,2021-22,2022-04-24,2,1,26,3
8480280,2021-22,2022-04-29,2,1,26,4
8480280,2021-22,2022-05-06,3,1,27,2
8480280,2021-22,2022-05-08,3,1,26,2
8480280,2021-22,2022-05-10,3,1,37,4
8480280,2021-22,2022-05-12,3,1,25,2
8480280,2021-22,2022-05-14,3,1,31,3
8480280,2022-23,2022-10-15,2,1,24,3
8480280,2022-23,2022-10-18,2,1,25,6
8480280,2022-23,2022-10-27,2,1,29,1
8480280,2022-23,2022-11-01,2,0,4,0
8480280,2022-23,2022-11-19,2,1,18,1
8480280,2022-23,2022-11-23,2,1,30,4
8480280,2022-23,2022-11-25,2,0,6,0
8480280,2022-23,2022-11-29,2,1,28,1
8480280,2022-23,2022-12-05,2,1,24,3
8480280,2022-23,2022-12-09,2,1,16,4
8480280,2022-23,2022-12-17,2,1,33,2
8480280,2022-23,2022-12-22,2,1,27,2
8480280,2022-23,2022-12-27,2,1,32,2
8480280,2022-23,2022-12-31,2,1,25,4
8480280,2022-23,2023-01-05,2,1,29,2
8480280,2022-23,2023-01-08,2,1,29,1
8480280,2022-23,2023-01-16,2,1,29,0
8480280,2022-23,2023-01-19,2,1,32,1
8480280,2022-23,2023-01-22,2,0,1,0
8480280,2022-23,2023-01-24,2,1,22,2
8480280,2022-23,2023-01-28,2,1,37,4
8480280,2022-23,2023-02-11,2,1,23,2
8480280,2022-23,2023-02-16,2,1,28,0
8480280,2022-23,2023-02-23,2,1,41,5
8480280,2022-23,2023-02-27,2,1,24,2
8480280,2022-23,2023-03-02,2,1,27,1
8480280,2022-23,2023-03-09,2,1,22,3
8480280,2022-23,2023-03-12,2,1,25,4
8480280,2022-23,2023-03-16,2,1,36,0
8480280,2022-23,2023-03-19,2,1,26,0
8480280,2022-23,2023-03-23,2,1,31,2
8480280,2022-23,2023-03-26,2,1,37,3
8480280,2022-23,2023-04-01,2,1,24,3
8480280,2022-23,2023-04-06,2,1,32,1
8480280,2022-23,2023-04-09,2,1,37,3
8480280,2022-23,2023-04-11,2,0,6,0
8480280,2022-23,2023-04-13,2,1,34,4
8480280,2022-23,2023-04-23,3,0,1,0
8480280,2022-23,2023-04-30,3,1,31,4
8480280,2023-24,2023-10-14,2,1,36,2
8480280,2023-24,2023-10-21,2,1,34,2
8480280,2023-24,2023-10-24,2,1,23,0
8480280,2023-24,2023-10-28,2,1,24,1
8480280,2023-24,2023-11-02,2,1,35,2
8480280,2023-24,2023-11-06,2,1,37,2
8480280,2023-24,2023-11-11,2,1,27,3
8480280,2023-24,2023-11-18,2,1,22,2
8480280,2023-24,2023-11-20,2,1,47,5
8480280,2023-24,2023-11-24,2,1,27,4
8480280,2023-24,2023-11-27,2,1,19,2
8480280,2023-24,2023-11-30,2,1,26,0
8480280,2023-24,2023-12-03,2,1,25,1
8480280,2023-24,2023-12-13,2,1,35,2
8480280,2023-24,2023-12-16,2,1,34,2
8480280,2023-24,2023-12-22,2,1,33,5
8480280,2023-24,2023-12-27,2,1,26,1
8480280,2023-24,2023-12-31,2,1,30,3
8480280,2023-24,2024-01-04,2,1,35,6
8480280,2023-24,2024-01-08,2,1,36,3
8480280,2023-24,2024-01-09,2,0,1,1
8480280,2023-24,2024-01-11,2,1,25,2
8480280,2023-24,2024-01-13,2,1,23,3
8480280,2023-24,2024-01-15,2,1,31,0
8480280,2023-24,2024-01-18,2,1,32,2
8480280,2023-24,2024-01-22,2,1,21,1
8480280,2023-24,2024-01-25,2,1,37,2
8480280,2023-24,2024-02-06,2,1,29,4
8480280,2023-24,2024-02-10,2,1,28,2
8480280,2023-24,2024-02-15,2,1,25,3
8480280,2023-24,2024-02-19,2,1,46,3
8480280,2023-24,2024-02-21,2,1,42,5
8480280,2023-24,2024-02-24,2,1,39,3
8480280,2023-24,2024-02-29,2,1,36,4
8480280,2023-24,2024-03-04,2,1,33,1
8480280,2023-24,2024-03-07,2,1,29,1
8480280,2023-24,2024-03-11,2,1,21,4
8480280,2023-24,2024-03-16,2,1,29,5
8480280,2023-24,2024-03-21,2,1,29,3
8480280,2023-24,2024-03-26,2,1,21,3
8480280,2023-24,2024-03-30,2,1,20,2
8480280,2023-24,2024-04-04,2,1,29,1
8480280,2023-24,2024-04-09,2,1,26,4
8480280,2023-24,2024-04-15,2,1,24,1
8480280,2023-24,2024-04-20,3,1,36,1
8480280,2023-24,2024-04-24,3,1,30,2
8480280,2023-24,2024-04-27,3,1,25,1
8480280,2023-24,2024-04-30,3,1,33,2
8480280,2023-24,2024-05-02,3,1,26,2
8480280,2023-24,2024-05-04,3,1,31,1
8480280,2023-24,2024-05-06,3,1,39,1
8480280,2023-24,2024-05-08,3,1,23,4
8480280,2023-24,2024-05-10,3,1,32,5
8480280,2023-24,2024-05-12,3,1,41,3
8480280,2023-24,2024-05-14,3,1,29,1
8480280,2023-24,2024-05-17,3,1,28,2
8480280,2024-25,2024-10-10,2,1,24,4
8480280,2024-25,2024-10-12,2,1,34,1
8480280,2024-25,2024-10-14,2,1,26,4
8480280,2024-25,2024-10-19,2,1,32,2
8480280,2024-25,2024-10-22,2,1,41,3
8480280,2024-25,2024-10-24,2,1,31,4
8480280,2024-25,2024-10-26,2,1,23,3
8480280,2024-25,2024-10-31,2,1,22,6
8480280,2024-25,2024-11-03,2,1,23,0
8480280,2024-25,2024-11-05,2,1,26,3
8480280,2024-25,2024-11-09,2,1,34,3
8480280,2024-25,2024-11-12,2,1,22,2
8480280,2024-25,2024-11-14,2,1,38,7
8480280,2024-25,2024-11-18,2,1,28,5
8480280,2024-25,2024-11-23,2,1,20,1
8480280,2024-25,2024-11-26,2,1,14,1
8480280,2024-25,2024-11-29,2,1,36,2
8480280,2024-25,2024-12-01,2,1,28,3
8480280,2024-25,2024-12-04,2,1,22,2
8480280,2024-25,2024-12-07,2,1,26,3
8480280,2024-25,2024-12-10,2,1,35,8
8480280,2024-25,2024-12-14,2,1,20,1
8480280,2024-25,2024-12-17,2,1,23,3
8480280,2024-25,2024-12-19,2,1,26,3
8480280,2024-25,2024-12-23,2,1,11,1
8480280,2024-25,2024-12-28,2,1,18,0
8480280,2024-25,2024-12-31,2,1,26,2
8480280,2024-25,2025-01-02,2,1,27,2
8480280,2024-25,2025-01-04,2,1,27,4
8480280,2024-25,2025-01-07,2,1,38,3
8480280,2024-25,2025-01-09,2,1,30,3
8480280,2024-25,2025-01-11,2,1,43,3
8480280,2024-25,2025-01-14,2,1,45,2
8480280,2024-25,2025-01-18,2,1,44,5
8480280,2024-25,2025-01-22,2,1,28,4
8480280,2024-25,2025-01-25,2,1,28,1
8480280,2024-25,2025-01-28,2,1,32,6
8480280,2024-25,2025-02-01,2,1,25,3
8480280,2024-25,2025-02-04,2,1,36,0
8480280,2024-25,2025-02-08,2,1,38,4
8480280,2024-25,2025-02-22,2,1,29,3
8480280,2024-25,2025-02-25,2,1,29,5
8480280,2024-25,2025-02-27,2,1,20,2
8480280,2024-25,2025-03-02,2,1,22,1
8480280,2024-25,2025-03-04,2,1,29,5
8480280,2024-25,2025-03-08,2,1,25,0
8480280,2024-25,2025-03-11,2,1,28,2
8480280,2024-25,2025-03-13,2,1,15,4
8480280,2024-25,2025-03-15,2,1,38,4
8480280,2024-25,2025-03-20,2,1,32,5
8480280,2024-25,2025-03-23,2,1,23,7
8480280,2024-25,2025-03-29,2,1,22,2
8480280,2024-25,2025-04-01,2,1,32,4
8480280,2024-25,2025-04-03,2,1,31,3
8480280,2024-25,2025-04-05,2,1,40,1
8480280,2024-25,2025-04-08,2,1,21,2
8480280,2024-25,2025-04-10,2,1,20,4
8480280,2024-25,2025-04-15,2,1,26,5
8480280,2025-26,2025-10-08,2,1,36,1
8480280,2025-26,2025-10-11,2,1,22,1
8480280,2025-26,2025-10-16,2,1,37,6
8480280,2025-26,2025-10-18,2,1,37,3
8480280,2025-26,2025-10-21,2,1,23,4
8480280,2025-26,2025-10-25,2,1,33,2
8480280,2025-26,2025-10-27,2,1,23,7
8480280,2025-26,2025-11-01,2,1,29,1
8480280,2025-26,2025-11-04,2,1,33,3
8480280,2025-26,2025-11-08,2,1,33,3
8480280,2025-26,2025-11-11,2,1,33,3
8480280,2025-26,2025-11-15,2,1,28,2
8480280,2025-26,2025-11-17,2,1,32,3
8480280,2025-26,2025-11-21,2,1,32,1
8480280,2025-26,2025-11-23,2,1,30,2
8480280,2025-26,2025-11-26,2,1,44,1
8480280,2025-26,2025-11-29,2,1,26,2
8480280,2025-26,2025-12-02,2,1,23,5
8480280,2025-26,2025-12-06,2,1,30,1
8480280,2025-26,2025-12-09,2,1,26,2
8480280,2025-26,2025-12-14,2,1,31,6
8480280,2025-26,2025-12-16,2,1,21,1
8480280,2025-26,2025-12-18,2,1,25,3
8480280,2025-26,2025-12-20,2,1,23,4
8480280,2025-26,2025-12-21,2,0,11,1
8480280,2025-26,2025-12-23,2,1,29,6
8480280,2025-26,2025-12-29,2,1,20,2
8480280,2025-26,2025-12-31,2,1,36,2
8480280,2025-26,2026-01-03,2,1,34,2
8480280,2025-26,2026-01-06,2,1,26,6
8480280,2025-26,2026-01-10,2,1,29,2
8480280,2025-26,2026-01-13,2,1,24,0
8480280,2025-26,2026-01-15,2,1,28,2
8480280,2025-26,2026-01-20,2,1,34,6
8480280,2025-26,2026-01-24,2,1,25,3
8480280,2025-26,2026-01-27,2,1,30,2
8480280,2025-26,2026-01-29,2,1,36,3
8480280,2025-26,2026-02-01,2,1,46,5
8480280,2025-26,2026-02-28,2,1,16,2
8480280,2025-26,2026-03-03,2,1,35,1
8480280,2025-26,2026-03-07,2,1,23,1
8480280,2025-26,2026-03-10,2,1,16,1
8480280,2025-26,2026-03-12,2,1,28,4
8480280,2025-26,2026-03-14,2,1,28,2
8480280,2025-26,2026-03-17,2,1,31,3
8480280,2025-26,2026-03-19,2,1,24,1
8480280,2025-26,2026-03-21,2,1,44,2
8480280,2025-26,2026-03-24,2,1,34,3
8480280,2025-26,2026-03-28,2,1,34,3
8480280,2025-26,2026-03-29,2,1,25,3
8480280,2025-26,2026-04-02,2,1,24,2
8480280,2025-26,2026-04-04,2,1,22,2
8480280,2025-26,2026-04-07,2,1,24,5
8480280,2025-26,2026-04-11,2,1,24,2
8480280,2025-26,2026-04-14,2,1,21,0
8480280,2025-26,2026-04-19,3,1,37,3
8480280,2025-26,2026-04-21,3,1,35,2
8480280,2025-26,2026-04-23,3,1,29,2
8480280,2025-26,2026-04-26,3,1,29,6
8480280,2025-26,2026-04-28,3,1,26,1
8480280,2025-26,2026-05-01,3,1,25,3
8480313,2020-21,2021-03-10,2,0,2,0
8480313,2021-22,2022-01-04,2,1,26,3
8480313,2021-22,2022-02-20,2,1,36,1
8480313,2021-22,2022-03-13,2,1,37,5
8480313,2021-22,2022-03-15,2,0,10,3
8480313,2021-22,2022-03-17,2,1,36,3
8480313,2021-22,2022-03-19,2,1,39,1
8480313,2021-22,2022-03-21,2,1,35,2
8480313,2021-22,2022-03-22,2,1,26,4
8480313,2021-22,2022-03-24,2,1,36,1
8480313,2021-22,2022-03-26,2,1,34,4
8480313,2021-22,2022-03-30,2,1,22,0
8480313,2021-22,2022-04-01,2,1,28,2
8480313,2021-22,2022-04-14,2,1,36,1
8480313,2021-22,2022-04-16,2,1,36,4
8480313,2021-22,2022-04-20,2,0,15,2
8480313,2021-22,2022-04-24,2,1,29,4
8480313,2021-22,2022-04-26,2,1,30,2
8480313,2021-22,2022-04-27,2,1,40,3
8480313,2021-22,2022-04-29,2,1,18,4
8480313,2022-23,2022-10-11,2,1,30,3
8480313,2022-23,2022-10-13,2,1,27,0
8480313,2022-23,2022-10-18,2,1,40,3
8480313,2022-23,2022-10-22,2,1,25,3
8480313,2022-23,2022-10-24,2,1,23,1
8480313,2022-23,2022-10-28,2,1,29,0
8480313,2022-23,2022-11-01,2,1,21,2
8480313,2022-23,2022-11-03,2,1,46,4
8480313,2022-23,2022-11-08,2,1,31,3
8480313,2022-23,2022-11-10,2,1,35,4
8480313,2022-23,2022-11-15,2,1,27,3
8480313,2022-23,2022-11-17,2,1,26,1
8480313,2022-23,2022-11-21,2,1,29,4
8480313,2022-23,2022-11-23,2,1,40,1
8480313,2022-23,2022-11-26,2,1,36,5
8480313,2022-23,2022-11-28,2,1,28,2
8480313,2022-23,2022-12-01,2,1,47,4
8480313,2022-23,2022-12-05,2,1,43,3
8480313,2022-23,2022-12-07,2,1,37,5
8480313,2022-23,2022-12-11,2,1,27,3
8480313,2022-23,2022-12-15,2,1,25,1
8480313,2022-23,2022-12-17,2,1,24,3
8480313,2022-23,2022-12-21,2,1,23,2
8480313,2022-23,2022-12-23,2,1,29,4
8480313,2022-23,2022-12-27,2,1,24,3
8480313,2022-23,2022-12-28,2,0,22,0
8480313,2022-23,2022-12-31,2,1,37,4
8480313,2022-23,2023-01-02,2,1,29,2
8480313,2022-23,2023-01-07,2,1,19,3
8480313,2022-23,2023-01-14,2,1,37,4
8480313,2022-23,2023-01-16,2,1,35,3
8480313,2022-23,2023-01-21,2,1,22,2
8480313,2022-23,2023-01-22,2,1,22,3
8480313,2022-23,2023-01-24,2,1,36,3
8480313,2022-23,2023-01-28,2,1,38,2
8480313,2022-23,2023-02-09,2,1,24,1
8480313,2022-23,2023-03-23,2,1,39,2
8480313,2023-24,2023-10-12,2,1,23,1
8480313,2023-24,2023-10-19,2,1,39,3
8480313,2023-24,2023-10-24,2,1,28,2
8480313,2023-24,2023-10-28,2,1,40,3
8480313,2023-24,2023-11-02,2,1,31,2
8480313,2023-24,2023-11-05,2,1,22,3
8480313,2023-24,2023-11-14,2,1,30,2
8480313,2023-24,2023-11-18,2,1,38,4
8480313,2023-24,2023-11-25,2,1,17,1
8480313,2023-24,2023-11-28,2,1,34,4
8480313,2023-24,2023-11-30,2,0,6,1
8480313,2023-24,2023-12-02,2,1,22,1
8480313,2023-24,2023-12-04,2,1,27,2
8480313,2023-24,2023-12-06,2,1,29,3
8480313,2023-24,2023-12-09,2,1,20,1
8480313,2023-24,2023-12-12,2,1,31,4
8480313,2023-24,2023-12-15,2,1,26,4
8480313,2023-24,2023-12-17,2,0,22,2
8480313,2023-24,2023-12-19,2,1,29,6
8480313,2023-24,2023-12-27,2,1,26,5
8480313,2023-24,2023-12-28,2,1,34,2
8480313,2023-24,2024-01-01,2,1,27,3
8480313,2023-24,2024-01-04,2,1,36,4
8480313,2023-24,2024-01-06,2,1,29,2
8480313,2023-24,2024-01-11,2,1,33,1
8480313,2023-24,2024-01-13,2,1,26,3
8480313,2023-24,2024-01-15,2,1,35,1
8480313,2023-24,2024-01-18,2,1,30,1
8480313,2023-24,2024-01-20,2,1,25,2
8480313,2023-24,2024-01-22,2,1,38,6
8480313,2023-24,2024-01-27,2,1,28,4
8480313,2023-24,2024-02-19,2,1,29,0
8480313,2023-24,2024-02-22,2,0,22,4
8480313,2023-24,2024-02-24,2,1,33,3
8480313,2023-24,2024-03-02,2,1,35,7
8480313,2023-24,2024-03-17,2,1,21,1
8480313,2023-24,2024-03-21,2,1,22,1
8480313,2023-24,2024-03-23,2,0,9,1
8480313,2023-24,2024-03-25,2,1,32,1
8480313,2023-24,2024-03-28,2,1,40,1
8480313,2023-24,2024-03-30,2,1,33,1
8480313,2023-24,2024-04-02,2,1,30,3
8480313,2023-24,2024-04-05,2,1,31,6
8480313,2023-24,2024-04-08,2,1,30,4
8480313,2023-24,2024-04-12,2,1,27,2
8480313,2023-24,2024-04-16,2,1,23,1
8480313,2023-24,2024-04-22,3,1,29,3
8480313,2023-24,2024-04-24,3,1,21,1
8480313,2023-24,2024-04-27,3,1,46,3
8480313,2023-24,2024-04-29,3,1,31,3
8480313,2024-25,2024-10-15,2,1,26,2
8480313,2024-25,2024-10-19,2,1,31,5
8480313,2024-25,2024-10-23,2,1,29,3
8480313,2024-25,2024-10-29,2,1,19,3
8480313,2024-25,2024-11-02,2,1,36,2
8480313,2024-25,2024-11-06,2,1,35,2
8480313,2024-25,2024-11-09,2,1,25,1
8480313,2024-25,2024-11-13,2,1,34,4
8480313,2024-25,2024-11-17,2,1,42,2
8480313,2024-25,2024-11-21,2,1,27,2
8480313,2024-25,2024-11-25,2,1,21,1
8480313,2024-25,2024-11-29,2,1,24,4
8480313,2024-25,2024-12-03,2,1,31,2
8480313,2024-25,2024-12-07,2,1,24,2
8480313,2024-25,2024-12-14,2,1,21,2
8480313,2024-25,2024-12-17,2,1,23,3
8480313,2024-25,2024-12-22,2,1,26,1
8480313,2024-25,2024-12-28,2,1,37,2
8480313,2024-25,2024-12-31,2,1,27,1
8480313,2024-25,2025-01-04,2,1,33,4
8480313,2024-25,2025-01-08,2,1,31,1
8480313,2024-25,2025-01-10,2,0,21,3
8480313,2024-25,2025-01-11,2,1,33,1
8480313,2024-25,2025-01-14,2,1,19,0
8480313,2024-25,2025-01-16,2,1,24,0
8480313,2024-25,2025-01-18,2,1,19,1
8480313,2024-25,2025-01-21,2,1,32,2
8480313,2024-25,2025-01-28,2,1,33,1
8480313,2024-25,2025-02-01,2,1,30,5
8480313,2024-25,2025-02-04,2,1,33,3
8480313,2024-25,2025-02-09,2,1,27,4
8480313,2024-25,2025-02-22,2,1,32,3
8480313,2024-25,2025-02-25,2,1,25,3
8480313,2024-25,2025-03-01,2,1,18,2
8480313,2024-25,2025-03-03,2,1,37,4
8480313,2024-25,2025-03-07,2,1,19,2
8480313,2024-25,2025-03-11,2,1,29,4
8480313,2024-25,2025-03-15,2,1,20,1
8480313,2024-25,2025-03-18,2,1,24,1
8480313,2024-25,2025-03-22,2,1,36,3
8480313,2024-25,2025-03-25,2,1,25,3
8480313,2024-25,2025-03-30,2,1,22,7
8480313,2024-25,2025-04-02,2,1,12,3
8480313,2024-25,2025-04-21,3,1,35,2
8480313,2024-25,2025-04-23,3,1,26,1
8480313,2024-25,2025-04-25,3,1,35,5
8480313,2024-25,2025-04-27,3,1,18,2
8480313,2024-25,2025-04-30,3,1,29,1
8480313,2024-25,2025-05-06,3,1,33,2
8480313,2024-25,2025-05-08,3,1,28,1
8480313,2024-25,2025-05-10,3,1,28,4
8480313,2024-25,2025-05-12,3,1,37,4
8480313,2024-25,2025-05-15,3,1,21,2
8480313,2025-26,2025-10-08,2,1,21,2
8480313,2025-26,2025-10-11,2,1,36,2
8480313,2025-26,2025-10-14,2,1,19,2
8480313,2025-26,2025-10-17,2,1,14,1
8480313,2025-26,2025-10-21,2,1,19,1
8480313,2025-26,2025-10-24,2,1,35,1
8480313,2025-26,2025-10-28,2,1,19,1
8480313,2025-26,2025-10-31,2,1,22,2
8480313,2025-26,2025-11-05,2,1,24,1
8480313,2025-26,2025-11-08,2,1,20,3
8480313,2025-26,2025-11-11,2,1,31,1
8480313,2025-26,2025-11-13,2,1,27,5
8480313,2025-26,2025-11-15,2,1,31,2
8480313,2025-26,2025-11-19,2,1,30,4
8480313,2025-26,2025-11-22,2,1,6,4
8480313,2025-26,2025-11-24,2,1,23,1
8480313,2025-26,2025-11-28,2,1,22,2
8480313,2025-26,2025-11-30,2,1,31,1
8480313,2025-26,2025-12-02,2,1,25,1
8480313,2025-26,2025-12-05,2,1,38,3
8480313,2025-26,2025-12-07,2,1,39,0
8480313,2025-26,2025-12-11,2,1,39,2
8480313,2025-26,2025-12-13,2,1,35,5
8480313,2025-26,2025-12-18,2,1,22,0
8480313,2025-26,2025-12-20,2,1,40,4
8480313,2025-26,2025-12-23,2,1,20,6
8480313,2025-26,2025-12-27,2,1,38,3
8480313,2025-26,2025-12-29,2,1,28,4
8480313,2025-26,2026-01-01,2,1,32,4
8480313,2025-26,2026-01-03,2,1,33,2
8480313,2025-26,2026-01-07,2,1,35,3
8480313,2025-26,2026-01-09,2,1,24,1
8480313,2025-26,2026-01-13,2,1,25,2
8480313,2025-26,2026-01-15,2,1,26,3
8480313,2025-26,2026-01-17,2,1,29,3
8480313,2025-26,2026-01-21,2,1,25,4
8480313,2025-26,2026-01-23,2,1,26,1
8480313,2025-26,2026-01-27,2,1,32,5
8480313,2025-26,2026-02-05,2,1,29,2
8480313,2025-26,2026-02-25,2,1,24,1
8480313,2025-26,2026-02-27,2,1,26,2
8480313,2025-26,2026-03-03,2,1,23,3
8480313,2025-26,2026-03-07,2,1,29,2
8480313,2025-26,2026-03-09,2,1,26,3
8480313,2025-26,2026-03-11,2,1,21,3
8480313,2025-26,2026-03-14,2,1,34,2
8480313,2025-26,2026-03-18,2,1,35,1
8480313,2025-26,2026-03-20,2,1,31,1
8480313,2025-26,2026-03-22,2,1,24,3
8480313,2025-26,2026-03-24,2,1,26,2
8480313,2025-26,2026-03-26,2,1,40,4
8480313,2025-26,2026-03-28,2,1,29,4
8480313,2025-26,2026-03-31,2,1,24,4
8480313,2025-26,2026-04-02,2,1,29,6
8480313,2025-26,2026-04-04,2,1,39,2
8480313,2025-26,2026-04-08,2,1,22,0
8480313,2025-26,2026-04-11,2,1,11,3
8480313,2025-26,2026-04-12,2,1,24,0
8480382,2020-21,2021-01-16,2,1,23,0
8480382,2020-21,2021-01-19,2,1,20,4
8480382,2020-21,2021-01-26,2,1,24,3
8480382,2020-21,2021-01-30,2,1,38,5
8480382,2020-21,2021-02-10,2,1,32,3
8480382,2020-21,2021-02-18,2,1,22,2
8480382,2020-21,2021-02-26,2,1,33,2
8480382,2020-21,2021-02-28,2,1,33,2
8480382,2020-21,2021-03-04,2,0,3,0
8480382,2020-21,2021-03-06,2,1,27,3
8480382,2020-21,2021-03-07,2,1,6,3
8480382,2020-21,2021-03-11,2,1,14,4
8480382,2020-21,2021-03-17,2,1,26,0
8480382,2020-21,2021-03-19,2,1,18,2
8480382,2020-21,2021-04-09,2,1,32,1
8480382,2020-21,2021-04-18,2,1,28,3
8480382,2020-21,2021-04-23,2,1,27,1
8480382,2020-21,2021-05-01,2,1,25,3
8480382,2020-21,2021-05-05,2,1,34,3
8480382,2021-22,2021-10-13,2,1,27,5
8480382,2021-22,2021-10-23,2,1,28,2
8480382,2021-22,2021-11-05,2,1,39,6
8480382,2021-22,2021-11-13,2,0,2,0
8480382,2021-22,2021-11-14,2,1,27,3
8480382,2021-22,2021-11-21,2,1,18,4
8480382,2021-22,2021-12-03,2,0,9,0
8480382,2021-22,2021-12-04,2,1,27,2
8480382,2021-22,2021-12-07,2,1,26,2
8480382,2021-22,2021-12-10,2,1,37,1
8480382,2021-22,2021-12-12,2,1,24,1
8480382,2021-22,2021-12-14,2,1,31,4
8480382,2021-22,2021-12-17,2,1,30,2
8480382,2021-22,2022-01-03,2,1,34,1
8480382,2021-22,2022-01-06,2,1,35,5
8480382,2021-22,2022-01-08,2,1,14,1
8480382,2021-22,2022-01-10,2,1,38,2
8480382,2021-22,2022-01-21,2,1,35,6
8480382,2021-22,2022-01-27,2,1,18,4
8480382,2021-22,2022-02-15,2,0,0,0
8480382,2021-22,2022-02-27,2,1,33,4
8480382,2021-22,2022-03-08,2,1,28,5
8480382,2021-22,2022-03-10,2,0,18,2
8480382,2021-22,2022-03-15,2,1,23,3
8480382,2021-22,2022-03-20,2,1,44,0
8480382,2021-22,2022-03-22,2,0,7,2
8480382,2021-22,2022-03-27,2,1,17,4
8480382,2021-22,2022-03-30,2,1,26,4
8480382,2021-22,2022-04-05,2,1,21,1
8480382,2021-22,2022-04-13,2,1,28,0
8480382,2021-22,2022-04-21,2,1,29,3
8480382,2021-22,2022-04-27,2,1,23,4
8480382,2021-22,2022-04-29,2,1,36,2
8480382,2021-22,2022-05-07,3,0,20,1
8480382,2021-22,2022-05-09,3,0,11,1
8480382,2022-23,2022-10-12,2,1,17,2
8480382,2022-23,2022-10-17,2,1,39,3
8480382,2022-23,2022-10-19,2,1,28,4
8480382,2022-23,2022-10-22,2,1,35,2
8480382,2022-23,2022-10-25,2,1,46,2
8480382,2022-23,2022-10-29,2,1,43,4
8480382,2022-23,2022-11-04,2,1,39,3
8480382,2022-23,2022-11-05,2,1,32,1
8480382,2022-23,2022-11-10,2,1,35,3
8480382,2022-23,2022-11-14,2,1,39,3
8480382,2022-23,2022-11-19,2,1,32,0
8480382,2022-23,2022-11-21,2,1,24,2
8480382,2022-23,2022-11-26,2,1,42,1
8480382,2022-23,2022-11-29,2,1,23,5
8480382,2022-23,2022-12-01,2,1,28,4
8480382,2022-23,2022-12-05,2,1,33,4
8480382,2022-23,2022-12-07,2,1,37,4
8480382,2022-23,2022-12-09,2,1,29,1
8480382,2022-23,2022-12-15,2,1,20,3
8480382,2022-23,2022-12-17,2,1,26,1
8480382,2022-23,2022-12-19,2,1,26,0
8480382,2022-23,2022-12-21,2,1,20,1
8480382,2022-23,2022-12-23,2,1,39,2
8480382,2022-23,2022-12-27,2,1,32,5
8480382,2022-23,2022-12-29,2,1,27,4
8480382,2022-23,2022-12-31,2,1,24,5
8480382,2022-23,2023-01-02,2,1,28,3
8480382,2022-23,2023-01-05,2,1,42,3
8480382,2022-23,2023-01-07,2,1,30,2
8480382,2022-23,2023-01-10,2,1,37,5
8480382,2022-23,2023-01-18,2,1,35,1
8480382,2022-23,2023-01-20,2,1,29,1
8480382,2022-23,2023-01-24,2,1,39,2
8480382,2022-23,2023-01-28,2,1,28,2
8480382,2022-23,2023-02-09,2,1,32,5
8480382,2022-23,2023-02-11,2,1,45,3
8480382,2022-23,2023-02-14,2,1,35,3
8480382,2022-23,2023-02-15,2,1,43,2
8480382,2022-23,2023-02-19,2,1,40,5
8480382,2022-23,2023-02-24,2,1,27,1
8480382,2022-23,2023-02-25,2,1,29,1
8480382,2022-23,2023-02-27,2,1,31,0
8480382,2022-23,2023-03-04,2,1,19,5
8480382,2022-23,2023-03-05,2,1,35,3
8480382,2022-23,2023-03-07,2,1,13,0
8480382,2022-23,2023-03-09,2,1,30,4
8480382,2022-23,2023-03-11,2,1,20,2
8480382,2022-23,2023-03-13,2,1,19,4
8480382,2022-23,2023-03-15,2,1,18,1
8480382,2022-23,2023-03-18,2,1,34,1
8480382,2022-23,2023-03-20,2,1,27,0
8480382,2022-23,2023-03-22,2,1,44,4
8480382,2022-23,2023-03-24,2,1,18,1
8480382,2022-23,2023-03-26,2,1,30,3
8480382,2022-23,2023-03-29,2,1,28,3
8480382,2022-23,2023-04-01,2,1,28,2
8480382,2022-23,2023-04-04,2,1,31,3
8480382,2022-23,2023-04-06,2,1,23,2
8480382,2022-23,2023-04-08,2,1,41,3
8480382,2022-23,2023-04-11,2,1,40,2
8480382,2022-23,2023-04-13,2,1,20,2
8480382,2022-23,2023-04-14,2,1,21,3
8480382,2022-23,2023-04-18,3,1,30,3
8480382,2022-23,2023-04-20,3,1,29,2
8480382,2022-23,2023-04-22,3,1,29,4
8480382,2022-23,2023-04-24,3,1,43,3
8480382,2022-23,2023-04-26,3,1,29,3
8480382,2022-23,2023-04-28,3,1,23,1
8480382,2022-23,2023-04-30,3,1,27,2
8480382,2023-24,2023-10-11,2,1,36,2
8480382,2023-24,2023-10-14,2,1,21,1
8480382,2023-24,2023-10-17,2,1,38,1
8480382,2023-24,2023-10-19,2,1,18,0
8480382,2023-24,2023-10-21,2,1,27,4
8480382,2023-24,2023-10-24,2,1,32,4
8480382,2023-24,2023-10-26,2,1,24,4
8480382,2023-24,2023-10-29,2,1,28,3
8480382,2023-24,2023-11-04,2,1,34,7
8480382,2023-24,2023-11-07,2,1,23,3
8480382,2023-24,2023-11-11,2,1,28,6
8480382,2023-24,2023-11-13,2,1,19,1
8480382,2023-24,2023-11-15,2,1,17,2
8480382,2023-24,2023-11-18,2,1,28,3
8480382,2023-24,2023-11-20,2,1,30,4
8480382,2023-24,2023-11-22,2,1,29,2
8480382,2023-24,2023-11-24,2,1,21,2
8480382,2023-24,2023-11-27,2,1,39,1
8480382,2023-24,2023-11-30,2,1,32,4
8480382,2023-24,2023-12-03,2,1,37,3
8480382,2023-24,2023-12-05,2,1,33,2
8480382,2023-24,2023-12-07,2,1,27,3
8480382,2023-24,2023-12-11,2,1,21,5
8480382,2023-24,2023-12-17,2,1,27,2
8480382,2023-24,2023-12-19,2,1,22,3
8480382,2023-24,2023-12-21,2,1,45,4
8480382,2023-24,2023-12-23,2,1,25,1
8480382,2023-24,2023-12-27,2,1,27,5
8480382,2023-24,2023-12-29,2,1,29,1
8480382,2023-24,2023-12-31,2,1,11,1
8480382,2023-24,2024-01-02,2,1,22,4
8480382,2023-24,2024-01-04,2,1,32,4
8480382,2023-24,2024-01-06,2,0,15,3
8480382,2023-24,2024-01-08,2,1,26,3
8480382,2023-24,2024-01-10,2,1,25,0
8480382,2023-24,2024-01-13,2,1,29,3
8480382,2023-24,2024-01-15,2,1,34,4
8480382,2023-24,2024-01-18,2,1,30,4
8480382,2023-24,2024-01-20,2,1,40,4
8480382,2023-24,2024-01-24,2,1,25,2
8480382,2023-24,2024-01-26,2,1,27,1
8480382,2023-24,2024-02-05,2,1,29,2
8480382,2023-24,2024-02-08,2,1,27,4
8480382,2023-24,2024-02-10,2,1,41,4
8480382,2023-24,2024-02-13,2,1,27,3
8480382,2023-24,2024-02-18,2,1,30,3
8480382,2023-24,2024-02-20,2,1,25,1
8480382,2023-24,2024-02-24,2,1,30,4
8480382,2023-24,2024-02-27,2,1,34,1
8480382,2023-24,2024-03-02,2,1,34,4
8480382,2023-24,2024-03-06,2,1,29,2
8480382,2023-24,2024-03-08,2,1,30,1
8480382,2023-24,2024-03-13,2,1,21,3
8480382,2023-24,2024-03-16,2,1,34,2
8480382,2023-24,2024-03-22,2,1,24,1
8480382,2023-24,2024-03-24,2,1,34,4
8480382,2023-24,2024-03-28,2,1,25,2
8480382,2023-24,2024-03-30,2,1,13,4
8480382,2023-24,2024-04-05,2,1,47,6
8480382,2023-24,2024-04-07,2,1,36,6
8480382,2023-24,2024-04-09,2,1,22,2
8480382,2023-24,2024-04-13,2,1,15,4
8480382,2023-24,2024-04-14,2,1,30,4
8480382,2023-24,2024-04-21,3,1,23,7
8480382,2023-24,2024-04-23,3,1,30,2
8480382,2023-24,2024-04-26,3,1,24,2
8480382,2023-24,2024-04-28,3,1,27,1
8480382,2023-24,2024-04-30,3,1,36,3
8480382,2023-24,2024-05-07,3,1,22,3
8480382,2023-24,2024-05-09,3,1,31,4
8480382,2023-24,2024-05-11,3,1,21,2
8480382,2023-24,2024-05-13,3,1,33,4
8480382,2023-24,2024-05-15,3,1,26,3
8480382,2023-24,2024-05-17,3,1,38,2
8480382,2024-25,2024-10-09,2,1,16,5
8480382,2024-25,2024-10-12,2,1,9,3
8480382,2024-25,2024-10-14,2,1,36,5
8480382,2024-25,2024-10-16,2,1,25,4
8480382,2024-25,2024-10-18,2,1,19,3
8480382,2024-25,2024-10-28,2,1,24,3
8480382,2024-25,2024-11-07,2,1,28,1
8480382,2024-25,2024-11-09,2,1,31,4
8480382,2024-25,2024-11-11,2,1,30,2
8480382,2024-25,2024-11-13,2,1,15,2
8480382,2024-25,2024-11-21,2,1,29,1
8480382,2024-25,2024-11-23,2,1,31,4
8480382,2024-25,2024-11-25,2,0,17,3
8480382,2024-25,2024-11-27,2,1,19,1
8480382,2024-25,2024-11-29,2,1,23,4
8480382,2024-25,2024-11-30,2,1,31,3
8480382,2024-25,2024-12-03,2,1,8,4
8480382,2024-25,2024-12-07,2,1,30,1
8480382,2024-25,2024-12-12,2,1,20,3
8480382,2024-25,2024-12-17,2,1,33,4
8480382,2024-25,2024-12-19,2,1,31,4
8480382,2024-25,2024-12-27,2,1,35,5
8480382,2024-25,2024-12-31,2,1,34,4
8480382,2024-25,2025-01-07,2,1,41,3
8480382,2024-25,2025-01-10,2,1,26,2
8480382,2024-25,2025-01-14,2,1,28,3
8480382,2024-25,2025-01-16,2,1,33,3
8480382,2024-25,2025-01-18,2,1,31,4
8480382,2024-25,2025-01-21,2,1,40,6
8480382,2024-25,2025-01-25,2,1,15,4
8480382,2024-25,2025-01-30,2,0,22,2
8480382,2024-25,2025-02-04,2,1,20,4
8480382,2024-25,2025-02-23,2,1,36,3
8480382,2024-25,2025-02-27,2,1,33,4
8480382,2024-25,2025-03-03,2,1,27,2
8480382,2024-25,2025-03-04,2,1,22,2
8480382,2024-25,2025-03-06,2,1,32,7
8480382,2024-25,2025-03-08,2,1,28,4
8480382,2024-25,2025-03-11,2,1,19,3
8480382,2024-25,2025-03-13,2,1,26,2
8480382,2024-25,2025-03-15,2,1,17,3
8480382,2024-25,2025-03-22,2,1,23,1
8480382,2024-25,2025-03-27,2,1,35,5
8480382,2024-25,2025-03-29,2,1,33,6
8480382,2024-25,2025-04-01,2,1,37,3
8480382,2024-25,2025-04-05,2,1,11,4
8480382,2024-25,2025-04-09,2,1,44,8
8480382,2024-25,2025-04-14,2,1,37,2
8480382,2024-25,2025-04-16,2,1,27,2
8480420,2021-22,2022-01-01,2,1,7,3
8480420,2021-22,2022-02-02,2,0,5,0
8480420,2021-22,2022-03-24,2,1,46,3
8480420,2021-22,2022-03-31,2,1,44,4
8480420,2021-22,2022-04-10,2,0,10,1
8480420,2021-22,2022-04-12,2,1,35,4
8480420,2021-22,2022-04-21,2,1,35,4
8480420,2021-22,2022-04-29,2,1,36,3
8480420,2022-23,2022-12-05,2,0,17,2
8480420,2022-23,2022-12-23,2,1,33,2
8480420,2022-23,2022-12-29,2,1,38,3
8480420,2022-23,2023-01-05,2,1,32,2
8480420,2022-23,2023-01-08,2,1,13,4
8480420,2022-23,2023-01-12,2,1,35,5
8480420,2022-23,2023-01-15,2,1,32,3
8480420,2022-23,2023-01-18,2,0,14,0
8480420,2022-23,2023-01-20,2,1,29,4
8480420,2022-23,2023-01-24,2,1,14,2
8480420,2022-23,2023-01-27,2,1,26,2
8480420,2022-23,2023-02-06,2,1,34,5
8480420,2022-23,2023-02-09,2,1,29,5
8480420,2022-23,2023-02-13,2,1,23,6
8480420,2022-23,2023-02-21,2,1,26,4
8480420,2022-23,2023-03-19,2,1,18,1
8480420,2022-23,2023-03-26,2,1,31,2
8480420,2022-23,2023-04-04,2,1,27,4
8480420,2022-23,2023-04-10,2,1,27,2
8480420,2022-23,2023-04-13,2,1,28,4
8480843,2021-22,2022-01-09,2,1,36,3
8480843,2021-22,2022-01-14,2,0,13,1
8480843,2021-22,2022-01-15,2,1,35,2
8480843,2021-22,2022-03-26,2,1,24,4
8480843,2022-23,2022-12-12,2,1,38,3
8480843,2022-23,2022-12-13,2,0,15,5
8480843,2022-23,2022-12-15,2,1,25,2
8480843,2022-23,2022-12-17,2,1,49,3
8480843,2022-23,2022-12-20,2,1,41,4
8480843,2022-23,2022-12-21,2,1,41,3
8480843,2022-23,2022-12-23,2,1,45,3
8480843,2022-23,2023-02-15,2,1,44,7
8480843,2022-23,2023-02-21,2,1,44,6
8480843,2022-23,2023-02-27,2,1,26,2
8480843,2022-23,2023-03-08,2,1,34,3
8480843,2022-23,2023-03-17,2,1,42,4
8480843,2022-23,2023-03-23,2,1,33,3
8480843,2022-23,2023-03-30,2,1,38,3
8480843,2022-23,2023-04-01,2,0,9,1
8480843,2022-23,2023-04-02,2,1,41,5
8480843,2022-23,2023-04-05,2,1,32,2
8480843,2022-23,2023-04-09,2,1,46,5
8480843,2022-23,2023-04-11,2,1,36,3
8480843,2023-24,2023-10-15,2,1,35,3
8480843,2023-24,2023-10-21,2,1,27,2
8480843,2023-24,2023-10-24,2,1,37,2
8480843,2023-24,2023-10-28,2,1,30,4
8480843,2023-24,2023-10-30,2,0,35,2
8480843,2023-24,2023-11-01,2,1,35,3
8480843,2023-24,2023-11-10,2,1,35,5
8480843,2023-24,2023-11-15,2,1,38,8
8480843,2023-24,2023-11-26,2,1,16,6
8480843,2023-24,2023-12-07,2,1,25,1
8480843,2023-24,2023-12-15,2,1,39,5
8480843,2023-24,2023-12-17,2,0,10,0
8480843,2023-24,2023-12-18,2,1,32,3
8480843,2023-24,2023-12-21,2,1,43,2
8480843,2023-24,2023-12-23,2,1,22,3
8480843,2023-24,2024-01-03,2,1,57,2
8480843,2023-24,2024-01-07,2,1,28,3
8480843,2023-24,2024-01-09,2,1,42,3
8480843,2023-24,2024-01-11,2,0,9,1
8480843,2023-24,2024-01-13,2,1,41,5
8480843,2023-24,2024-01-21,2,1,32,4
8480843,2023-24,2024-01-27,2,1,37,2
8480843,2023-24,2024-02-09,2,0,10,2
8480843,2023-24,2024-02-13,2,1,38,5
8480843,2023-24,2024-02-15,2,0,19,1
8480843,2023-24,2024-02-17,2,1,18,4
8480843,2023-24,2024-02-25,2,1,28,3
8480843,2023-24,2024-03-01,2,1,55,3
8480843,2023-24,2024-03-03,2,1,31,2
8480843,2023-24,2024-03-06,2,1,30,1
8480843,2023-24,2024-03-10,2,1,19,6
8480843,2023-24,2024-03-12,2,0,5,1
8480843,2023-24,2024-03-14,2,1,31,2
8480843,2023-24,2024-03-17,2,1,27,4
8480843,2023-24,2024-03-21,2,1,29,0
8480843,2023-24,2024-03-24,2,1,27,3
8480843,2023-24,2024-03-28,2,1,28,4
8480843,2023-24,2024-03-31,2,1,30,3
8480843,2023-24,2024-04-02,2,1,24,3
8480843,2023-24,2024-04-05,2,1,27,3
8480843,2023-24,2024-04-07,2,1,31,5
8480843,2023-24,2024-04-09,2,1,37,1
8480843,2023-24,2024-04-13,2,1,28,3
8480843,2023-24,2024-04-18,2,1,33,1
8480843,2024-25,2024-10-12,2,1,30,0
8480843,2024-25,2024-10-16,2,1,30,4
8480843,2024-25,2024-10-18,2,1,49,4
8480843,2024-25,2024-10-20,2,1,34,2
8480843,2024-25,2024-10-22,2,1,28,1
8480843,2024-25,2024-10-26,2,1,32,2
8480843,2024-25,2024-10-29,2,1,41,1
8480843,2024-25,2024-10-31,2,1,45,2
8480843,2024-25,2024-11-03,2,1,29,4
8480843,2024-25,2024-11-05,2,1,37,5
8480843,2024-25,2024-11-08,2,1,31,5
8480843,2024-25,2024-11-13,2,1,39,3
8480843,2024-25,2024-11-18,2,1,36,2
8480843,2024-25,2024-11-25,2,1,28,3
8480843,2024-25,2024-12-01,2,1,31,3
8480843,2024-25,2024-12-09,2,1,21,2
8480843,2024-25,2024-12-12,2,1,33,3
8480843,2024-25,2024-12-18,2,1,23,2
8480843,2024-25,2024-12-22,2,1,25,4
8480843,2024-25,2024-12-23,2,0,22,3
8480843,2024-25,2024-12-28,2,1,24,2
8480843,2024-25,2024-12-29,2,1,23,3
8480843,2024-25,2024-12-31,2,1,34,2
8480843,2024-25,2025-01-03,2,1,26,3
8480843,2024-25,2025-01-09,2,1,22,6
8480843,2024-25,2025-01-12,2,1,37,2
8480843,2024-25,2025-01-16,2,1,35,3
8480843,2024-25,2025-01-21,2,1,29,5
8480843,2024-25,2025-01-25,2,0,33,1
8480843,2024-25,2025-01-28,2,1,30,4
8480843,2024-25,2025-02-02,2,1,23,2
8480843,2024-25,2025-02-08,2,1,45,1
8480843,2024-25,2025-02-22,2,0,10,1
8480843,2024-25,2025-02-23,2,1,36,5
8480843,2024-25,2025-02-25,2,1,37,3
8480843,2024-25,2025-02-27,2,1,24,2
8480843,2024-25,2025-03-04,2,1,35,2
8480843,2024-25,2025-03-05,2,0,15,1
8480843,2024-25,2025-03-07,2,1,21,3
8480843,2024-25,2025-03-09,2,1,32,1
8480843,2024-25,2025-03-11,2,1,42,6
8480843,2024-25,2025-03-14,2,1,29,1
8480843,2024-25,2025-03-16,2,1,14,5
8480843,2024-25,2025-03-18,2,1,31,4
8480843,2024-25,2025-03-23,2,1,36,4
8480843,2024-25,2025-03-28,2,1,30,4
8480843,2024-25,2025-03-30,2,1,23,3
8480843,2024-25,2025-04-01,2,1,31,3
8480843,2024-25,2025-04-03,2,0,8,1
8480843,2024-25,2025-04-05,2,1,26,6
8480843,2024-25,2025-04-07,2,1,47,2
8480843,2024-25,2025-04-10,2,1,29,6
8480843,2024-25,2025-04-13,2,1,24,3
8480843,2024-25,2025-04-15,2,1,40,3
8480843,2025-26,2025-10-09,2,1,31,3
8480843,2025-26,2025-10-14,2,1,25,3
8480843,2025-26,2025-10-16,2,1,32,4
8480843,2025-26,2025-10-19,2,1,30,2
8480843,2025-26,2025-10-21,2,1,28,2
8480843,2025-26,2025-10-25,2,1,33,4
8480843,2025-26,2025-10-28,2,1,33,2
8480843,2025-26,2025-10-31,2,1,30,2
8480843,2025-26,2025-11-02,2,1,33,1
8480843,2025-26,2025-11-04,2,1,21,3
8480843,2025-26,2025-11-06,2,1,26,5
8480843,2025-26,2025-11-09,2,1,24,1
8480843,2025-26,2025-11-11,2,1,35,3
8480843,2025-26,2025-11-13,2,1,32,5
8480843,2025-26,2025-11-17,2,1,18,2
8480843,2025-26,2025-11-19,2,1,39,3
8480843,2025-26,2025-11-22,2,1,32,3
8480843,2025-26,2025-12-13,2,1,21,3
8480843,2025-26,2025-12-15,2,1,27,1
8480843,2025-26,2025-12-19,2,1,7,4
8480843,2025-26,2025-12-20,2,1,26,3
8480843,2025-26,2025-12-22,2,1,20,2
8480843,2025-26,2025-12-27,2,1,30,6
8480843,2025-26,2025-12-29,2,1,9,4
8480843,2025-26,2025-12-31,2,1,29,4
8480843,2025-26,2026-01-02,2,1,34,5
8480843,2025-26,2026-01-05,2,0,3,0
8480843,2025-26,2026-01-06,2,1,38,4
8480843,2025-26,2026-01-10,2,1,31,4
8480843,2025-26,2026-01-13,2,1,25,1
8480843,2025-26,2026-01-16,2,1,28,2
8480843,2025-26,2026-01-19,2,1,22,3
8480843,2025-26,2026-01-21,2,1,41,1
8480843,2025-26,2026-01-23,2,1,22,2
8480843,2025-26,2026-01-25,2,1,35,3
8480843,2025-26,2026-01-29,2,1,25,1
8480843,2025-26,2026-02-01,2,1,31,3
8480843,2025-26,2026-02-03,2,1,28,2
8480843,2025-26,2026-02-25,2,1,27,5
8480843,2025-26,2026-02-27,2,1,33,4
8480843,2025-26,2026-03-01,2,1,34,2
8480843,2025-26,2026-03-03,2,1,26,5
8480843,2025-26,2026-03-06,2,1,28,5
8480843,2025-26,2026-03-10,2,1,13,1
8480843,2025-26,2026-03-12,2,1,27,5
8480843,2025-26,2026-03-15,2,1,30,3
8480843,2025-26,2026-03-18,2,1,28,3
8480843,2025-26,2026-03-20,2,1,30,1
8480843,2025-26,2026-03-24,2,1,30,3
8480843,2025-26,2026-03-28,2,1,33,3
8480843,2025-26,2026-04-01,2,1,21,4
8480843,2025-26,2026-04-03,2,1,29,6
8480843,2025-26,2026-04-07,2,1,25,5
8480843,2025-26,2026-04-09,2,1,19,1
8480843,2025-26,2026-04-12,2,1,26,4
8480843,2025-26,2026-04-14,2,1,20,3
8480843,2025-26,2026-04-20,3,1,34,4
8480843,2025-26,2026-04-22,3,1,37,4
8480843,2025-26,2026-04-24,3,1,25,4
8480843,2025-26,2026-04-26,3,1,27,3
8480843,2025-26,2026-04-28,3,1,9,3
8480843,2025-26,2026-04-30,3,1,27,2
8480843,2025-26,2026-05-04,3,1,21,2
8480843,2025-26,2026-05-06,3,1,22,1
8480843,2025-26,2026-05-08,3,1,8,3
8480843,2025-26,2026-05-10,3,1,21,3
8480843,2025-26,2026-05-12,3,1,32,3
8480843,2025-26,2026-05-14,3,1,21,5
8480925,2021-22,2021-12-16,2,1,34,4
8480925,2021-22,2022-01-08,2,0,19,1
8480925,2021-22,2022-01-10,2,1,26,3
8480925,2021-22,2022-01-14,2,1,26,3
8480925,2021-22,2022-01-17,2,0,27,2
8480925,2021-22,2022-01-19,2,1,34,0
8480925,2021-22,2022-01-24,2,1,24,0
8480925,2021-22,2022-01-28,2,1,43,4
8480925,2021-22,2022-02-15,2,1,19,3
8480925,2021-22,2022-02-23,2,1,34,2
8480925,2021-22,2022-02-25,2,1,29,3
8480925,2021-22,2022-03-03,2,1,29,2
8480925,2021-22,2022-03-05,2,0,22,1
8480925,2021-22,2022-03-07,2,1,36,4
8480925,2021-22,2022-03-18,2,1,28,3
8480925,2021-22,2022-03-25,2,1,31,3
8480925,2021-22,2022-03-31,2,1,27,2
8480925,2021-22,2022-04-08,2,1,43,4
8480925,2021-22,2022-04-14,2,1,27,1
8480925,2021-22,2022-04-20,2,1,29,3
8480925,2021-22,2022-04-29,2,1,21,3
8480925,2021-22,2022-05-07,3,0,20,2
8480925,2021-22,2022-05-09,3,1,31,3
8480925,2021-22,2022-05-31,3,0,21,3
8480925,2021-22,2022-06-02,3,1,24,0
8480925,2021-22,2022-06-04,3,1,29,2
8480925,2021-22,2022-06-06,3,1,35,5
8480925,2021-22,2022-06-20,3,0,11,1
8480925,2022-23,2022-10-13,2,1,27,5
8480925,2022-23,2022-10-21,2,1,38,3
8480925,2022-23,2022-10-28,2,1,23,1
8480925,2022-23,2022-11-12,2,1,25,1
8480925,2022-23,2022-11-17,2,1,48,2
8480925,2022-23,2022-11-23,2,1,25,4
8480925,2022-23,2022-12-03,2,1,40,5
8480925,2022-23,2022-12-11,2,1,32,2
8480925,2022-23,2022-12-13,2,1,28,2
8480925,2022-23,2023-01-12,2,1,30,3
8480925,2022-23,2023-01-14,2,1,29,0
8480925,2022-23,2023-01-16,2,1,29,3
8480925,2022-23,2023-01-21,2,1,27,1
8480925,2022-23,2023-01-26,2,1,31,4
8480925,2022-23,2023-02-07,2,1,38,2
8480925,2022-23,2023-04-09,2,1,23,4
8480947,2020-21,2021-01-19,2,1,30,5
8480947,2020-21,2021-01-22,2,1,31,1
8480947,2020-21,2021-01-24,2,1,27,2
8480947,2020-21,2021-01-27,2,1,42,1
8480947,2020-21,2021-01-29,2,1,27,2
8480947,2020-21,2021-01-31,2,1,33,1
8480947,2020-21,2021-02-02,2,1,41,3
8480947,2020-21,2021-02-04,2,1,34,4
8480947,2020-21,2021-02-09,2,1,35,1
8480947,2020-21,2021-02-11,2,1,43,6
8480947,2020-21,2021-02-13,2,1,31,2
8480947,2020-21,2021-02-17,2,1,29,0
8480947,2020-21,2021-02-19,2,1,37,4
8480947,2020-21,2021-02-23,2,1,30,5
8480947,2020-21,2021-02-28,2,1,46,2
8480947,2020-21,2021-03-04,2,1,34,3
8480947,2020-21,2021-03-07,2,1,39,6
8480947,2020-21,2021-03-11,2,1,30,2
8480947,2020-21,2021-03-13,2,1,35,4
8480947,2020-21,2021-03-15,2,1,34,4
8480947,2020-21,2021-03-18,2,1,22,3
8480947,2020-21,2021-03-23,2,1,35,2
8480947,2020-21,2021-03-25,2,1,41,0
8480947,2020-21,2021-03-27,2,1,34,3
8480947,2020-21,2021-03-30,2,1,32,1
8480947,2020-21,2021-04-01,2,1,31,4
8480947,2020-21,2021-04-03,2,1,21,3
8480947,2020-21,2021-04-06,2,1,27,2
8480947,2020-21,2021-04-08,2,1,34,5
8480947,2020-21,2021-04-10,2,1,26,3
8480947,2020-21,2021-04-12,2,1,33,3
8480947,2020-21,2021-04-15,2,1,27,3
8480947,2020-21,2021-04-19,2,1,22,5
8480947,2020-21,2021-04-27,2,1,11,3
8480947,2020-21,2021-04-29,2,1,39,4
8480947,2020-21,2021-05-01,2,1,42,5
8480947,2020-21,2021-05-09,2,1,39,2
8480947,2021-22,2021-10-15,2,1,29,4
8480947,2021-22,2021-10-16,2,0,16,1
8480947,2021-22,2021-10-21,2,1,24,3
8480947,2021-22,2021-10-27,2,1,40,3
8480947,2021-22,2021-10-29,2,1,35,6
8480947,2021-22,2021-11-07,2,1,21,1
8480947,2021-22,2021-11-20,2,1,33,5
8480947,2021-22,2021-11-26,2,1,25,2
8480947,2021-22,2021-12-04,2,1,31,3
8480947,2021-22,2021-12-11,2,1,26,5
8480947,2021-22,2021-12-18,2,1,39,4
8480947,2021-22,2022-01-21,2,0,17,1
8480947,2021-22,2022-01-22,2,1,44,4
8480947,2021-22,2022-02-25,2,1,36,5
8480947,2021-22,2022-03-05,2,1,27,4
8480947,2021-22,2022-03-10,2,1,36,4
8480947,2021-22,2022-03-19,2,1,33,2
8480947,2021-22,2022-03-23,2,1,29,2
8480947,2021-22,2022-03-26,2,1,34,5
8480947,2021-22,2022-03-28,2,1,37,6
8480947,2021-22,2022-04-01,2,1,42,4
8480947,2021-22,2022-04-03,2,1,35,3
8480947,2021-22,2022-04-07,2,1,31,2
8480947,2021-22,2022-04-10,2,1,20,5
8480947,2021-22,2022-04-14,2,1,37,4
8480947,2021-22,2022-04-16,2,1,34,4
8480947,2021-22,2022-04-18,2,1,33,3
8480947,2021-22,2022-04-20,2,1,35,3
8480947,2021-22,2022-04-21,2,0,1,0
8480947,2021-22,2022-04-23,2,1,19,4
8480947,2021-22,2022-04-25,2,1,34,1
8480947,2021-22,2022-04-27,2,1,40,3
8480947,2022-23,2022-10-08,2,1,33,2
8480947,2022-23,2022-10-20,2,1,41,4
8480947,2022-23,2022-11-03,2,1,30,1
8480947,2022-23,2022-11-08,2,0,13,0
8480947,2022-23,2022-11-10,2,1,35,5
8480947,2022-23,2022-11-23,2,1,28,2
8480947,2022-23,2022-12-02,2,1,49,1
8480947,2022-23,2022-12-13,2,1,36,5
8480947,2022-23,2022-12-31,2,1,32,5
8480947,2022-23,2023-01-06,2,1,32,2
8480947,2022-23,2023-01-17,2,1,40,1
8480947,2022-23,2023-02-13,2,1,18,3
8480947,2022-23,2023-02-18,2,1,33,3
8480947,2022-23,2023-03-02,2,1,31,1
8480947,2022-23,2023-03-11,2,1,27,1
8480947,2022-23,2023-03-19,2,1,5,4
8480947,2022-23,2023-03-26,2,1,34,3
8480947,2022-23,2023-04-04,2,1,32,2
8480947,2022-23,2023-04-14,2,1,34,4
8480947,2023-24,2023-10-17,2,0,19,2
8480947,2023-24,2023-10-31,2,1,26,4
8480947,2023-24,2023-11-04,2,1,35,2
8480947,2023-24,2023-11-18,2,1,31,2
8480947,2023-24,2023-11-24,2,1,39,3
8480947,2023-24,2023-11-30,2,0,16,2
8480947,2023-24,2023-12-02,2,1,25,4
8480947,2023-24,2023-12-09,2,1,36,3
8480947,2023-24,2023-12-15,2,1,31,5
8480947,2023-24,2023-12-19,2,0,11,0
8480947,2023-24,2024-01-04,2,0,14,1
8480947,2023-24,2024-01-06,2,1,29,3
8480947,2023-24,2024-01-12,2,1,22,3
8480947,2023-24,2024-01-27,2,1,20,3
8480947,2023-24,2024-02-15,2,0,23,5
8480947,2023-24,2024-02-20,2,1,26,3
8480947,2023-24,2024-02-25,2,1,31,2
8480947,2023-24,2024-03-09,2,1,34,1
8480947,2023-24,2024-03-21,2,1,33,0
8480947,2023-24,2024-03-28,2,0,11,0
8480947,2023-24,2024-03-30,2,1,41,6
8480947,2023-24,2024-04-06,2,1,29,1
8480947,2023-24,2024-04-12,2,1,26,1
8480947,2023-24,2024-04-13,2,0,2,0
8480947,2024-25,2024-10-11,2,1,31,2
8480947,2024-25,2024-10-17,2,1,28,2
8480947,2024-25,2024-10-19,2,1,26,0
8480947,2024-25,2024-10-22,2,1,34,3
8480947,2024-25,2024-10-26,2,1,24,3
8480947,2024-25,2024-10-28,2,1,32,4
8480947,2024-25,2024-11-02,2,1,23,2
8480947,2024-25,2024-11-05,2,1,22,1
8480947,2024-25,2024-11-07,2,1,28,2
8480947,2024-25,2024-11-09,2,1,27,7
8480947,2024-25,2024-11-12,2,1,29,1
8480947,2024-25,2024-11-14,2,1,31,4
8480947,2024-25,2024-11-17,2,1,21,4
8480947,2024-25,2024-11-23,2,1,29,3
8480947,2024-25,2024-11-26,2,1,33,0
8480947,2024-25,2024-11-29,2,1,34,3
8480947,2024-25,2024-12-01,2,1,31,4
8480947,2024-25,2024-12-03,2,1,29,3
8480947,2024-25,2024-12-06,2,1,32,2
8480947,2024-25,2024-12-08,2,1,32,3
8480947,2024-25,2024-12-12,2,1,27,0
8480947,2024-25,2024-12-19,2,1,20,2
8480947,2024-25,2024-12-21,2,1,22,5
8480947,2024-25,2024-12-31,2,1,28,2
8480947,2024-25,2025-01-02,2,0,15,2
8480947,2024-25,2025-01-03,2,1,17,1
8480947,2024-25,2025-01-06,2,1,24,5
8480947,2024-25,2025-01-08,2,1,18,2
8480947,2024-25,2025-01-11,2,1,20,0
8480947,2024-25,2025-01-14,2,1,33,6
8480947,2024-25,2025-01-25,2,1,33,1
8480947,2024-25,2025-01-27,2,1,26,2
8480947,2024-25,2025-02-02,2,1,18,3
8480947,2024-25,2025-02-08,2,0,22,1
8480947,2024-25,2025-02-22,2,1,34,2
8480947,2024-25,2025-02-26,2,1,26,2
8480947,2024-25,2025-03-01,2,1,23,5
8480947,2024-25,2025-03-05,2,1,16,2
8480947,2024-25,2025-03-07,2,1,38,1
8480947,2024-25,2025-03-09,2,1,18,3
8480947,2024-25,2025-03-11,2,1,26,3
8480947,2024-25,2025-03-12,2,1,23,3
8480947,2024-25,2025-03-16,2,1,22,2
8480947,2024-25,2025-03-18,2,1,22,2
8480947,2024-25,2025-03-20,2,1,29,4
8480947,2024-25,2025-03-22,2,1,11,4
8480947,2024-25,2025-03-28,2,1,38,6
8480947,2024-25,2025-04-06,2,1,35,3
8480947,2024-25,2025-04-10,2,1,32,1
8480947,2024-25,2025-04-12,2,1,33,3
8480947,2024-25,2025-04-16,2,1,20,1
8480947,2025-26,2025-10-13,2,1,35,4
8480947,2025-26,2025-10-17,2,1,33,2
8480947,2025-26,2025-10-21,2,1,26,5
8480947,2025-26,2025-10-25,2,1,24,4
8480947,2025-26,2025-10-30,2,1,39,3
8480947,2025-26,2025-11-05,2,1,27,4
8480947,2025-26,2025-11-08,2,1,32,3
8480947,2025-26,2025-11-09,2,1,32,5
8480947,2025-26,2025-11-11,2,0,21,1
8480947,2025-26,2025-11-14,2,1,38,4
8480947,2025-26,2025-11-16,2,1,30,2
8480947,2025-26,2025-11-20,2,1,24,4
8480947,2025-26,2025-11-23,2,1,21,5
8480947,2025-26,2025-11-29,2,1,23,2
8480947,2025-26,2025-12-02,2,1,31,3
8480947,2025-26,2025-12-05,2,1,17,3
8480947,2025-26,2025-12-08,2,1,14,3
8480947,2025-26,2025-12-20,2,1,43,4
8480947,2025-26,2025-12-29,2,1,39,2
8480947,2025-26,2026-01-03,2,1,22,3
8480947,2025-26,2026-01-08,2,1,24,4
8480947,2025-26,2026-01-10,2,0,18,2
8480947,2025-26,2026-01-13,2,1,40,2
8480947,2025-26,2026-01-15,2,1,36,4
8480947,2025-26,2026-01-19,2,1,33,4
8480947,2025-26,2026-01-21,2,1,32,3
8480947,2025-26,2026-01-23,2,1,24,5
8480947,2025-26,2026-01-25,2,1,25,3
8480947,2025-26,2026-01-27,2,1,6,3
8480947,2025-26,2026-01-29,2,0,1,0
8480947,2025-26,2026-02-02,2,1,19,6
8480947,2025-26,2026-02-04,2,1,31,5
8480947,2025-26,2026-02-28,2,1,24,4
8480947,2025-26,2026-03-04,2,1,22,4
8480947,2025-26,2026-03-07,2,1,36,3
8480947,2025-26,2026-03-09,2,1,23,1
8480947,2025-26,2026-03-17,2,1,23,2
8480947,2025-26,2026-03-19,2,1,31,6
8480947,2025-26,2026-03-21,2,1,20,2
8480947,2025-26,2026-03-24,2,1,33,4
8480947,2025-26,2026-03-26,2,1,37,3
8480947,2025-26,2026-03-28,2,0,12,3
8480947,2025-26,2026-03-30,2,1,33,3
8480947,2025-26,2026-04-01,2,1,30,6
8480947,2025-26,2026-04-11,2,1,32,3
8480947,2025-26,2026-04-14,2,1,34,3
8480947,2025-26,2026-04-16,2,1,35,6
8480981,2022-23,2023-03-17,2,1,34,2
8480981,2022-23,2023-03-19,2,1,33,0
8480981,2022-23,2023-03-21,2,1,30,2
8480981,2022-23,2023-03-23,2,1,28,3
8480981,2022-23,2023-03-26,2,1,17,5
8480981,2022-23,2023-04-12,2,1,37,5
8480981,2023-24,2023-10-19,2,1,42,6
8480981,2023-24,2023-10-26,2,1,27,0
8480981,2023-24,2023-11-04,2,1,33,3
8480981,2023-24,2023-11-09,2,1,20,1
8480981,2023-24,2023-11-16,2,1,21,4
8480981,2023-24,2023-11-19,2,1,31,1
8480981,2023-24,2023-11-22,2,0,12,0
8480981,2023-24,2023-11-24,2,1,15,4
8480981,2023-24,2023-12-02,2,1,21,3
8480981,2023-24,2023-12-08,2,1,21,4
8480981,2023-24,2023-12-19,2,0,10,1
8480981,2023-24,2023-12-21,2,1,38,1
8480981,2023-24,2023-12-27,2,1,40,1
8480981,2023-24,2023-12-30,2,1,29,3
8480981,2023-24,2024-01-09,2,1,30,4
8480981,2023-24,2024-01-15,2,1,41,3
8480981,2023-24,2024-01-24,2,1,32,3
8480981,2023-24,2024-01-28,2,1,33,3
8480981,2023-24,2024-02-10,2,1,34,1
8480981,2023-24,2024-02-19,2,1,28,3
8480981,2023-24,2024-02-24,2,0,20,2
8480981,2023-24,2024-02-27,2,1,32,4
8480981,2023-24,2024-03-05,2,1,32,3
8480981,2023-24,2024-03-11,2,1,37,1
8480981,2023-24,2024-03-17,2,1,28,2
8480981,2023-24,2024-03-21,2,1,39,2
8480981,2023-24,2024-03-30,2,1,19,3
8480981,2023-24,2024-04-06,2,1,25,3
8480981,2023-24,2024-04-10,2,1,20,2
8480981,2023-24,2024-04-14,2,1,20,1
8480981,2024-25,2024-10-10,2,1,29,4
8480981,2024-25,2024-10-17,2,1,34,0
8480981,2024-25,2024-10-19,2,1,40,3
8480981,2024-25,2024-10-29,2,1,21,5
8480981,2024-25,2024-11-07,2,1,30,3
8480981,2024-25,2024-11-17,2,1,24,4
8480981,2024-25,2024-11-25,2,1,29,2
8480981,2024-25,2024-12-03,2,1,23,1
8480981,2024-25,2024-12-10,2,1,25,3
8480981,2024-25,2024-12-15,2,1,28,2
8480981,2024-25,2024-12-19,2,0,7,0
8480981,2024-25,2024-12-20,2,1,27,2
8480981,2024-25,2024-12-27,2,1,30,4
8480981,2024-25,2025-01-04,2,1,38,5
8480981,2024-25,2025-01-09,2,1,23,2
8480981,2024-25,2025-01-16,2,1,29,1
8480981,2024-25,2025-01-23,2,1,30,3
8480981,2024-25,2025-01-27,2,0,11,1
8480981,2024-25,2025-01-31,2,1,36,5
8480981,2024-25,2025-02-06,2,1,34,3
8480981,2024-25,2025-02-22,2,1,28,3
8480981,2024-25,2025-02-27,2,1,18,2
8480981,2024-25,2025-03-02,2,1,9,3
8480981,2024-25,2025-03-08,2,1,23,2
8480981,2024-25,2025-03-13,2,0,2,0
8480981,2024-25,2025-03-15,2,1,18,1
8480981,2024-25,2025-03-18,2,1,23,1
8480981,2024-25,2025-03-22,2,1,27,1
8480981,2024-25,2025-03-27,2,1,18,2
8480981,2024-25,2025-04-03,2,1,28,4
8480981,2024-25,2025-04-07,2,1,25,2
8480981,2025-26,2025-10-11,2,1,29,2
8480981,2025-26,2025-10-15,2,1,22,7
8480981,2025-26,2025-10-23,2,1,6,3
8480981,2025-26,2025-10-27,2,1,25,5
8480981,2025-26,2025-11-01,2,1,35,3
8480981,2025-26,2025-11-05,2,0,17,2
8480981,2025-26,2025-11-06,2,1,28,0
8480981,2025-26,2025-11-08,2,1,30,4
8480981,2025-26,2025-11-15,2,1,34,4
8480981,2025-26,2025-11-20,2,1,28,3
8480981,2025-26,2025-11-24,2,1,21,3
8480981,2025-26,2025-11-29,2,1,18,0
8480981,2025-26,2025-12-01,2,0,20,1
8480981,2025-26,2025-12-06,2,1,42,1
8480981,2025-26,2025-12-09,2,1,30,4
8480981,2025-26,2025-12-11,2,0,7,1
8480981,2025-26,2025-12-12,2,1,29,2
8480981,2025-26,2025-12-15,2,1,25,4
8480981,2025-26,2025-12-17,2,1,24,0
8480981,2025-26,2025-12-20,2,1,29,2
8480981,2025-26,2025-12-27,2,1,32,2
8480981,2025-26,2025-12-29,2,1,33,3
8480981,2025-26,2026-01-02,2,1,25,3
8480981,2025-26,2026-01-09,2,1,23,4
8480981,2025-26,2026-01-13,2,1,33,0
8480981,2025-26,2026-01-16,2,1,36,2
8480981,2025-26,2026-01-20,2,1,15,2
8480981,2025-26,2026-01-24,2,1,28,4
8480981,2025-26,2026-01-29,2,1,20,4
8480981,2025-26,2026-02-02,2,1,28,6
8480981,2025-26,2026-02-26,2,1,24,1
8480981,2025-26,2026-03-01,2,1,23,1
8480981,2025-26,2026-03-04,2,1,36,2
8480981,2025-26,2026-03-08,2,1,22,0
8480981,2025-26,2026-03-10,2,1,49,4
8480981,2025-26,2026-03-13,2,1,38,2
8480981,2025-26,2026-03-18,2,1,31,1
8480981,2025-26,2026-03-24,2,1,21,0
8480981,2025-26,2026-03-26,2,1,25,1
8480981,2025-26,2026-03-30,2,1,29,5
8480981,2025-26,2026-04-03,2,1,27,2
8480981,2025-26,2026-04-05,2,1,28,2
8480981,2025-26,2026-04-07,2,1,37,3
8480981,2025-26,2026-04-11,2,1,34,3
8480981,2025-26,2026-04-13,2,1,31,3
8480981,2025-26,2026-04-16,2,1,23,3
8480992,2023-24,2023-11-04,2,0,17,4
8480992,2023-24,2023-12-28,2,1,12,4
8480992,2023-24,2024-03-02,2,1,38,2
8480992,2023-24,2024-03-07,2,1,33,7
8480992,2023-24,2024-03-09,2,1,32,1
8480992,2023-24,2024-03-12,2,1,41,3
8480992,2023-24,2024-03-14,2,1,30,5
8480992,2023-24,2024-03-16,2,1,19,3
8480992,2023-24,2024-03-19,2,1,40,8
8481020,2023-24,2024-01-16,2,1,40,4
8481020,2023-24,2024-02-06,2,1,30,4
8481020,2023-24,2024-02-15,2,1,37,4
8481020,2023-24,2024-02-22,2,1,30,2
8481020,2023-24,2024-02-29,2,1,24,0
8481020,2023-24,2024-03-04,2,1,37,0
8481020,2023-24,2024-03-12,2,1,27,2
8481020,2023-24,2024-03-19,2,1,33,3
8481020,2023-24,2024-03-26,2,1,27,2
8481020,2023-24,2024-03-30,2,0,22,0
8481020,2023-24,2024-04-01,2,1,24,3
8481020,2023-24,2024-04-04,2,1,46,2
8481020,2023-24,2024-04-13,2,0,11,3
8481020,2023-24,2024-04-18,2,1,26,1
8481020,2024-25,2024-10-09,2,0,4,2
8481020,2024-25,2024-10-12,2,0,13,2
8481020,2024-25,2024-10-20,2,1,26,1
8481020,2024-25,2024-10-22,2,1,27,2
8481020,2024-25,2024-10-24,2,1,26,1
8481020,2024-25,2024-10-27,2,1,30,4
8481020,2024-25,2024-11-02,2,1,24,3
8481020,2024-25,2024-11-05,2,1,20,3
8481020,2024-25,2024-11-15,2,1,6,3
8481020,2024-25,2024-11-18,2,1,26,2
8481020,2024-25,2024-11-25,2,1,16,5
8481020,2024-25,2024-12-05,2,1,29,2
8481020,2024-25,2024-12-12,2,1,36,1
8481020,2024-25,2024-12-21,2,1,24,2
8481020,2024-25,2024-12-27,2,0,13,1
8481020,2024-25,2024-12-31,2,1,38,5
8481020,2024-25,2025-01-04,2,1,32,1
8481020,2024-25,2025-01-14,2,1,22,3
8481020,2024-25,2025-01-21,2,0,16,1
8481020,2024-25,2025-01-23,2,1,35,5
8481020,2024-25,2025-01-31,2,1,27,4
8481020,2024-25,2025-02-08,2,1,29,4
8481020,2024-25,2025-02-23,2,1,36,5
8481020,2024-25,2025-03-02,2,1,34,4
8481020,2024-25,2025-03-08,2,1,19,2
8481020,2024-25,2025-03-15,2,1,21,1
8481020,2024-25,2025-03-20,2,1,34,3
8481020,2024-25,2025-03-23,2,1,17,3
8481020,2024-25,2025-03-29,2,1,28,2
8481020,2024-25,2025-03-31,2,1,18,2
8481020,2024-25,2025-04-01,2,0,11,1
8481020,2024-25,2025-04-03,2,1,27,5
8481020,2024-25,2025-04-08,2,1,22,6
8481020,2024-25,2025-04-12,2,1,28,4
8481020,2025-26,2025-10-14,2,1,26,5
8481020,2025-26,2025-10-26,2,1,28,3
8481020,2025-26,2025-11-04,2,1,24,3
8481020,2025-26,2025-11-08,2,1,22,5
8481020,2025-26,2025-11-10,2,0,6,1
8481020,2025-26,2025-11-24,2,0,10,3
8481020,2025-26,2025-11-26,2,1,31,3
8481020,2025-26,2025-11-29,2,1,26,4
8481020,2025-26,2025-12-06,2,0,2,0
8481020,2025-26,2025-12-13,2,1,40,3
8481020,2025-26,2025-12-21,2,1,17,1
8481020,2025-26,2025-12-31,2,1,31,2
8481020,2025-26,2026-01-11,2,1,32,2
8481020,2025-26,2026-01-17,2,1,36,7
8481020,2025-26,2026-01-20,2,0,13,0
8481020,2025-26,2026-01-29,2,1,35,3
8481020,2025-26,2026-02-02,2,0,13,0
8481020,2025-26,2026-02-05,2,1,30,4
8481020,2025-26,2026-02-26,2,1,23,2
8481020,2025-26,2026-03-03,2,1,27,3
8481020,2025-26,2026-03-15,2,1,29,2
8481020,2025-26,2026-03-19,2,1,26,1
8481020,2025-26,2026-03-21,2,1,40,1
8481020,2025-26,2026-03-26,2,1,29,3
8481020,2025-26,2026-03-29,2,1,28,3
8481020,2025-26,2026-04-07,2,1,43,0
8481020,2025-26,2026-04-11,2,1,22,1
8481020,2025-26,2026-04-13,2,1,22,2
8481031,2020-21,2021-03-31,2,0,28,5
8481031,2020-21,2021-04-09,2,0,4,1
8481031,2020-21,2021-04-12,2,1,19,3
8481031,2021-22,2021-10-28,2,1,28,5
8481031,2021-22,2022-01-14,2,1,47,3
8481031,2021-22,2022-04-04,2,1,29,5
8481033,2021-22,2021-12-11,2,1,29,4
8481033,2021-22,2021-12-14,2,0,8,1
8481033,2021-22,2021-12-18,2,1,30,5
8481033,2021-22,2022-01-25,2,1,7,3
8481033,2021-22,2022-01-31,2,1,32,5
8481033,2021-22,2022-02-01,2,0,8,1
8481033,2022-23,2022-11-10,2,0,7,0
8481033,2022-23,2022-11-12,2,1,18,2
8481033,2022-23,2022-11-19,2,1,26,1
8481033,2022-23,2022-11-25,2,1,34,1
8481033,2022-23,2022-12-03,2,1,33,2
8481033,2022-23,2022-12-09,2,0,15,2
8481033,2022-23,2022-12-13,2,1,30,2
8481033,2022-23,2022-12-17,2,1,28,3
8481033,2022-23,2023-01-05,2,1,18,4
8481033,2022-23,2023-02-25,2,1,23,0
8481033,2022-23,2023-03-01,2,0,12,0
8481033,2022-23,2023-03-03,2,1,27,3
8481033,2022-23,2023-03-09,2,1,22,2
8481033,2022-23,2023-03-11,2,1,24,1
8481033,2022-23,2023-03-16,2,1,24,3
8481033,2022-23,2023-03-18,2,1,40,3
8481033,2022-23,2023-03-24,2,1,7,3
8481033,2022-23,2023-04-13,2,0,20,0
8481033,2022-23,2023-04-22,3,1,36,1
8481033,2022-23,2023-04-24,3,1,23,1
8481033,2022-23,2023-04-27,3,1,23,0
8481033,2022-23,2023-04-29,3,1,29,5
8481033,2022-23,2023-05-01,3,1,31,0
8481033,2022-23,2023-05-03,3,1,11,3
8481033,2022-23,2023-05-05,3,1,25,4
8481033,2022-23,2023-05-09,3,0,12,1
8481033,2022-23,2023-05-11,3,1,39,3
8481033,2023-24,2023-10-13,2,1,33,3
8481033,2023-24,2023-10-20,2,1,32,4
8481033,2023-24,2023-10-25,2,1,8,3
8481033,2023-24,2023-11-03,2,1,33,2
8481033,2023-24,2023-11-10,2,0,21,1
8481033,2023-24,2023-11-14,2,1,30,5
8481033,2023-24,2023-11-24,2,1,28,2
8481033,2023-24,2023-11-28,2,0,8,0
8481033,2023-24,2023-11-30,2,1,47,3
8481033,2023-24,2023-12-01,2,1,17,5
8481033,2023-24,2023-12-07,2,1,38,1
8481033,2023-24,2023-12-10,2,1,29,3
8481033,2023-24,2023-12-16,2,1,26,3
8481033,2023-24,2023-12-17,2,1,27,4
8481033,2023-24,2023-12-21,2,1,6,2
8481033,2023-24,2024-02-25,2,1,26,3
8481033,2023-24,2024-03-01,2,0,9,0
8481033,2023-24,2024-03-03,2,0,9,0
8481033,2023-24,2024-03-05,2,1,30,4
8481033,2024-25,2024-11-11,2,0,12,0
8481033,2024-25,2025-04-03,2,0,2,0
8481033,2024-25,2025-04-05,2,1,23,2
8481033,2024-25,2025-04-08,2,1,36,2
8481033,2024-25,2025-04-16,2,1,17,1
8481033,2024-25,2025-04-24,3,0,9,0
8481035,2022-23,2022-12-23,2,1,30,5
8481035,2022-23,2022-12-29,2,1,28,3
8481035,2022-23,2022-12-31,2,1,29,2
8481035,2022-23,2023-01-02,2,1,29,1
8481035,2022-23,2023-01-09,2,1,28,0
8481035,2022-23,2023-01-16,2,0,13,2
8481035,2022-23,2023-01-17,2,1,27,2
8481035,2022-23,2023-02-16,2,0,11,2
8481035,2022-23,2023-02-20,2,1,35,3
8481035,2022-23,2023-02-25,2,1,36,7
8481035,2022-23,2023-04-02,2,1,30,3
8481035,2022-23,2023-04-04,2,1,31,3
8481035,2023-24,2023-10-21,2,1,25,5
8481035,2023-24,2023-10-28,2,1,25,7
8481035,2023-24,2023-11-01,2,0,9,2
8481035,2023-24,2023-11-03,2,1,22,1
8481035,2023-24,2023-11-07,2,1,19,2
8481035,2023-24,2023-11-10,2,1,38,3
8481035,2023-24,2023-11-19,2,1,22,2
8481035,2023-24,2023-11-25,2,1,25,0
8481035,2023-24,2023-12-02,2,1,32,3
8481035,2023-24,2023-12-12,2,1,22,3
8481035,2023-24,2023-12-14,2,1,30,3
8481035,2023-24,2023-12-16,2,1,32,0
8481035,2023-24,2023-12-19,2,1,26,2
8481035,2023-24,2023-12-21,2,1,30,3
8481035,2023-24,2023-12-28,2,1,19,1
8481035,2023-24,2023-12-31,2,1,32,3
8481035,2023-24,2024-01-04,2,1,28,2
8481035,2023-24,2024-01-10,2,1,19,2
8481035,2023-24,2024-01-13,2,1,35,0
8481035,2023-24,2024-01-18,2,1,15,1
8481035,2023-24,2024-01-20,2,0,9,1
8481035,2023-24,2024-01-21,2,1,33,4
8481035,2023-24,2024-01-23,2,1,19,4
8481035,2023-24,2024-01-25,2,1,17,3
8481035,2023-24,2024-01-27,2,1,14,4
8481035,2023-24,2024-02-06,2,1,21,1
8481035,2023-24,2024-02-08,2,1,29,1
8481035,2023-24,2024-02-12,2,1,23,3
8481035,2023-24,2024-02-15,2,1,28,4
8481035,2023-24,2024-02-17,2,1,39,5
8481035,2023-24,2024-02-21,2,1,22,1
8481035,2023-24,2024-02-24,2,1,24,2
8481035,2023-24,2024-02-27,2,1,22,2
8481035,2023-24,2024-03-01,2,1,21,5
8481035,2023-24,2024-03-04,2,1,25,1
8481035,2023-24,2024-03-07,2,1,30,1
8481035,2023-24,2024-03-09,2,1,15,4
8481035,2023-24,2024-03-12,2,1,29,2
8481035,2023-24,2024-03-14,2,1,12,3
8481035,2023-24,2024-03-19,2,1,30,3
8481035,2023-24,2024-03-21,2,1,33,3
8481035,2023-24,2024-03-23,2,1,20,2
8481035,2023-24,2024-03-26,2,1,27,6
8481035,2023-24,2024-03-28,2,1,15,2
8481035,2023-24,2024-03-30,2,1,24,5
8481035,2023-24,2024-04-01,2,1,6,2
8481035,2023-24,2024-04-06,2,1,33,6
8481035,2023-24,2024-04-09,2,1,17,5
8481035,2023-24,2024-04-11,2,1,25,1
8481035,2023-24,2024-04-13,2,1,20,0
8481035,2023-24,2024-04-16,2,1,17,1
8481035,2024-25,2024-10-11,2,1,26,2
8481035,2024-25,2024-10-15,2,1,31,4
8481035,2024-25,2024-10-17,2,0,5,1
8481035,2024-25,2024-10-19,2,1,32,3
8481035,2024-25,2024-10-22,2,1,29,4
8481035,2024-25,2024-10-26,2,1,26,5
8481035,2024-25,2024-10-29,2,1,25,0
8481035,2024-25,2024-10-31,2,1,21,1
8481035,2024-25,2024-11-02,2,1,8,0
8481035,2024-25,2024-11-09,2,1,31,3
8481035,2024-25,2024-11-11,2,1,31,3
8481035,2024-25,2024-12-08,2,1,25,4
8481035,2024-25,2024-12-10,2,1,18,3
8481035,2024-25,2024-12-14,2,1,21,3
8481035,2024-25,2024-12-18,2,1,23,5
8481035,2024-25,2024-12-21,2,1,25,4
8481035,2024-25,2024-12-23,2,1,14,5
8481035,2024-25,2024-12-28,2,1,33,1
8481035,2024-25,2024-12-31,2,1,15,0
8481035,2024-25,2025-01-09,2,1,22,3
8481035,2024-25,2025-01-11,2,1,22,0
8481035,2024-25,2025-01-13,2,1,23,3
8481035,2024-25,2025-01-16,2,1,29,3
8481035,2024-25,2025-01-18,2,1,13,1
8481035,2024-25,2025-01-21,2,1,28,1
8481035,2024-25,2025-01-23,2,1,36,5
8481035,2024-25,2025-01-27,2,1,33,2
8481035,2024-25,2025-01-29,2,1,16,4
8481035,2024-25,2025-02-02,2,1,32,2
8481035,2024-25,2025-02-04,2,1,42,3
8481035,2024-25,2025-02-08,2,1,33,2
8481035,2024-25,2025-02-22,2,1,18,3
8481035,2024-25,2025-02-25,2,1,24,1
8481035,2024-25,2025-02-27,2,1,25,5
8481035,2024-25,2025-03-04,2,1,5,3
8481035,2024-25,2025-03-06,2,1,27,4
8481035,2024-25,2025-03-08,2,1,32,4
8481035,2024-25,2025-03-13,2,1,20,3
8481035,2024-25,2025-03-15,2,1,30,5
8481035,2024-25,2025-03-20,2,1,16,3
8481035,2024-25,2025-03-22,2,0,16,1
8481035,2024-25,2025-03-25,2,1,30,7
8481035,2024-25,2025-03-27,2,1,30,4
8481035,2024-25,2025-03-29,2,1,21,4
8481035,2024-25,2025-04-05,2,1,26,3
8481035,2024-25,2025-04-12,2,1,40,3
8481035,2024-25,2025-04-15,2,1,34,3
8481035,2025-26,2025-10-11,2,1,39,4
8481035,2025-26,2025-10-16,2,1,14,4
8481035,2025-26,2025-10-25,2,1,26,3
8481035,2025-26,2025-10-28,2,1,26,2
8481035,2025-26,2025-11-08,2,1,14,3
8481035,2025-26,2025-11-14,2,1,17,5
8481035,2025-26,2025-11-24,2,1,17,2
8481035,2025-26,2025-11-28,2,1,31,3
8481035,2025-26,2025-12-03,2,1,29,2
8481035,2025-26,2025-12-07,2,1,28,3
8481035,2025-26,2025-12-13,2,1,21,3
8481035,2025-26,2025-12-18,2,1,27,4
8481035,2025-26,2025-12-20,2,1,27,4
8481035,2025-26,2025-12-23,2,1,21,1
8481035,2025-26,2025-12-31,2,1,26,5
8481035,2025-26,2026-01-10,2,1,23,7
8481035,2025-26,2026-01-14,2,0,8,2
8481035,2025-26,2026-01-15,2,1,14,3
8481035,2025-26,2026-01-17,2,0,25,3
8481035,2025-26,2026-01-19,2,1,25,1
8481035,2025-26,2026-01-21,2,1,27,5
8481035,2025-26,2026-01-23,2,1,35,3
8481035,2025-26,2026-01-26,2,1,23,4
8481035,2025-26,2026-01-29,2,1,20,5
8481035,2025-26,2026-02-26,2,1,24,2
8481035,2025-26,2026-03-09,2,0,3,0
8481035,2025-26,2026-03-11,2,1,23,1
8481035,2025-26,2026-03-19,2,1,25,3
8481035,2025-26,2026-03-26,2,1,26,1
8481035,2025-26,2026-03-29,2,1,18,1
8481035,2025-26,2026-04-02,2,1,19,4
8481035,2025-26,2026-04-09,2,0,14,2
8481035,2025-26,2026-04-14,2,1,29,2
8481519,2020-21,2021-04-20,2,1,34,1
8481519,2020-21,2021-04-27,2,0,9,0
8481519,2020-21,2021-04-29,2,1,27,3
8481519,2020-21,2021-05-03,2,1,29,4
8481519,2020-21,2021-05-24,3,1,37,1
8481519,2020-21,2021-05-26,3,1,23,3
8481519,2021-22,2021-10-19,2,1,31,1
8481519,2021-22,2021-10-25,2,1,21,3
8481519,2021-22,2021-10-30,2,1,33,2
8481519,2021-22,2021-11-04,2,0,29,4
8481519,2021-22,2021-11-06,2,1,32,2
8481519,2021-22,2021-11-08,2,1,18,4
8481519,2021-22,2021-11-09,2,1,30,6
8481519,2021-22,2021-11-18,2,1,46,1
8481519,2021-22,2021-11-26,2,0,7,1
8481519,2021-22,2021-11-27,2,1,26,3
8481519,2021-22,2021-12-02,2,0,19,0
8481519,2021-22,2021-12-07,2,1,30,4
8481519,2021-22,2021-12-14,2,1,38,8
8481519,2021-22,2021-12-30,2,1,42,3
8481519,2021-22,2022-01-18,2,1,31,5
8481519,2021-22,2022-01-21,2,1,28,1
8481519,2021-22,2022-01-27,2,1,25,1
8481519,2021-22,2022-02-01,2,1,34,4
8481519,2021-22,2022-03-07,2,1,30,1
8481519,2021-22,2022-03-13,2,1,37,2
8481519,2021-22,2022-03-15,2,1,26,2
8481519,2021-22,2022-03-17,2,1,32,4
8481519,2021-22,2022-03-18,2,1,17,0
8481519,2021-22,2022-03-24,2,1,31,3
8481519,2021-22,2022-03-27,2,1,24,4
8481519,2021-22,2022-04-02,2,0,6,0
8481519,2021-22,2022-04-03,2,1,29,3
8481519,2021-22,2022-04-05,2,0,21,2
8481519,2021-22,2022-04-09,2,1,25,1
8481519,2021-22,2022-04-17,2,1,34,1
8481519,2021-22,2022-04-24,2,1,17,5
8481519,2021-22,2022-04-28,2,1,27,0
8481519,2022-23,2022-10-15,2,1,27,3
8481519,2022-23,2022-10-23,2,1,26,2
8481519,2022-23,2022-10-29,2,1,26,3
8481519,2022-23,2022-11-01,2,1,20,2
8481519,2022-23,2022-11-06,2,1,35,3
8481519,2022-23,2022-11-09,2,1,40,0
8481519,2022-23,2022-11-12,2,1,31,3
8481519,2022-23,2022-11-17,2,0,17,1
8481519,2022-23,2022-11-19,2,1,35,4
8481519,2022-23,2022-11-23,2,1,39,2
8481519,2022-23,2022-11-26,2,1,37,5
8481519,2022-23,2022-11-28,2,1,40,4
8481519,2022-23,2022-12-01,2,1,33,1
8481519,2022-23,2022-12-03,2,1,36,1
8481519,2022-23,2022-12-06,2,1,15,3
8481519,2022-23,2022-12-19,2,1,26,7
8481519,2022-23,2022-12-30,2,1,34,4
8481519,2022-23,2023-01-03,2,1,36,3
8481519,2022-23,2023-01-08,2,1,33,4
8481519,2022-23,2023-02-14,2,1,27,5
8481519,2022-23,2023-02-18,2,0,14,2
8481519,2024-25,2024-10-12,2,1,26,4
8481519,2024-25,2024-10-15,2,1,38,3
8481519,2024-25,2024-10-22,2,0,6,0
8481519,2024-25,2024-10-26,2,1,28,3
8481519,2024-25,2024-11-02,2,1,25,2
8481519,2024-25,2024-11-12,2,1,23,3
8481519,2024-25,2024-11-21,2,1,19,2
8481519,2024-25,2024-11-25,2,1,29,2
8481519,2024-25,2024-11-30,2,1,20,0
8481519,2024-25,2024-12-03,2,1,16,5
8481519,2024-25,2024-12-05,2,1,34,5
8481519,2024-25,2024-12-14,2,1,27,3
8481519,2024-25,2024-12-22,2,1,21,2
8481519,2024-25,2024-12-28,2,1,25,4
8481519,2024-25,2025-01-03,2,1,31,2
8481519,2024-25,2025-01-14,2,1,27,1
8481519,2024-25,2025-01-16,2,0,4,0
8481519,2024-25,2025-01-18,2,1,34,0
8481519,2024-25,2025-01-22,2,1,28,2
8481519,2024-25,2025-01-26,2,1,25,3
8481519,2024-25,2025-02-02,2,1,34,3
8481519,2024-25,2025-02-06,2,1,22,2
8481519,2024-25,2025-02-25,2,1,18,1
8481519,2024-25,2025-03-03,2,1,42,1
8481519,2024-25,2025-03-07,2,1,39,3
8481519,2024-25,2025-03-10,2,1,20,2
8481519,2024-25,2025-03-13,2,1,24,3
8481519,2024-25,2025-03-18,2,1,30,6
8481519,2024-25,2025-03-20,2,1,32,2
8481519,2024-25,2025-03-23,2,1,29,4
8481519,2024-25,2025-03-26,2,1,20,4
8481519,2024-25,2025-03-28,2,1,21,4
8481519,2024-25,2025-04-02,2,1,31,2
8481519,2024-25,2025-04-04,2,1,28,4
8481519,2024-25,2025-04-06,2,1,29,1
8481519,2024-25,2025-04-08,2,1,27,5
8481519,2024-25,2025-04-12,2,1,42,4
8481519,2024-25,2025-04-15,2,1,37,3
8481519,2025-26,2025-10-07,2,1,37,3
8481519,2025-26,2025-10-11,2,1,28,3
8481519,2025-26,2025-10-13,2,1,22,1
8481519,2025-26,2025-10-17,2,1,32,2
8481519,2025-26,2025-10-19,2,1,39,1
8481519,2025-26,2025-10-23,2,1,31,2
8481519,2025-26,2025-10-28,2,1,24,3
8481519,2025-26,2025-10-30,2,1,32,6
8481519,2025-26,2025-11-01,2,1,30,3
8481519,2025-26,2025-11-05,2,1,45,2
8481519,2025-26,2025-11-07,2,1,33,0
8481519,2025-26,2025-11-12,2,1,37,4
8481519,2025-26,2025-11-15,2,1,33,2
8481519,2025-26,2025-11-20,2,1,27,3
8481519,2025-26,2025-11-23,2,1,26,1
8481519,2025-26,2025-11-26,2,1,24,4
8481519,2025-26,2025-11-30,2,1,26,3
8481519,2025-26,2025-12-02,2,1,28,3
8481519,2025-26,2025-12-04,2,1,27,1
8481519,2025-26,2025-12-06,2,1,32,6
8481519,2025-26,2025-12-10,2,1,21,0
8481519,2025-26,2025-12-12,2,1,26,3
8481519,2025-26,2025-12-16,2,1,27,3
8481519,2025-26,2025-12-18,2,1,34,3
8481519,2025-26,2025-12-23,2,1,25,2
8481519,2025-26,2025-12-28,2,1,9,4
8481519,2025-26,2025-12-30,2,1,21,2
8481519,2025-26,2026-01-01,2,1,25,3
8481519,2025-26,2026-01-03,2,1,34,2
8481519,2025-26,2026-01-07,2,1,30,3
8481519,2025-26,2026-01-12,2,1,36,3
8481519,2025-26,2026-01-15,2,1,22,2
8481519,2025-26,2026-01-19,2,1,32,0
8481519,2025-26,2026-01-22,2,1,31,3
8481519,2025-26,2026-01-25,2,1,24,4
8481519,2025-26,2026-01-27,2,1,23,3
8481519,2025-26,2026-01-30,2,1,25,3
8481519,2025-26,2026-02-02,2,1,27,3
8481519,2025-26,2026-02-04,2,1,19,3
8481519,2025-26,2026-02-26,2,1,25,3
8481519,2025-26,2026-02-28,2,1,34,2
8481519,2025-26,2026-03-03,2,1,32,3
8481519,2025-26,2026-03-12,2,1,31,2
8481519,2025-26,2026-03-14,2,1,32,4
8481519,2025-26,2026-03-17,2,1,37,4
8481519,2025-26,2026-03-19,2,1,29,1
8481519,2025-26,2026-03-22,2,1,33,3
8481519,2025-26,2026-03-26,2,1,42,5
8481519,2025-26,2026-03-29,2,1,39,4
8481519,2025-26,2026-03-31,2,1,24,4
8481519,2025-26,2026-04-02,2,1,33,1
8481519,2025-26,2026-04-06,2,1,23,3
8481519,2025-26,2026-04-09,2,1,22,7
8481519,2025-26,2026-04-13,2,1,26,5
8481519,2025-26,2026-04-15,2,1,17,2
8481529,2024-25,2024-11-15,2,0,13,1
8481529,2024-25,2025-01-08,2,1,20,3
8481529,2025-26,2025-10-23,2,0,20,0
8481529,2025-26,2025-10-26,2,1,24,4
8481529,2025-26,2026-01-10,2,1,29,0
8481529,2025-26,2026-01-12,2,1,31,4
8481544,2021-22,2022-04-01,2,1,29,2
8481544,2021-22,2022-04-10,2,1,25,4
8481544,2022-23,2023-02-11,2,0,3,0
8481544,2022-23,2023-02-13,2,1,37,3
8481544,2022-23,2023-02-17,2,1,32,4
8481544,2022-23,2023-02-19,2,1,32,2
8481544,2022-23,2023-02-25,2,1,32,2
8481544,2022-23,2023-02-28,2,1,17,1
8481544,2022-23,2023-03-06,2,1,21,5
8481544,2022-23,2023-03-09,2,1,33,4
8481544,2022-23,2023-03-11,2,1,29,4
8481544,2022-23,2023-03-14,2,1,32,5
8481544,2022-23,2023-03-16,2,1,30,5
8481544,2022-23,2023-03-18,2,1,29,4
8481544,2022-23,2023-03-21,2,1,35,2
8481544,2022-23,2023-03-23,2,1,29,2
8481544,2022-23,2023-03-27,2,1,34,2
8481544,2022-23,2023-04-01,2,1,16,3
8481544,2022-23,2023-04-06,2,0,18,4
8481544,2022-23,2023-04-10,2,1,29,2
8481544,2022-23,2023-04-13,2,1,36,4
8481544,2023-24,2024-01-16,2,1,33,6
8481544,2023-24,2024-01-21,2,1,25,3
8481544,2023-24,2024-01-27,2,0,11,2
8481544,2023-24,2024-01-29,2,1,11,3
8481544,2023-24,2024-03-02,2,1,39,3
8481544,2023-24,2024-03-06,2,1,16,2
8481544,2024-25,2024-10-14,2,0,17,4
8481544,2024-25,2024-12-28,2,1,23,4
8481544,2025-26,2026-01-08,2,0,16,5
8481544,2025-26,2026-01-25,2,1,20,1
8481551,2025-26,2025-10-22,2,1,31,2
8481551,2025-26,2025-11-12,2,1,36,4
8481551,2025-26,2025-11-15,2,1,28,4
8481551,2025-26,2025-11-17,2,1,33,1
8481551,2025-26,2025-11-19,2,1,35,6
8481551,2025-26,2025-11-29,2,1,24,2
8481551,2025-26,2025-12-03,2,1,35,5
8481551,2025-26,2025-12-09,2,1,6,0
8481551,2025-26,2026-01-08,2,1,32,2
8481551,2025-26,2026-01-12,2,1,31,3
8481551,2025-26,2026-01-15,2,1,23,3
8481551,2025-26,2026-01-27,2,0,18,2
8481551,2025-26,2026-02-03,2,1,35,4
8481551,2025-26,2026-04-04,2,0,23,3
8481551,2025-26,2026-04-09,2,1,37,0
8481551,2025-26,2026-04-15,2,1,28,3
8481611,2021-22,2022-04-23,2,1,19,2
8481611,2021-22,2022-04-24,2,0,8,1
8481611,2021-22,2022-04-26,2,1,34,3
8481611,2021-22,2022-05-04,3,0,32,2
8481611,2021-22,2022-05-06,3,1,28,4
8481611,2021-22,2022-05-28,3,0,12,2
8481611,2021-22,2022-05-30,3,0,12,3
8481611,2022-23,2022-11-10,2,1,22,2
8481611,2022-23,2022-11-14,2,1,27,0
8481611,2022-23,2022-11-19,2,1,21,2
8481611,2022-23,2022-11-21,2,1,23,4
8481611,2022-23,2022-11-23,2,1,26,3
8481611,2022-23,2022-11-25,2,1,41,3
8481611,2022-23,2022-11-29,2,1,32,2
8481611,2022-23,2022-12-01,2,0,11,1
8481611,2022-23,2022-12-03,2,1,33,2
8481611,2022-23,2022-12-06,2,1,30,4
8481611,2022-23,2022-12-10,2,1,16,0
8481611,2022-23,2022-12-13,2,1,27,0
8481611,2022-23,2022-12-15,2,1,17,2
8481611,2022-23,2022-12-18,2,1,25,2
8481611,2022-23,2022-12-20,2,1,38,1
8481611,2022-23,2023-01-03,2,1,30,4
8481611,2022-23,2023-01-05,2,1,24,4
8481611,2022-23,2023-01-10,2,1,22,4
8481611,2022-23,2023-01-15,2,1,32,3
8481611,2022-23,2023-03-09,2,1,19,0
8481611,2022-23,2023-03-12,2,1,23,3
8481611,2022-23,2023-03-17,2,1,24,5
8481611,2022-23,2023-03-25,2,1,44,3
8481611,2022-23,2023-03-28,2,1,20,3
8481611,2022-23,2023-05-07,3,0,22,4
8481611,2023-24,2023-10-19,2,0,17,2
8481611,2023-24,2023-10-21,2,1,27,6
8481611,2023-24,2023-10-24,2,1,23,3
8481611,2023-24,2023-11-11,2,1,22,0
8481611,2023-24,2023-11-15,2,1,24,3
8481611,2023-24,2023-11-22,2,0,15,2
8481611,2023-24,2023-11-26,2,1,23,2
8481611,2023-24,2023-11-28,2,1,29,1
8481611,2023-24,2023-11-30,2,1,16,5
8481611,2023-24,2023-12-02,2,1,22,2
8481611,2023-24,2023-12-06,2,1,6,3
8481611,2023-24,2023-12-07,2,1,27,3
8481611,2023-24,2023-12-12,2,1,32,1
8481611,2023-24,2023-12-14,2,1,26,1
8481611,2023-24,2023-12-17,2,1,21,1
8481611,2023-24,2023-12-19,2,1,33,3
8481611,2023-24,2023-12-21,2,1,25,1
8481611,2023-24,2023-12-23,2,1,28,5
8481611,2023-24,2023-12-27,2,1,37,2
8481611,2023-24,2023-12-30,2,1,27,2
8481611,2023-24,2024-01-02,2,1,29,1
8481611,2023-24,2024-01-05,2,1,17,2
8481611,2023-24,2024-01-11,2,1,13,3
8481611,2023-24,2024-02-06,2,1,19,3
8481611,2023-24,2024-02-08,2,1,18,2
8481611,2023-24,2024-02-10,2,1,34,0
8481611,2023-24,2024-02-13,2,1,22,3
8481611,2023-24,2024-02-16,2,1,31,1
8481611,2023-24,2024-02-22,2,1,45,0
8481611,2023-24,2024-02-24,2,1,16,2
8481611,2023-24,2024-02-27,2,1,30,2
8481611,2023-24,2024-03-02,2,1,31,4
8481611,2023-24,2024-03-09,2,1,25,2
8481611,2023-24,2024-03-12,2,1,24,1
8481611,2023-24,2024-03-16,2,1,40,4
8481611,2023-24,2024-03-19,2,1,31,1
8481611,2023-24,2024-03-22,2,1,25,6
8481611,2023-24,2024-03-26,2,1,20,2
8481611,2023-24,2024-03-30,2,1,26,0
8481611,2023-24,2024-04-05,2,1,16,2
8481611,2023-24,2024-04-09,2,1,23,1
8481611,2023-24,2024-04-14,2,1,16,2
8481611,2023-24,2024-05-09,3,1,25,3
8481611,2024-25,2024-10-15,2,1,26,2
8481611,2024-25,2024-10-19,2,1,19,4
8481611,2024-25,2024-10-24,2,1,32,2
8481611,2024-25,2024-10-28,2,1,27,3
8481611,2024-25,2024-10-31,2,1,15,2
8481611,2024-25,2024-11-03,2,1,21,2
8481611,2024-25,2024-11-05,2,1,16,4
8481611,2024-25,2024-11-07,2,1,36,1
8481611,2024-25,2024-11-11,2,1,32,2
8481611,2024-25,2024-11-13,2,1,18,3
8481611,2024-25,2024-11-17,2,1,30,1
8481611,2024-25,2024-11-20,2,1,19,1
8481611,2024-25,2024-11-23,2,1,31,4
8481611,2024-25,2024-12-03,2,1,28,4
8481611,2024-25,2024-12-05,2,1,19,3
8481611,2024-25,2024-12-07,2,1,25,4
8481611,2024-25,2024-12-10,2,1,23,2
8481611,2024-25,2024-12-13,2,1,21,2
8481611,2024-25,2024-12-17,2,1,32,0
8481611,2024-25,2024-12-20,2,1,22,3
8481611,2024-25,2024-12-22,2,1,23,1
8481611,2024-25,2024-12-27,2,1,23,4
8481611,2024-25,2024-12-31,2,1,28,3
8481611,2024-25,2025-01-02,2,1,26,1
8481611,2024-25,2025-01-04,2,1,26,3
8481611,2024-25,2025-01-07,2,1,33,3
8481611,2024-25,2025-01-09,2,1,33,3
8481611,2024-25,2025-01-12,2,1,20,3
8481611,2024-25,2025-01-17,2,1,31,2
8481611,2024-25,2025-01-21,2,1,23,1
8481611,2024-25,2025-01-25,2,1,27,3
8481611,2024-25,2025-01-30,2,1,20,2
8481611,2024-25,2025-02-04,2,1,30,3
8481611,2024-25,2025-02-08,2,1,39,3
8481611,2024-25,2025-02-22,2,1,21,4
8481611,2024-25,2025-02-27,2,1,15,2
8481611,2024-25,2025-03-02,2,1,16,1
8481611,2024-25,2025-03-06,2,1,34,2
8481611,2024-25,2025-03-11,2,1,24,1
8481611,2024-25,2025-03-15,2,1,26,0
8481611,2024-25,2025-03-22,2,1,25,7
8481611,2024-25,2025-03-25,2,1,16,3
8481611,2024-25,2025-03-30,2,1,31,4
8481611,2024-25,2025-04-04,2,1,20,4
8481611,2024-25,2025-04-08,2,1,18,3
8481611,2024-25,2025-04-12,2,1,31,3
8481611,2024-25,2025-04-16,2,1,21,3
8481611,2024-25,2025-04-27,3,0,15,1
8481611,2024-25,2025-04-29,3,1,35,4
8481611,2024-25,2025-05-22,3,0,5,1
8481611,2024-25,2025-05-24,3,1,28,6
8481668,2022-23,2023-02-15,2,1,27,5
8481668,2022-23,2023-02-18,2,1,37,2
8481668,2022-23,2023-02-23,2,1,22,2
8481668,2022-23,2023-02-25,2,1,34,2
8481668,2022-23,2023-03-06,2,1,32,3
8481668,2023-24,2024-03-31,2,1,22,2
8481668,2023-24,2024-04-03,2,1,21,1
8481668,2023-24,2024-04-08,2,1,23,3
8481668,2023-24,2024-04-10,2,1,18,4
8481668,2023-24,2024-04-28,3,1,30,3
8481668,2023-24,2024-04-30,3,1,22,2
8481668,2023-24,2024-05-03,3,1,28,0
8481668,2023-24,2024-05-08,3,1,18,4
8481668,2023-24,2024-05-10,3,1,31,4
8481668,2023-24,2024-05-12,3,1,45,3
8481668,2023-24,2024-05-14,3,1,30,3
8481668,2023-24,2024-05-16,3,1,23,2
8481668,2023-24,2024-05-18,3,1,27,5
8481668,2023-24,2024-05-20,3,1,29,3
8481668,2024-25,2024-10-09,2,1,26,6
8481668,2024-25,2024-10-15,2,1,26,3
8481668,2024-25,2024-10-30,2,1,22,6
8481668,2024-25,2024-11-09,2,0,4,0
8481668,2024-25,2024-11-16,2,1,29,1
8481668,2024-25,2024-11-19,2,1,33,4
8481668,2024-25,2024-11-27,2,1,23,5
8481668,2024-25,2025-02-23,2,1,32,2
8481668,2024-25,2025-02-27,2,1,24,4
8481668,2024-25,2025-03-15,2,1,19,2
8481668,2025-26,2025-10-07,2,1,25,0
8481668,2025-26,2025-10-11,2,1,30,6
8481668,2025-26,2025-10-16,2,1,32,2
8481668,2025-26,2025-10-21,2,1,24,1
8481668,2025-26,2025-10-25,2,1,41,4
8481668,2025-26,2025-10-28,2,1,34,2
8481668,2025-26,2025-11-01,2,1,33,4
8481668,2025-26,2025-11-06,2,1,30,3
8481668,2025-26,2025-11-08,2,1,24,1
8481668,2025-26,2025-11-14,2,1,30,2
8481668,2025-26,2025-11-21,2,1,10,4
8481668,2025-26,2025-11-29,2,1,10,4
8481668,2025-26,2025-12-09,2,1,28,3
8481668,2025-26,2025-12-13,2,1,31,6
8481668,2025-26,2025-12-18,2,1,26,4
8481668,2025-26,2025-12-21,2,1,25,3
8481668,2025-26,2025-12-28,2,1,24,3
8481668,2025-26,2026-01-01,2,1,27,3
8481668,2025-26,2026-01-04,2,1,25,4
8481668,2025-26,2026-01-10,2,1,25,2
8481668,2025-26,2026-01-13,2,1,31,1
8481668,2025-26,2026-01-17,2,1,26,3
8481668,2025-26,2026-01-22,2,1,32,2
8481668,2025-26,2026-01-29,2,1,20,2
8481668,2025-26,2026-02-02,2,1,31,3
8481668,2025-26,2026-02-05,2,1,27,2
8481668,2025-26,2026-02-26,2,1,30,1
8481668,2025-26,2026-03-01,2,1,22,0
8481668,2025-26,2026-03-05,2,1,25,4
8481668,2025-26,2026-03-08,2,1,28,4
8481668,2025-26,2026-03-12,2,1,16,5
8481668,2025-26,2026-03-16,2,1,27,2
8481668,2025-26,2026-03-21,2,1,25,4
8481668,2025-26,2026-03-24,2,1,29,5
8481668,2025-26,2026-03-30,2,1,23,3
8481668,2025-26,2026-04-04,2,1,23,4
8481668,2025-26,2026-04-05,2,1,31,2
8481668,2025-26,2026-04-11,2,1,31,5
8481668,2025-26,2026-04-14,2,0,9,2
8481668,2025-26,2026-04-25,3,1,30,2
8481668,2025-26,2026-04-27,3,1,20,2
8481668,2025-26,2026-04-29,3,1,32,1
8481692,2022-23,2023-04-12,2,1,24,1
8481692,2023-24,2023-11-11,2,1,38,4
8481692,2023-24,2023-12-05,2,0,13,2
8481692,2023-24,2023-12-07,2,1,30,2
8481692,2023-24,2023-12-09,2,1,29,3
8481692,2023-24,2023-12-12,2,1,39,5
8481692,2023-24,2024-02-15,2,1,31,6
8481692,2023-24,2024-03-12,2,0,3,0
8481692,2023-24,2024-03-14,2,1,29,1
8481692,2023-24,2024-03-16,2,1,38,2
8481692,2023-24,2024-03-18,2,1,32,4
8481692,2023-24,2024-03-24,2,1,27,2
8481692,2023-24,2024-03-28,2,1,18,4
8481692,2023-24,2024-04-04,2,1,44,4
8481692,2023-24,2024-04-09,2,1,22,2
8481692,2023-24,2024-04-12,2,1,22,3
8481692,2023-24,2024-04-14,2,1,35,5
8481692,2023-24,2024-04-18,2,1,17,1
8481692,2024-25,2024-10-12,2,1,40,3
8481692,2024-25,2024-10-15,2,1,32,1
8481692,2024-25,2024-10-22,2,1,38,3
8481692,2024-25,2024-10-26,2,1,34,4
8481692,2024-25,2024-10-30,2,1,28,5
8481692,2024-25,2024-11-05,2,1,24,2
8481692,2024-25,2024-11-07,2,1,38,4
8481692,2024-25,2024-11-11,2,1,29,1
8481692,2024-25,2024-11-15,2,1,29,0
8481692,2024-25,2024-11-19,2,1,29,1
8481692,2024-25,2024-11-21,2,1,29,2
8481692,2024-25,2024-11-25,2,1,30,4
8481692,2024-25,2024-11-29,2,1,33,4
8481692,2024-25,2024-12-08,2,1,28,6
8481692,2024-25,2024-12-14,2,1,32,0
8481692,2024-25,2024-12-17,2,1,35,4
8481692,2024-25,2024-12-21,2,1,28,4
8481692,2024-25,2024-12-28,2,1,22,1
8481692,2024-25,2024-12-31,2,1,24,1
8481692,2024-25,2025-01-04,2,1,27,3
8481692,2024-25,2025-01-07,2,1,28,2
8481692,2024-25,2025-01-11,2,1,32,1
8481692,2024-25,2025-01-13,2,1,25,2
8481692,2024-25,2025-01-16,2,1,29,4
8481692,2024-25,2025-01-18,2,1,39,1
8481692,2024-25,2025-01-23,2,1,34,2
8481692,2024-25,2025-01-25,2,1,25,4
8481692,2024-25,2025-01-28,2,1,23,3
8481692,2024-25,2025-01-30,2,1,31,1
8481692,2024-25,2025-02-01,2,1,24,2
8481692,2024-25,2025-02-04,2,1,29,5
8481692,2024-25,2025-02-06,2,1,34,4
8481692,2024-25,2025-02-08,2,1,28,3
8481692,2024-25,2025-02-23,2,1,29,2
8481692,2024-25,2025-02-27,2,1,21,2
8481692,2024-25,2025-03-02,2,1,33,2
8481692,2024-25,2025-03-04,2,1,29,3
8481692,2024-25,2025-03-08,2,1,26,0
8481692,2024-25,2025-03-12,2,1,31,3
8481692,2024-25,2025-03-14,2,1,27,3
8481692,2024-25,2025-03-17,2,1,26,5
8481692,2024-25,2025-03-20,2,1,29,3
8481692,2024-25,2025-03-25,2,1,29,3
8481692,2024-25,2025-03-27,2,1,18,4
8481692,2024-25,2025-03-29,2,1,29,3
8481692,2024-25,2025-04-01,2,1,27,2
8481692,2024-25,2025-04-03,2,1,27,1
8481692,2024-25,2025-04-05,2,1,34,3
8481692,2024-25,2025-04-07,2,1,31,2
8481692,2024-25,2025-04-09,2,1,23,4
8481692,2024-25,2025-04-11,2,1,18,2
8481692,2024-25,2025-04-13,2,1,30,2
8481692,2024-25,2025-04-15,2,1,42,4
8481692,2025-26,2025-10-08,2,1,35,3
8481692,2025-26,2025-10-09,2,1,26,5
8481692,2025-26,2025-10-11,2,1,28,4
8481692,2025-26,2025-10-14,2,1,29,3
8481692,2025-26,2025-10-18,2,1,19,5
8481692,2025-26,2025-10-20,2,1,27,2
8481692,2025-26,2025-10-22,2,1,28,2
8481692,2025-26,2025-10-24,2,1,31,4
8481692,2025-26,2025-10-26,2,1,31,1
8481692,2025-26,2025-10-28,2,1,37,4
8481692,2025-26,2025-11-01,2,1,11,3
8481692,2025-26,2025-11-02,2,1,18,1
8481692,2025-26,2025-11-05,2,1,43,1
8481692,2025-26,2025-11-07,2,1,27,4
8481692,2025-26,2025-11-11,2,1,31,3
8481692,2025-26,2025-11-13,2,1,17,0
8481692,2025-26,2025-11-15,2,1,23,3
8481692,2025-26,2025-11-18,2,1,22,4
8481692,2025-26,2025-11-23,2,1,31,2
8481692,2025-26,2025-11-26,2,1,4,3
8481692,2025-26,2025-12-02,2,0,12,1
8481692,2025-26,2025-12-04,2,1,27,1
8481692,2025-26,2025-12-06,2,1,28,0
8481692,2025-26,2025-12-08,2,1,29,4
8481692,2025-26,2025-12-13,2,1,22,1
8481692,2025-26,2025-12-16,2,1,25,5
8481692,2025-26,2025-12-18,2,1,23,2
8481692,2025-26,2025-12-23,2,1,39,5
8481692,2025-26,2025-12-27,2,1,31,2
8481692,2025-26,2025-12-29,2,1,26,1
8481692,2025-26,2025-12-31,2,1,26,1
8481692,2025-26,2026-01-03,2,1,36,4
8481692,2025-26,2026-01-05,2,1,27,4
8481692,2025-26,2026-01-07,2,1,36,4
8481692,2025-26,2026-01-08,2,1,30,4
8481692,2025-26,2026-01-13,2,1,42,4
8481692,2025-26,2026-01-17,2,1,30,2
8481692,2025-26,2026-01-21,2,1,25,4
8481692,2025-26,2026-01-25,2,1,21,4
8481692,2025-26,2026-01-31,2,1,25,2
8481692,2025-26,2026-02-02,2,1,21,3
8481692,2025-26,2026-02-26,2,1,35,1
8481692,2025-26,2026-02-28,2,1,36,1
8481692,2025-26,2026-03-03,2,1,17,4
8481692,2025-26,2026-03-07,2,1,29,4
8481692,2025-26,2026-03-10,2,1,29,4
8481692,2025-26,2026-03-12,2,1,32,4
8481692,2025-26,2026-03-14,2,0,17,0
8481692,2025-26,2026-03-16,2,1,24,4
8481692,2025-26,2026-03-20,2,1,25,1
8481692,2025-26,2026-03-24,2,1,25,2
8481692,2025-26,2026-03-28,2,1,34,3
8481692,2025-26,2026-03-30,2,1,16,4
8481692,2025-26,2026-04-02,2,1,34,6
8481692,2025-26,2026-04-09,2,1,40,2
8481692,2025-26,2026-04-12,2,1,29,1
8481692,2025-26,2026-04-14,2,1,37,2
8482076,2021-22,2021-10-23,2,1,25,1
8482076,2021-22,2021-10-26,2,1,7,3
8482076,2021-22,2022-02-07,2,1,24,4
8482076,2021-22,2022-02-15,2,0,2,0
8482076,2021-22,2022-02-24,2,1,38,1
8482076,2021-22,2022-02-28,2,1,38,2
8482076,2021-22,2022-03-01,2,1,31,4
8482076,2021-22,2022-03-04,2,1,32,3
8482076,2021-22,2022-03-06,2,1,21,2
8482076,2021-22,2022-03-08,2,1,26,3
8482076,2021-22,2022-03-10,2,1,30,2
8482076,2021-22,2022-03-12,2,1,34,1
8482076,2021-22,2022-03-15,2,1,21,4
8482076,2021-22,2022-03-16,2,1,19,4
8482076,2021-22,2022-03-22,2,1,35,4
8482076,2021-22,2022-03-23,2,1,31,3
8482076,2021-22,2022-03-26,2,1,22,4
8482076,2021-22,2022-03-27,2,1,33,2
8482076,2021-22,2022-03-31,2,1,20,5
8482076,2021-22,2022-04-03,2,1,29,4
8482076,2021-22,2022-04-05,2,1,17,3
8482076,2021-22,2022-04-07,2,0,7,1
8482076,2021-22,2022-04-09,2,1,28,1
8482076,2021-22,2022-04-12,2,1,21,2
8482076,2021-22,2022-04-16,2,1,26,3
8482076,2023-24,2023-12-29,2,1,27,2
8482076,2023-24,2024-01-03,2,1,26,3
8482076,2023-24,2024-01-06,2,1,42,5
8482076,2023-24,2024-01-13,2,1,36,1
8482076,2023-24,2024-01-15,2,1,35,2
8482076,2023-24,2024-01-17,2,1,25,3
8482076,2023-24,2024-01-20,2,1,36,6
8482076,2023-24,2024-01-25,2,1,12,3
8482076,2023-24,2024-02-12,2,1,28,1
8482076,2023-24,2024-02-13,2,1,32,2
8482076,2023-24,2024-02-15,2,1,29,2
8482076,2023-24,2024-02-17,2,1,48,3
8482076,2023-24,2024-02-20,2,1,26,6
8482076,2023-24,2024-02-22,2,1,18,5
8482076,2023-24,2024-02-24,2,1,26,3
8482076,2023-24,2024-02-27,2,1,31,2
8482076,2023-24,2024-03-01,2,1,14,4
8482076,2023-24,2024-03-03,2,1,13,4
8482076,2023-24,2024-03-07,2,1,24,1
8482076,2023-24,2024-03-09,2,1,24,2
8482076,2023-24,2024-03-16,2,0,16,0
8482076,2024-25,2025-02-02,2,0,7,0
8482076,2024-25,2025-02-04,2,1,27,2
8482076,2024-25,2025-02-23,2,1,29,0
8482076,2024-25,2025-02-26,2,0,0,0
8482076,2024-25,2025-03-01,2,1,25,1
8482076,2024-25,2025-04-16,2,1,26,4
8482137,2023-24,2023-12-27,2,0,6,0
8482137,2023-24,2023-12-30,2,1,29,2
8482137,2024-25,2024-11-21,2,1,31,2
8482137,2024-25,2024-11-25,2,1,24,2
8482137,2024-25,2024-12-21,2,1,42,3
8482137,2024-25,2024-12-23,2,1,24,4
8482137,2024-25,2024-12-28,2,1,32,2
8482137,2024-25,2025-01-02,2,1,25,1
8482137,2024-25,2025-01-04,2,1,30,2
8482137,2024-25,2025-01-11,2,1,22,3
8482137,2024-25,2025-01-20,2,1,31,4
8482137,2024-25,2025-01-23,2,1,38,6
8482137,2024-25,2025-01-25,2,0,17,3
8482137,2024-25,2025-01-27,2,1,30,1
8482137,2024-25,2025-01-30,2,1,11,4
8482137,2025-26,2025-10-11,2,1,44,7
8482137,2025-26,2025-10-17,2,1,34,6
8482137,2025-26,2025-10-21,2,1,27,4
8482137,2025-26,2025-10-24,2,1,28,2
8482137,2025-26,2025-10-26,2,1,33,5
8482137,2025-26,2025-10-28,2,1,14,4
8482137,2025-26,2025-11-01,2,1,38,2
8482137,2025-26,2025-11-05,2,1,30,1
8482137,2025-26,2025-11-08,2,1,39,1
8482137,2025-26,2025-11-11,2,1,29,1
8482137,2025-26,2025-11-13,2,1,35,1
8482137,2025-26,2025-11-18,2,1,26,2
8482137,2025-26,2025-11-20,2,1,34,3
8482137,2025-26,2025-11-23,2,1,35,1
8482137,2025-26,2025-11-26,2,1,19,4
8482137,2025-26,2025-11-28,2,1,34,2
8482137,2025-26,2025-12-01,2,1,34,3
8482137,2025-26,2025-12-03,2,1,12,4
8482137,2025-26,2025-12-05,2,1,23,3
8482137,2025-26,2025-12-13,2,1,43,5
8482137,2025-26,2025-12-16,2,1,30,3
8482137,2025-26,2025-12-20,2,1,31,3
8482137,2025-26,2025-12-23,2,1,16,4
8482137,2025-26,2025-12-27,2,1,27,3
8482137,2025-26,2025-12-29,2,1,42,4
8482137,2025-26,2025-12-31,2,1,23,3
8482137,2025-26,2026-01-03,2,1,10,3
8482137,2025-26,2026-01-07,2,1,26,3
8482137,2025-26,2026-01-11,2,1,31,6
8482137,2025-26,2026-01-16,2,1,24,3
8482137,2025-26,2026-01-20,2,1,19,3
8482137,2025-26,2026-01-27,2,1,25,2
8482137,2025-26,2026-01-29,2,1,32,4
8482137,2025-26,2026-02-02,2,1,10,4
8482137,2025-26,2026-02-04,2,1,41,3
8482137,2025-26,2026-02-26,2,1,28,3
8482137,2025-26,2026-02-28,2,1,24,4
8482137,2025-26,2026-03-03,2,1,36,5
8482137,2025-26,2026-03-07,2,1,34,2
8482137,2025-26,2026-03-10,2,1,25,5
8482137,2025-26,2026-03-26,2,1,11,0
8482137,2025-26,2026-03-30,2,1,26,4
8482137,2025-26,2026-04-01,2,1,31,3
8482137,2025-26,2026-04-04,2,1,33,5
8482137,2025-26,2026-04-09,2,1,30,6
8482137,2025-26,2026-04-11,2,1,41,3
8482137,2025-26,2026-04-15,2,1,24,5
8482221,2022-23,2023-03-31,2,1,33,2
8482221,2022-23,2023-04-04,2,1,36,2
8482221,2022-23,2023-04-06,2,1,32,6
8482221,2022-23,2023-04-08,2,1,34,3
8482221,2022-23,2023-04-10,2,1,28,2
8482221,2022-23,2023-04-11,2,1,28,4
8482221,2022-23,2023-04-14,2,1,31,2
8482221,2023-24,2023-10-12,2,1,30,4
8482221,2023-24,2023-10-14,2,1,29,3
8482221,2023-24,2023-10-17,2,1,25,2
8482221,2023-24,2023-10-19,2,1,36,4
8482221,2023-24,2023-11-04,2,1,28,4
8482221,2023-24,2023-11-10,2,1,35,2
8482221,2023-24,2023-11-14,2,1,18,5
8482221,2023-24,2023-11-22,2,1,30,4
8482221,2023-24,2023-11-25,2,0,20,3
8482221,2023-24,2023-12-07,2,1,32,1
8482221,2023-24,2023-12-09,2,1,31,2
8482221,2023-24,2023-12-11,2,1,23,2
8482221,2023-24,2023-12-15,2,1,35,2
8482221,2023-24,2023-12-19,2,1,18,4
8482221,2023-24,2023-12-21,2,1,27,3
8482221,2023-24,2023-12-27,2,1,25,4
8482221,2023-24,2023-12-31,2,1,30,4
8482221,2023-24,2024-01-04,2,1,33,1
8482221,2023-24,2024-01-09,2,1,26,5
8482221,2023-24,2024-01-24,2,1,40,3
8482221,2023-24,2024-03-19,2,1,33,2
8482221,2023-24,2024-03-27,2,0,32,1
8482221,2023-24,2024-03-29,2,1,30,2
8482221,2024-25,2024-10-05,2,1,37,3
8482221,2024-25,2024-10-12,2,1,25,2
8482221,2024-25,2024-10-17,2,1,25,6
8482221,2024-25,2024-11-01,2,1,36,4
8482221,2024-25,2024-11-11,2,0,4,2
8482221,2024-25,2024-11-14,2,1,27,3
8482221,2024-25,2024-11-16,2,1,31,4
8482221,2024-25,2024-12-15,2,1,40,4
8482221,2024-25,2025-01-20,2,1,33,5
8482445,2023-24,2024-03-17,2,1,30,4
8482445,2023-24,2024-03-23,2,1,31,5
8482445,2023-24,2024-04-06,2,1,36,2
8482445,2023-24,2024-04-11,2,1,50,1
8482445,2023-24,2024-04-15,2,1,22,8
8482445,2023-24,2024-04-18,2,1,23,5
8482445,2025-26,2025-10-15,2,1,31,2
8482445,2025-26,2025-10-18,2,0,9,1
8482445,2025-26,2025-10-30,2,1,38,3
8482445,2025-26,2025-11-01,2,0,12,0
8482445,2025-26,2025-11-09,2,1,18,1
8482445,2025-26,2025-11-19,2,1,30,2
8482445,2025-26,2025-11-22,2,1,30,2
8482445,2025-26,2025-11-26,2,0,19,2
8482445,2025-26,2025-11-28,2,1,41,3
8482445,2025-26,2025-11-30,2,1,17,1
8482445,2025-26,2025-12-02,2,1,16,4
8482445,2025-26,2025-12-10,2,1,29,4
8482445,2025-26,2025-12-20,2,1,37,3
8482445,2025-26,2026-01-10,2,1,28,1
8482445,2025-26,2026-01-15,2,1,23,1
8482445,2025-26,2026-01-19,2,1,32,2
8482445,2025-26,2026-01-23,2,1,37,2
8482445,2025-26,2026-01-29,2,1,23,3
8482445,2025-26,2026-02-04,2,1,39,3
8482445,2025-26,2026-03-01,2,1,36,2
8482445,2025-26,2026-03-03,2,0,18,2
8482445,2025-26,2026-03-05,2,1,35,2
8482445,2025-26,2026-03-09,2,1,28,6
8482445,2025-26,2026-03-14,2,1,10,3
8482445,2025-26,2026-03-18,2,1,26,1
8482445,2025-26,2026-03-22,2,1,35,3
8482445,2025-26,2026-03-26,2,1,33,3
8482445,2025-26,2026-03-30,2,0,33,5
8482445,2025-26,2026-04-04,2,1,39,3
8482445,2025-26,2026-04-07,2,1,25,4
8482445,2025-26,2026-04-11,2,1,20,3
8482446,2024-25,2024-10-10,2,1,32,3
8482446,2024-25,2024-10-12,2,1,32,3
8482446,2024-25,2024-10-16,2,0,28,2
8482446,2024-25,2024-10-18,2,1,38,4
8482446,2024-25,2024-10-25,2,1,50,4
8482446,2024-25,2024-10-29,2,1,39,4
8482446,2024-25,2024-11-08,2,1,34,2
8482446,2024-25,2024-11-11,2,1,8,3
8482446,2024-25,2025-01-18,2,1,31,3
8482446,2024-25,2025-01-25,2,1,25,4
8482446,2024-25,2025-02-08,2,1,20,3
8482446,2024-25,2025-02-22,2,0,17,3
8482446,2024-25,2025-02-23,2,1,15,4
8482446,2024-25,2025-02-27,2,0,23,1
8482446,2024-25,2025-03-02,2,1,33,6
8482447,2024-25,2024-12-21,2,1,25,4
8482447,2024-25,2024-12-22,2,0,14,2
8482447,2024-25,2024-12-29,2,1,31,1
8482447,2024-25,2025-01-02,2,1,25,4
8482447,2024-25,2025-01-11,2,1,29,0
8482447,2024-25,2025-01-12,2,1,26,2
8482447,2024-25,2025-01-14,2,1,24,0
8482447,2024-25,2025-01-16,2,1,26,1
8482447,2024-25,2025-01-18,2,1,28,5
8482447,2024-25,2025-01-21,2,1,16,2
8482447,2024-25,2025-01-26,2,1,35,1
8482447,2024-25,2025-02-01,2,1,16,0
8482447,2025-26,2025-10-15,2,1,26,7
8482447,2025-26,2025-10-27,2,1,28,2
8482447,2025-26,2025-11-09,2,1,31,2
8482447,2025-26,2025-11-13,2,1,21,3
8482447,2025-26,2025-11-24,2,1,22,2
8482447,2025-26,2025-11-28,2,1,31,4
8482447,2025-26,2025-12-04,2,1,27,3
8482447,2025-26,2025-12-13,2,1,25,3
8482447,2025-26,2025-12-20,2,1,24,4
8482447,2025-26,2025-12-27,2,0,18,2
8482447,2025-26,2025-12-29,2,1,22,4
8482447,2025-26,2026-01-01,2,1,29,3
8482447,2025-26,2026-01-03,2,1,23,2
8482447,2025-26,2026-01-05,2,1,9,3
8482447,2025-26,2026-01-07,2,1,21,3
8482447,2025-26,2026-01-08,2,1,18,3
8482447,2025-26,2026-01-10,2,1,21,3
8482447,2025-26,2026-01-13,2,1,20,1
8482447,2025-26,2026-01-14,2,1,22,4
8482447,2025-26,2026-01-17,2,1,19,6
8482487,2024-25,2024-12-28,2,1,34,0
8482487,2024-25,2025-01-04,2,1,23,1
8482487,2024-25,2025-01-10,2,1,17,2
8482487,2024-25,2025-01-16,2,1,33,1
8482487,2024-25,2025-01-19,2,1,28,4
8482487,2024-25,2025-01-25,2,1,44,4
8482487,2024-25,2025-01-30,2,1,26,3
8482487,2024-25,2025-02-05,2,1,36,5
8482487,2024-25,2025-02-09,2,1,8,3
8482487,2024-25,2025-03-01,2,1,25,2
8482487,2024-25,2025-03-08,2,1,24,1
8482487,2024-25,2025-03-12,2,1,35,5
8482487,2024-25,2025-03-25,2,0,5,1
8482487,2024-25,2025-03-27,2,1,30,6
8482487,2024-25,2025-04-06,2,1,37,1
8482487,2024-25,2025-04-12,2,1,35,1
8482487,2024-25,2025-04-25,3,0,8,1
8482487,2024-25,2025-04-27,3,1,24,3
8482487,2024-25,2025-04-30,3,1,27,3
8482487,2025-26,2025-10-09,2,1,31,1
8482487,2025-26,2025-10-16,2,1,19,2
8482487,2025-26,2025-10-20,2,1,32,2
8482487,2025-26,2025-10-22,2,1,37,1
8482487,2025-26,2025-10-25,2,1,31,3
8482487,2025-26,2025-10-28,2,1,21,3
8482487,2025-26,2025-11-06,2,1,28,4
8482487,2025-26,2025-11-13,2,1,13,5
8482487,2025-26,2025-11-17,2,1,23,3
8482487,2025-26,2025-11-20,2,0,25,4
8482487,2025-26,2025-11-22,2,1,26,2
8482487,2025-26,2025-11-26,2,1,34,3
8482487,2025-26,2025-11-29,2,1,36,7
8482487,2025-26,2025-12-03,2,1,32,2
8482487,2025-26,2025-12-06,2,1,23,1
8482487,2025-26,2025-12-07,2,1,18,4
8482487,2025-26,2025-12-09,2,1,14,3
8482487,2025-26,2025-12-14,2,1,28,1
8482487,2025-26,2025-12-18,2,1,15,1
8482487,2025-26,2025-12-21,2,1,31,3
8482487,2025-26,2026-01-01,2,1,25,5
8482487,2025-26,2026-01-12,2,1,23,3
8482487,2025-26,2026-01-20,2,1,20,3
8482487,2025-26,2026-01-27,2,1,34,2
8482487,2025-26,2026-01-29,2,1,29,3
8482487,2025-26,2026-01-31,2,1,38,2
8482487,2025-26,2026-02-02,2,1,24,4
8482487,2025-26,2026-02-28,2,1,29,2
8482487,2025-26,2026-03-03,2,1,27,6
8482487,2025-26,2026-03-07,2,1,39,3
8482487,2025-26,2026-03-10,2,1,18,1
8482487,2025-26,2026-03-14,2,1,21,3
8482487,2025-26,2026-03-17,2,1,28,2
8482487,2025-26,2026-03-19,2,1,27,2
8482487,2025-26,2026-03-24,2,1,43,2
8482487,2025-26,2026-03-26,2,1,26,1
8482487,2025-26,2026-03-29,2,1,35,1
8482487,2025-26,2026-03-31,2,1,37,1
8482487,2025-26,2026-04-04,2,1,38,3
8482487,2025-26,2026-04-07,2,1,33,3
8482487,2025-26,2026-04-09,2,1,18,1
8482487,2025-26,2026-04-11,2,1,33,5
8482487,2025-26,2026-04-14,2,1,25,4
8482487,2025-26,2026-04-19,3,1,23,3
8482487,2025-26,2026-04-21,3,1,34,3
8482487,2025-26,2026-04-24,3,1,17,2
8482487,2025-26,2026-04-26,3,1,20,3
8482487,2025-26,2026-04-29,3,1,40,2
8482487,2025-26,2026-05-01,3,1,33,1
8482487,2025-26,2026-05-03,3,1,29,1
8482487,2025-26,2026-05-06,3,1,16,4
8482487,2025-26,2026-05-08,3,1,29,1
8482487,2025-26,2026-05-10,3,1,28,2
8482487,2025-26,2026-05-12,3,1,22,3
8482487,2025-26,2026-05-14,3,1,36,3
8482487,2025-26,2026-05-16,3,1,33,6
8482487,2025-26,2026-05-18,3,1,39,2
8482487,2025-26,2026-05-21,3,1,28,2
8482487,2025-26,2026-05-23,3,1,26,3
8482487,2025-26,2026-05-25,3,1,39,3
8482487,2025-26,2026-05-27,3,1,43,3
8482487,2025-26,2026-05-29,3,1,29,5
8482661,2023-24,2024-01-10,2,1,34,7
8482661,2023-24,2024-04-07,2,1,24,0
8482661,2023-24,2024-04-13,2,1,29,2
8482661,2024-25,2024-12-15,2,1,27,3
8482661,2024-25,2024-12-21,2,1,24,5
8482661,2025-26,2025-10-13,2,1,34,3
8482661,2025-26,2025-10-18,2,1,21,2
8482661,2025-26,2025-10-26,2,1,25,6
8482661,2025-26,2025-11-07,2,1,27,2
8482661,2025-26,2025-11-09,2,1,36,0
8482661,2025-26,2025-11-15,2,1,28,0
8482661,2025-26,2025-11-19,2,1,45,3
8482661,2025-26,2025-11-23,2,1,32,0
8482661,2025-26,2025-11-28,2,1,41,2
8482661,2025-26,2025-12-02,2,1,33,0
8482661,2025-26,2025-12-06,2,1,21,4
8482661,2025-26,2025-12-13,2,1,36,2
8482661,2025-26,2025-12-18,2,1,29,2
8482661,2025-26,2025-12-21,2,1,41,4
8482661,2025-26,2025-12-27,2,1,26,3
8482661,2025-26,2025-12-31,2,1,28,3
8482661,2025-26,2026-01-03,2,1,38,4
8482661,2025-26,2026-01-08,2,1,28,2
8482661,2025-26,2026-01-12,2,1,29,5
8482661,2025-26,2026-01-15,2,1,20,6
8482661,2025-26,2026-01-20,2,1,33,4
8482661,2025-26,2026-01-27,2,1,32,3
8482661,2025-26,2026-01-31,2,1,42,3
8482661,2025-26,2026-02-26,2,0,2,1
8482661,2025-26,2026-02-27,2,1,37,5
8482661,2025-26,2026-03-08,2,1,36,2
8482661,2025-26,2026-03-12,2,1,27,2
8482661,2025-26,2026-03-15,2,1,25,3
8482661,2025-26,2026-03-17,2,0,2,0
8482661,2025-26,2026-03-19,2,1,26,2
8482661,2025-26,2026-03-26,2,1,20,2
8482661,2025-26,2026-04-04,2,1,34,1
8482661,2025-26,2026-04-07,2,1,27,2
8482661,2025-26,2026-04-11,2,1,22,2
8482661,2025-26,2026-04-14,2,1,37,2
8482661,2025-26,2026-04-18,3,1,28,1
8482661,2025-26,2026-04-20,3,1,31,3
8482661,2025-26,2026-04-22,3,1,36,4
8482661,2025-26,2026-04-25,3,1,45,2
8482661,2025-26,2026-04-28,3,1,22,2
8482661,2025-26,2026-04-30,3,1,23,2
8482661,2025-26,2026-05-03,3,1,42,8
8482661,2025-26,2026-05-09,3,1,36,1
8482661,2025-26,2026-05-11,3,1,32,3
8482661,2025-26,2026-05-13,3,1,34,4
8482761,2025-26,2025-10-26,2,1,28,2
8482761,2025-26,2025-10-31,2,1,25,3
8482761,2025-26,2025-11-06,2,1,26,5
8482761,2025-26,2025-11-10,2,1,20,3
8482761,2025-26,2025-11-16,2,1,28,3
8482761,2025-26,2025-11-24,2,1,21,3
8482761,2025-26,2025-11-29,2,1,21,3
8482761,2025-26,2026-01-11,2,1,20,2
8482783,2024-25,2024-10-27,2,1,24,4
8482783,2024-25,2024-11-02,2,0,22,2
8482783,2024-25,2024-11-05,2,1,34,5
8482783,2024-25,2024-11-18,2,1,29,3
8482783,2024-25,2024-11-23,2,1,21,2
8482783,2024-25,2024-11-27,2,1,27,2
8482783,2024-25,2024-11-30,2,1,27,2
8482783,2024-25,2024-12-05,2,0,20,4
8482783,2024-25,2024-12-07,2,1,31,4
8482783,2024-25,2024-12-12,2,1,26,1
8482783,2024-25,2024-12-19,2,1,26,6
8482783,2024-25,2024-12-23,2,0,7,1
8482783,2024-25,2024-12-29,2,1,20,5
8482783,2024-25,2024-12-31,2,0,7,0
8482783,2024-25,2025-01-02,2,1,26,4
8482783,2024-25,2025-04-09,2,1,29,5
8482783,2024-25,2025-04-17,2,1,30,4
8482821,2021-22,2022-01-01,2,0,18,3
8482821,2021-22,2022-01-02,2,1,41,4
8482821,2021-22,2022-02-17,2,1,36,6
8482821,2022-23,2022-10-29,2,1,45,4
8482821,2022-23,2022-11-01,2,0,30,2
8482821,2022-23,2022-11-03,2,1,33,1
8482821,2022-23,2022-11-05,2,1,24,3
8482821,2022-23,2022-11-12,2,1,41,2
8482821,2022-23,2022-11-16,2,1,35,5
8482821,2022-23,2022-11-20,2,1,24,4
8482821,2022-23,2022-11-25,2,1,23,2
8482821,2022-23,2022-11-30,2,1,41,5
8482821,2022-23,2022-12-03,2,0,6,1
8482821,2022-23,2022-12-04,2,1,40,3
8482821,2022-23,2022-12-06,2,1,29,3
8482821,2022-23,2022-12-09,2,1,32,3
8482821,2022-23,2022-12-15,2,1,24,3
8482821,2022-23,2022-12-18,2,1,26,7
8482821,2023-24,2023-10-11,2,1,32,2
8482821,2023-24,2023-10-16,2,1,36,1
8482821,2023-24,2023-10-21,2,1,24,5
8482821,2023-24,2023-10-30,2,1,22,7
8482821,2023-24,2023-11-05,2,1,40,3
8482821,2023-24,2023-11-12,2,1,31,4
8482821,2023-24,2023-11-18,2,1,30,3
8482821,2023-24,2023-11-22,2,0,8,2
8482821,2023-24,2023-11-24,2,1,37,3
8482821,2023-24,2023-11-26,2,1,28,4
8482821,2023-24,2023-12-02,2,1,28,3
8482821,2023-24,2023-12-05,2,1,30,3
8482821,2023-24,2023-12-10,2,1,27,4
8482821,2023-24,2023-12-14,2,1,24,7
8482821,2023-24,2023-12-23,2,1,41,6
8482821,2023-24,2023-12-31,2,0,10,2
8482821,2023-24,2024-01-02,2,1,35,2
8482821,2023-24,2024-01-05,2,1,31,3
8482821,2023-24,2024-01-18,2,1,31,3
8482821,2023-24,2024-01-24,2,1,28,6
8482821,2023-24,2024-02-15,2,1,26,3
8482821,2023-24,2024-02-21,2,1,33,3
8482821,2023-24,2024-03-02,2,1,30,4
8482821,2023-24,2024-03-05,2,1,39,2
8482821,2023-24,2024-03-10,2,1,36,4
8482821,2023-24,2024-03-15,2,1,14,4
8482821,2023-24,2024-03-21,2,1,25,4
8482821,2023-24,2024-03-30,2,1,31,1
8482821,2023-24,2024-04-07,2,1,37,4
8482821,2023-24,2024-04-10,2,0,23,2
8482821,2023-24,2024-04-12,2,1,40,5
8482821,2023-24,2024-04-18,2,1,35,5
8482821,2024-25,2024-10-11,2,1,35,2
8482821,2024-25,2024-10-19,2,1,21,3
8482821,2024-25,2024-11-03,2,1,40,2
8482821,2024-25,2024-11-07,2,1,39,2
8482821,2024-25,2024-11-16,2,1,31,2
8482821,2024-25,2024-11-19,2,1,24,3
8482821,2024-25,2024-12-02,2,1,21,3
8482821,2024-25,2024-12-07,2,0,24,3
8482821,2024-25,2024-12-09,2,1,30,1
8482821,2024-25,2024-12-12,2,1,19,5
8482821,2024-25,2024-12-15,2,1,33,3
8482821,2024-25,2024-12-17,2,1,22,2
8482821,2024-25,2024-12-19,2,1,27,1
8482821,2024-25,2024-12-23,2,1,26,3
8482821,2024-25,2024-12-27,2,0,24,2
8482821,2024-25,2024-12-29,2,1,35,5
8482821,2024-25,2025-01-03,2,1,40,2
8482821,2024-25,2025-01-05,2,1,34,6
8482821,2024-25,2025-01-11,2,1,34,4
8482821,2024-25,2025-01-16,2,1,41,2
8482821,2024-25,2025-01-24,2,1,40,4
8482821,2024-25,2025-01-28,2,1,35,1
8482821,2024-25,2025-01-30,2,1,27,3
8482821,2024-25,2025-02-05,2,1,38,4
8482821,2024-25,2025-02-08,2,1,40,5
8482821,2024-25,2025-02-23,2,1,29,4
8482821,2024-25,2025-02-25,2,1,37,2
8482821,2024-25,2025-02-27,2,0,18,2
8482821,2024-25,2025-03-01,2,1,31,3
8482821,2024-25,2025-03-05,2,1,26,4
8482821,2024-25,2025-03-08,2,1,41,3
8482821,2024-25,2025-03-15,2,1,15,6
8482821,2024-25,2025-03-22,2,1,25,4
8482821,2024-25,2025-03-30,2,1,31,5
8482821,2024-25,2025-04-10,2,1,33,2
8482821,2024-25,2025-04-14,2,1,21,3
8482821,2025-26,2025-10-09,2,1,33,4
8482821,2025-26,2025-10-15,2,1,26,3
8482821,2025-26,2025-10-26,2,1,21,2
8482821,2025-26,2025-11-03,2,1,24,3
8482821,2025-26,2025-11-09,2,1,46,1
8482821,2025-26,2025-11-18,2,1,21,2
8482821,2025-26,2025-11-21,2,1,31,9
8482821,2025-26,2025-11-28,2,1,29,4
8482821,2025-26,2025-12-07,2,1,53,7
8482821,2025-26,2025-12-13,2,1,23,3
8482821,2025-26,2025-12-20,2,1,40,6
8482821,2025-26,2025-12-27,2,1,31,3
8482821,2025-26,2025-12-28,2,0,15,3
8482821,2025-26,2026-01-04,2,1,15,2
8482821,2025-26,2026-01-17,2,1,23,5
8482821,2025-26,2026-01-23,2,1,31,1
8482821,2025-26,2026-01-29,2,1,45,6
8482821,2025-26,2026-03-01,2,1,22,0
8482821,2025-26,2026-03-06,2,1,20,4
8482821,2025-26,2026-03-08,2,1,31,4
8482821,2025-26,2026-03-20,2,1,49,4
8482821,2025-26,2026-03-24,2,1,47,3
8482821,2025-26,2026-03-27,2,1,38,6
8482821,2025-26,2026-04-02,2,0,5,1
8482821,2025-26,2026-04-04,2,1,27,2
8482821,2025-26,2026-04-11,2,1,28,5
8482982,2022-23,2023-04-04,2,1,49,3
8482982,2023-24,2023-12-08,2,1,43,2
8482982,2023-24,2023-12-10,2,1,33,3
8482982,2023-24,2024-03-05,2,1,31,5
8482982,2023-24,2024-04-04,2,0,25,1
8482982,2023-24,2024-04-06,2,1,39,2
8482982,2023-24,2024-04-09,2,1,32,4
8482982,2023-24,2024-04-11,2,1,46,4
8482982,2023-24,2024-04-13,2,1,37,6
8482982,2023-24,2024-04-16,2,1,41,3
8482982,2024-25,2024-12-12,2,1,37,2
8482982,2024-25,2024-12-14,2,1,27,4
8482982,2024-25,2024-12-17,2,1,32,4
8482982,2024-25,2024-12-23,2,1,31,4
8482982,2024-25,2025-01-11,2,1,32,1
8482982,2024-25,2025-03-17,2,1,20,2
8482982,2024-25,2025-04-10,2,1,41,2
8482982,2024-25,2025-04-12,2,1,22,0
8482982,2024-25,2025-04-13,2,1,31,1
8482982,2024-25,2025-04-15,2,1,29,0
8482982,2024-25,2025-04-17,2,1,37,1
8482982,2025-26,2025-10-09,2,1,32,2
8482982,2025-26,2025-10-13,2,1,27,2
8482982,2025-26,2025-10-18,2,1,24,2
8482982,2025-26,2025-10-24,2,1,30,5
8482982,2025-26,2025-10-28,2,1,38,3
8482982,2025-26,2025-11-01,2,1,39,2
8482982,2025-26,2025-11-05,2,1,25,4
8482982,2025-26,2025-11-10,2,1,24,5
8482982,2025-26,2025-11-11,2,1,23,1
8482982,2025-26,2025-11-13,2,1,29,4
8482982,2025-26,2025-11-15,2,1,33,1
8482982,2025-26,2025-11-17,2,1,32,3
8482982,2025-26,2025-11-20,2,1,29,2
8482982,2025-26,2025-11-22,2,1,33,4
8482982,2025-26,2025-11-26,2,1,24,2
8482982,2025-26,2025-11-28,2,1,24,4
8482982,2025-26,2025-12-07,2,1,37,1
8482982,2025-26,2025-12-09,2,1,31,3
8482982,2025-26,2025-12-11,2,0,23,2
8482982,2025-26,2025-12-13,2,1,26,3
8482982,2025-26,2025-12-16,2,1,27,3
8482982,2025-26,2025-12-18,2,1,26,3
8482982,2025-26,2025-12-22,2,1,24,1
8482982,2025-26,2025-12-28,2,1,26,2
8482982,2025-26,2025-12-29,2,1,28,1
8482982,2025-26,2025-12-31,2,1,33,3
8482982,2025-26,2026-01-03,2,1,33,1
8482982,2025-26,2026-01-04,2,1,43,5
8482982,2025-26,2026-01-06,2,1,34,3
8482982,2025-26,2026-01-08,2,1,26,5
8482982,2025-26,2026-01-11,2,1,27,2
8482982,2025-26,2026-01-13,2,1,32,3
8482982,2025-26,2026-01-20,2,0,13,1
8482982,2025-26,2026-01-22,2,1,28,0
8482982,2025-26,2026-01-24,2,1,30,5
8482982,2025-26,2026-01-31,2,1,33,3
8482982,2025-26,2026-02-04,2,1,21,0
8482982,2025-26,2026-02-28,2,1,27,4
8482982,2025-26,2026-03-03,2,1,23,2
8482982,2025-26,2026-03-05,2,1,28,2
8482982,2025-26,2026-03-09,2,1,31,5
8482982,2025-26,2026-03-14,2,1,19,1
8482982,2025-26,2026-03-17,2,1,29,1
8482982,2025-26,2026-03-19,2,1,25,3
8482982,2025-26,2026-03-22,2,1,22,1
8482982,2025-26,2026-03-24,2,1,26,2
8482982,2025-26,2026-03-26,2,1,20,2
8482982,2025-26,2026-03-29,2,1,39,3
8482982,2025-26,2026-03-31,2,1,32,4
8482982,2025-26,2026-04-04,2,1,26,2
8482982,2025-26,2026-04-07,2,1,37,3
8482982,2025-26,2026-04-09,2,1,23,4
8482982,2025-26,2026-04-11,2,1,22,2
8482982,2025-26,2026-04-12,2,1,22,3
8482982,2025-26,2026-04-14,2,1,21,2
8483530,2022-23,2023-01-21,2,1,32,3
8483530,2022-23,2023-01-26,2,1,35,1
8483530,2022-23,2023-02-10,2,1,26,3
8483530,2022-23,2023-02-14,2,1,31,4
8483530,2022-23,2023-02-19,2,1,35,3
8483530,2022-23,2023-02-22,2,1,32,3
8483530,2024-25,2024-11-30,2,1,29,0
8483530,2024-25,2024-12-08,2,1,24,2
8483530,2024-25,2024-12-22,2,1,30,4
8483530,2024-25,2024-12-31,2,1,37,3
8483530,2024-25,2025-03-18,2,0,28,4
8483530,2024-25,2025-03-27,2,0,10,4
8483532,2024-25,2025-04-17,2,1,38,5
8483548,2025-26,2025-10-14,2,1,17,1
8483548,2025-26,2025-10-18,2,1,28,3
8483548,2025-26,2025-10-25,2,1,34,3
8483548,2025-26,2025-10-30,2,1,28,2
8483548,2025-26,2025-11-09,2,1,20,4
8483548,2025-26,2025-11-21,2,1,28,3
8483548,2025-26,2025-11-28,2,1,13,1
8483548,2025-26,2025-11-30,2,1,16,0
8483548,2025-26,2025-12-06,2,1,22,3
8483548,2025-26,2025-12-09,2,1,24,1
8483548,2025-26,2025-12-11,2,1,25,2
8483548,2025-26,2025-12-14,2,1,26,2
8483548,2025-26,2025-12-19,2,1,41,3
8483548,2025-26,2025-12-27,2,1,20,2
8483548,2025-26,2025-12-29,2,1,20,2
8483548,2025-26,2026-01-01,2,1,22,6
8483548,2025-26,2026-01-04,2,1,29,1
8483548,2025-26,2026-01-06,2,1,23,3
8483548,2025-26,2026-01-10,2,1,12,2
8483548,2025-26,2026-01-13,2,1,31,3
8483548,2025-26,2026-01-16,2,1,16,1
8483548,2025-26,2026-01-19,2,1,18,1
8483548,2025-26,2026-01-24,2,1,37,1
8483548,2025-26,2026-01-29,2,1,25,4
8483548,2025-26,2026-02-01,2,1,13,2
8483548,2025-26,2026-02-03,2,1,27,3
8483548,2025-26,2026-02-05,2,1,16,0
8483548,2025-26,2026-02-26,2,1,28,4
8483548,2025-26,2026-03-04,2,1,22,4
8483548,2025-26,2026-03-07,2,1,25,5
8483548,2025-26,2026-03-12,2,1,16,2
8483548,2025-26,2026-03-17,2,1,30,5
8483548,2025-26,2026-03-20,2,1,26,3
8483548,2025-26,2026-03-28,2,1,19,2
8483548,2025-26,2026-03-31,2,1,25,2
8483548,2025-26,2026-04-04,2,1,16,3
8483548,2025-26,2026-04-07,2,1,21,5
8483548,2025-26,2026-04-13,2,1,23,2
8483548,2025-26,2026-04-14,2,1,30,1
8483548,2025-26,2026-06-06,3,0,19,1
8483548,2025-26,2026-06-09,3,1,21,3
8483548,2025-26,2026-06-11,3,1,25,2
8483548,2025-26,2026-06-14,3,1,22,0
8483668,2024-25,2025-02-25,2,0,6,2
8483668,2025-26,2026-04-11,2,1,27,1
8483668,2025-26,2026-04-13,2,1,29,4
8483668,2025-26,2026-04-15,2,1,26,4
8483710,2024-25,2024-10-10,2,1,23,2
8483710,2024-25,2024-10-22,2,1,38,6
8483710,2024-25,2024-12-15,2,1,27,3
8483710,2024-25,2025-01-05,2,1,32,2
8483710,2024-25,2025-01-11,2,1,18,3
8483710,2024-25,2025-01-22,2,1,18,4
8483710,2025-26,2025-11-08,2,0,20,1
8483710,2025-26,2025-11-09,2,1,47,5
8483710,2025-26,2025-11-11,2,0,21,2
8483710,2025-26,2025-11-13,2,1,37,4
8483710,2025-26,2025-11-22,2,0,3,0
8483710,2025-26,2025-11-29,2,1,35,2
8483710,2025-26,2025-12-04,2,0,9,0
8483710,2025-26,2025-12-06,2,1,34,1
8483710,2025-26,2025-12-08,2,1,29,0
8483710,2025-26,2025-12-11,2,1,32,3
8483710,2025-26,2025-12-13,2,1,32,6
8483710,2025-26,2025-12-18,2,1,29,4
8483710,2025-26,2025-12-21,2,1,21,4
8483710,2025-26,2025-12-28,2,1,36,3
8483710,2025-26,2026-01-01,2,0,23,1
8483710,2025-26,2026-01-08,2,1,23,1
8483710,2025-26,2026-01-13,2,1,41,6
8483710,2025-26,2026-01-17,2,1,30,3
8483710,2025-26,2026-01-19,2,0,9,0
8483710,2025-26,2026-04-15,2,1,37,2
8484170,2025-26,2025-12-11,2,1,38,2
8484170,2025-26,2025-12-13,2,1,29,5
8484170,2025-26,2025-12-16,2,1,20,3
8484170,2025-26,2025-12-20,2,1,31,0
8484170,2025-26,2025-12-23,2,1,28,2
8484170,2025-26,2025-12-28,2,1,21,4
8484170,2025-26,2026-01-03,2,1,19,2
8484170,2025-26,2026-01-07,2,1,29,1
8484170,2025-26,2026-01-10,2,1,23,3
8484170,2025-26,2026-01-15,2,1,26,4
8484170,2025-26,2026-03-11,2,1,34,2
8484170,2025-26,2026-03-15,2,1,28,4
8484170,2025-26,2026-03-21,2,1,22,3
8484170,2025-26,2026-03-28,2,1,24,1
8484170,2025-26,2026-04-02,2,1,24,2
8484170,2025-26,2026-04-05,2,1,19,2
8484170,2025-26,2026-04-12,2,1,33,1
8484170,2025-26,2026-05-16,3,0,2,1
8484268,2024-25,2025-04-14,2,1,16,1
8484268,2024-25,2025-04-16,2,0,10,2
8484268,2025-26,2025-11-26,2,1,41,4
8484268,2025-26,2025-11-28,2,1,24,3
8484268,2025-26,2025-12-06,2,1,30,2
8484268,2025-26,2025-12-08,2,0,6,0
8484268,2025-26,2026-01-12,2,1,41,6
8484268,2025-26,2026-01-17,2,1,35,6
8484268,2025-26,2026-01-27,2,0,27,2
8484268,2025-26,2026-01-29,2,1,32,0
8484268,2025-26,2026-01-31,2,1,41,2
8484268,2025-26,2026-02-25,2,1,28,3
8484268,2025-26,2026-03-02,2,1,37,6
8484268,2025-26,2026-03-04,2,0,10,1
8484268,2025-26,2026-03-06,2,1,23,3
8484268,2025-26,2026-03-12,2,1,19,3
8484268,2025-26,2026-03-14,2,1,33,5
8484268,2025-26,2026-03-28,2,1,11,4
8484268,2025-26,2026-04-02,2,1,38,4
8484268,2025-26,2026-04-04,2,1,24,6
8484268,2025-26,2026-04-07,2,1,29,2
8484268,2025-26,2026-04-09,2,1,26,4
8484268,2025-26,2026-04-12,2,1,27,3
8484312,2023-24,2024-04-15,2,0,16,1
8484312,2023-24,2024-04-18,2,0,14,0
8484312,2024-25,2025-03-15,2,0,11,2
8484312,2024-25,2025-03-20,2,1,29,3
8484312,2024-25,2025-03-30,2,1,36,8
8484312,2024-25,2025-04-03,2,1,38,3
8484312,2024-25,2025-04-05,2,0,11,1
8484312,2024-25,2025-04-07,2,1,32,3
8484312,2024-25,2025-04-11,2,1,33,3
8484312,2024-25,2025-04-13,2,1,29,4
